# Blender 5.2.0 LTS
# www.blender.org
mtllib tendouaris_sword_of_light.mtl
o 光之剑_UV展开_V2_mesh
v 0.016000 0.539575 0.429708
v 0.015995 0.539215 0.424260
v 0.011878 0.541435 0.426973
v 0.076428 0.609527 0.414448
v 0.076428 0.586148 0.404661
v 0.126748 0.584507 0.431238
v 0.076428 0.312927 0.404661
v 0.076428 0.289548 0.414448
v 0.126748 0.314568 0.431238
v -0.015995 0.539215 0.424260
v -0.016000 0.539575 0.429708
v -0.011878 0.541435 0.426973
v -0.076428 0.586148 0.404661
v -0.076428 0.609527 0.414448
v -0.126747 0.584507 0.431238
v -0.076428 0.289548 0.414448
v -0.076428 0.312927 0.404661
v -0.126747 0.314568 0.431238
v 0.063210 0.452366 0.862116
v 0.063210 0.523993 0.862116
v 0.063210 0.452366 0.791080
v 0.063210 0.539563 0.834281
v 0.063210 0.539563 0.706487
v 0.010128 0.541916 0.704586
v 0.059684 0.541916 0.704586
v 0.010128 0.541916 0.832242
v 0.059684 0.541916 0.832242
v 0.010128 0.540606 0.837381
v 0.059684 0.540606 0.837381
v 0.010128 0.526926 0.862450
v 0.059684 0.526926 0.862450
v 0.008108 0.523993 0.862116
v 0.008108 0.497370 0.862116
v 0.008108 0.539563 0.834281
v 0.008108 0.497370 0.744199
v 0.008108 0.539563 0.706487
v 0.051290 0.452366 0.791080
v 0.063210 0.452366 0.791080
v 0.042671 0.478563 0.765637
v 0.063210 0.539563 0.706487
v 0.016622 0.497370 0.747563
v 0.059684 0.541916 0.704586
v 0.016619 0.497370 0.864851
v 0.042672 0.478560 0.864851
v 0.051290 0.452366 0.864851
v 0.051290 0.452366 0.791080
v 0.010048 0.497370 0.864851
v 0.008108 0.497370 0.744199
v 0.008108 0.497370 0.862116
v 0.008108 0.539563 0.706487
v 0.010128 0.541916 0.704586
v 0.051290 0.452366 0.791080
v 0.063210 0.452366 0.862116
v 0.051290 0.452366 0.864851
v 0.059684 0.452366 0.864851
v 0.010048 0.497370 0.864851
v 0.010122 0.522881 0.864851
v 0.016619 0.497370 0.864851
v 0.059684 0.522881 0.864851
v 0.042672 0.478560 0.864851
v 0.051290 0.452366 0.864851
v 0.059684 0.452366 0.864851
v -0.063210 0.539563 0.706487
v -0.063210 0.539563 0.834281
v -0.063210 0.452366 0.791080
v -0.063210 0.523993 0.862116
v -0.063210 0.452366 0.862116
v -0.059684 0.541916 0.832242
v -0.059684 0.541916 0.704586
v -0.010128 0.541916 0.832242
v -0.010128 0.541916 0.704586
v -0.059684 0.526926 0.862450
v -0.059684 0.540606 0.837381
v -0.010128 0.526926 0.862450
v -0.010128 0.540606 0.837381
v -0.008108 0.539563 0.706487
v -0.008108 0.497370 0.744199
v -0.008108 0.539563 0.834281
v -0.008108 0.497370 0.862116
v -0.008108 0.523993 0.862116
v -0.051290 0.452366 0.791080
v -0.042671 0.478563 0.765637
v -0.063210 0.452366 0.791080
v -0.063210 0.539563 0.706487
v -0.016622 0.497370 0.747563
v -0.008108 0.497370 0.744199
v -0.010128 0.541916 0.704586
v -0.059684 0.541916 0.704586
v -0.008108 0.539563 0.706487
v -0.008108 0.497370 0.862116
v -0.016618 0.497370 0.864851
v -0.010048 0.497370 0.864851
v -0.042673 0.478560 0.864851
v -0.051290 0.452366 0.864851
v -0.051290 0.452366 0.791080
v -0.063210 0.452366 0.862116
v -0.059684 0.452366 0.864851
v -0.051290 0.452366 0.791080
v -0.051290 0.452366 0.864851
v -0.010048 0.497370 0.864851
v -0.016618 0.497370 0.864851
v -0.010122 0.522881 0.864851
v -0.059684 0.522879 0.864851
v -0.042673 0.478560 0.864851
v -0.051290 0.452366 0.864851
v -0.059684 0.452366 0.864851
v -0.008932 0.513909 0.847279
v -0.008932 0.507458 0.836107
v -0.008932 0.526809 0.847279
v -0.008932 0.526809 0.824936
v -0.008932 0.533258 0.836107
v -0.008932 0.513909 0.824936
v 0.008932 0.513909 0.847279
v 0.008932 0.526809 0.847279
v 0.008932 0.507458 0.836107
v 0.008932 0.526809 0.824936
v 0.008932 0.513909 0.824936
v 0.008932 0.533258 0.836107
v 0.063210 0.539563 0.706487
v 0.063210 0.539563 0.834281
v 0.059684 0.541916 0.704586
v 0.059684 0.541916 0.832242
v 0.059684 0.540606 0.837381
v 0.059684 0.526926 0.862450
v 0.010128 0.540606 0.837381
v 0.010128 0.541916 0.832242
v 0.063210 0.523993 0.862116
v 0.008108 0.539563 0.834281
v 0.010128 0.541916 0.704586
v 0.008108 0.539563 0.706487
v 0.008108 0.523993 0.862116
v 0.010128 0.526926 0.862450
v 0.010122 0.522881 0.864851
v 0.010048 0.497370 0.864851
v 0.008108 0.497370 0.862116
v 0.059684 0.522881 0.864851
v 0.059684 0.452366 0.864851
v 0.063210 0.452366 0.862116
v -0.063210 0.539563 0.706487
v -0.059684 0.541916 0.704586
v -0.063210 0.539563 0.834281
v -0.059684 0.541916 0.832242
v -0.059684 0.540606 0.837381
v -0.063210 0.523993 0.862116
v -0.010128 0.541916 0.832242
v -0.010128 0.540606 0.837381
v -0.059684 0.526926 0.862450
v -0.008108 0.539563 0.834281
v -0.010128 0.541916 0.704586
v -0.008108 0.539563 0.706487
v -0.010128 0.526926 0.862450
v -0.008108 0.523993 0.862116
v -0.059684 0.522879 0.864851
v -0.059684 0.452366 0.864851
v -0.063210 0.452366 0.862116
v -0.010122 0.522881 0.864851
v -0.010048 0.497370 0.864851
v -0.008108 0.497370 0.862116
v -0.091297 0.611923 -0.015993
v -0.028169 0.611923 -0.015993
v -0.091297 0.611923 0.383653
v -0.027740 0.611923 0.383653
v 0.091296 0.611923 -0.015993
v 0.091296 0.611923 0.383653
v 0.028166 0.611923 -0.015993
v 0.027737 0.611923 0.383653
v 0.024253 0.610138 -0.016842
v 0.023884 0.610177 0.384606
v 0.017912 0.596393 -0.023382
v 0.017850 0.596353 0.392144
v 0.013997 0.594607 -0.024232
v 0.013997 0.594607 0.393096
v -0.013999 0.594607 0.393096
v -0.013999 0.594607 -0.024232
v -0.017913 0.596393 -0.023382
v -0.017852 0.596353 0.392144
v -0.023886 0.610177 0.384606
v -0.024254 0.610138 -0.016842
v -0.097269 0.606187 0.144111
v -0.109929 0.594374 0.144134
v -0.097269 0.606187 0.010145
v -0.109928 0.594374 0.010120
v 0.097268 0.606187 0.144111
v 0.097268 0.606187 0.010145
v 0.109928 0.594374 0.144134
v 0.109928 0.594374 0.010120
v -0.028710 0.609462 -0.020082
v -0.093584 0.609462 -0.019700
v -0.021516 0.594929 -0.026808
v -0.120552 0.585568 -0.031152
v -0.015389 0.592131 -0.028134
v 0.015386 0.592131 -0.028134
v 0.120551 0.585568 -0.031152
v 0.021513 0.594929 -0.026808
v 0.028708 0.609462 -0.020082
v 0.093582 0.609462 -0.019700
v -0.123642 0.585568 0.398583
v -0.120552 0.585568 0.400636
v -0.123642 0.585568 -0.029099
v 0.120551 0.585568 -0.031152
v -0.120552 0.585568 -0.031152
v 0.123641 0.585568 0.398583
v 0.120551 0.585568 0.400636
v 0.123641 0.585568 -0.029099
v -0.097269 0.606187 0.010145
v -0.098391 0.608318 0.008019
v -0.097269 0.606187 0.144111
v -0.098391 0.608318 0.146237
v -0.097269 0.606187 0.144111
v -0.098391 0.608318 0.146237
v -0.109929 0.594374 0.144134
v -0.116234 0.592243 0.146269
v -0.109929 0.594374 0.144134
v -0.116234 0.592243 0.146269
v -0.109928 0.594374 0.010120
v -0.116234 0.592243 0.007986
v -0.109928 0.594374 0.010120
v -0.116234 0.592243 0.007986
v -0.097269 0.606187 0.010145
v -0.098391 0.608318 0.008019
v 0.097268 0.606187 0.144111
v 0.098389 0.608318 0.146237
v 0.097268 0.606187 0.010145
v 0.098389 0.608318 0.008019
v 0.097268 0.606187 0.010145
v 0.098389 0.608318 0.008019
v 0.109928 0.594374 0.010120
v 0.116233 0.592243 0.007986
v 0.109928 0.594374 0.010120
v 0.116233 0.592243 0.007986
v 0.109928 0.594374 0.144134
v 0.116233 0.592243 0.146269
v 0.109928 0.594374 0.144134
v 0.116233 0.592243 0.146269
v 0.097268 0.606187 0.144111
v 0.098389 0.608318 0.146237
v -0.123642 0.585568 -0.029099
v -0.120552 0.585568 -0.031152
v -0.096222 0.610271 -0.017313
v -0.093584 0.609462 -0.019700
v -0.091297 0.611923 -0.015993
v -0.096222 0.610271 0.385045
v -0.028710 0.609462 -0.020082
v -0.091297 0.611923 0.383653
v -0.028169 0.611923 -0.015993
v -0.093539 0.609527 0.387481
v -0.027740 0.611923 0.383653
v -0.120552 0.585568 0.400636
v -0.123642 0.585568 0.398583
v -0.028340 0.609527 0.387891
v -0.024254 0.610138 -0.016842
v -0.021516 0.594929 -0.026808
v -0.017913 0.596393 -0.023382
v -0.015389 0.592131 -0.028134
v -0.013999 0.594607 -0.024232
v 0.015386 0.592131 -0.028134
v 0.013997 0.594607 -0.024232
v 0.021513 0.594929 -0.026808
v 0.017912 0.596393 -0.023382
v -0.023886 0.610177 0.384606
v -0.017852 0.596353 0.392144
v -0.021497 0.594959 0.395632
v -0.013999 0.594607 0.393096
v -0.015412 0.592200 0.397132
v 0.013997 0.594607 0.393096
v 0.015410 0.592200 0.397132
v 0.017850 0.596353 0.392144
v 0.021495 0.594959 0.395632
v 0.028708 0.609462 -0.020082
v 0.023884 0.610177 0.384606
v 0.024253 0.610138 -0.016842
v 0.028338 0.609527 0.387891
v 0.028166 0.611923 -0.015993
v 0.093582 0.609462 -0.019700
v 0.027737 0.611923 0.383653
v 0.091296 0.611923 0.383653
v 0.091296 0.611923 -0.015993
v 0.093538 0.609527 0.387481
v 0.096220 0.610271 -0.017313
v 0.120551 0.585568 -0.031152
v 0.123641 0.585568 -0.029099
v 0.096220 0.610271 0.385045
v 0.120551 0.585568 0.400636
v 0.123641 0.585568 0.398583
v -0.093539 0.609527 0.387481
v -0.028340 0.609527 0.387891
v -0.120552 0.585568 0.400636
v -0.021497 0.594959 0.395632
v -0.015412 0.592200 0.397132
v 0.120551 0.585568 0.400636
v 0.015410 0.592200 0.397132
v 0.021495 0.594959 0.395632
v 0.093538 0.609527 0.387481
v 0.028338 0.609527 0.387891
v 0.060827 0.538928 0.605404
v 0.060827 0.590371 0.605404
v 0.060827 0.538928 0.432295
v 0.060827 0.641163 0.508875
v 0.060827 0.647999 0.418157
v 0.060827 0.621131 0.388928
v -0.060827 0.621131 0.388928
v -0.060827 0.647999 0.418157
v -0.060827 0.538928 0.432295
v -0.060827 0.641163 0.508875
v -0.060827 0.590371 0.605404
v -0.060827 0.538928 0.605404
v 0.056771 0.644055 0.506918
v -0.056771 0.644055 0.506918
v 0.056771 0.650610 0.419908
v -0.056771 0.650610 0.419908
v 0.056771 0.619299 0.386804
v -0.056771 0.619299 0.386804
v 0.056771 0.538928 0.429559
v -0.056771 0.538928 0.429559
v 0.056771 0.648964 0.415165
v -0.056771 0.648964 0.415165
v 0.056771 0.623565 0.387532
v -0.056771 0.623565 0.387532
v 0.030695 0.538928 0.608139
v 0.056771 0.538928 0.608139
v 0.060827 0.538928 0.605404
v 0.030918 0.538928 0.555348
v 0.060184 0.538928 0.432261
v 0.060827 0.538928 0.432295
v 0.056771 0.538928 0.429559
v -0.030918 0.538928 0.555348
v -0.060184 0.538928 0.432261
v -0.056771 0.538928 0.429559
v -0.060827 0.538928 0.432295
v -0.030695 0.538928 0.608139
v -0.056771 0.538928 0.608139
v -0.060827 0.538928 0.605404
v -0.030695 0.538928 0.608139
v -0.056771 0.538928 0.608139
v -0.030695 0.589287 0.608139
v -0.056771 0.589287 0.608139
v -0.030695 0.593298 0.605718
v -0.056771 0.593298 0.605718
v -0.030695 0.619801 0.555348
v -0.056771 0.642575 0.512068
v 0.030695 0.619801 0.555348
v 0.056771 0.642575 0.512068
v 0.030695 0.593298 0.605718
v 0.056771 0.593298 0.605718
v 0.030695 0.589287 0.608139
v 0.056771 0.589287 0.608139
v 0.030695 0.538928 0.608139
v 0.056771 0.538928 0.608139
v 0.030695 0.538928 0.608139
v 0.030918 0.538928 0.555348
v 0.030695 0.589287 0.608139
v 0.030695 0.619801 0.555348
v 0.030695 0.593298 0.605718
v 0.030918 0.538928 0.555348
v -0.030918 0.538928 0.555348
v 0.030695 0.619801 0.555348
v -0.030695 0.619801 0.555348
v -0.030695 0.619801 0.555348
v -0.030918 0.538928 0.555348
v -0.030695 0.593298 0.605718
v -0.030695 0.538928 0.608139
v -0.030695 0.589287 0.608139
v 0.060827 0.538928 0.605404
v 0.056771 0.538928 0.608139
v 0.060827 0.590371 0.605404
v 0.056771 0.589287 0.608139
v 0.056771 0.593298 0.605718
v 0.030695 0.589287 0.608139
v 0.030695 0.593298 0.605718
v 0.060827 0.641163 0.508875
v 0.056771 0.642575 0.512068
v 0.056771 0.644055 0.506918
v -0.056771 0.642575 0.512068
v 0.060827 0.647999 0.418157
v 0.056771 0.650610 0.419908
v -0.056771 0.644055 0.506918
v 0.056771 0.648964 0.415165
v -0.056771 0.650610 0.419908
v 0.060827 0.621131 0.388928
v -0.060827 0.641163 0.508875
v -0.060827 0.590371 0.605404
v -0.060827 0.647999 0.418157
v -0.056771 0.593298 0.605718
v -0.056771 0.648964 0.415165
v -0.056771 0.623565 0.387532
v 0.056771 0.623565 0.387532
v -0.060827 0.621131 0.388928
v -0.056771 0.589287 0.608139
v -0.030695 0.593298 0.605718
v -0.030695 0.589287 0.608139
v -0.056771 0.538928 0.608139
v -0.060827 0.538928 0.605404
v 0.056771 0.619299 0.386804
v 0.056771 0.538928 0.429559
v 0.060827 0.538928 0.432295
v -0.056771 0.619299 0.386804
v -0.056771 0.538928 0.429559
v -0.060827 0.538928 0.432295
v 0.049798 0.546848 0.833799
v 0.053324 0.546848 0.831062
v -0.049798 0.546848 0.833799
v 0.049798 0.546848 0.726596
v 0.053324 0.546848 0.729331
v -0.053324 0.546848 0.729331
v -0.053324 0.546848 0.831062
v -0.049798 0.546848 0.726596
v 0.053324 0.579784 0.729331
v 0.053324 0.546848 0.729331
v 0.053324 0.579784 0.812022
v 0.053324 0.546848 0.831062
v 0.049798 0.580138 0.814965
v 0.049798 0.546848 0.833799
v -0.049798 0.580138 0.814965
v -0.049798 0.546848 0.833799
v -0.053324 0.579784 0.812022
v -0.053324 0.546848 0.831062
v -0.053324 0.579784 0.729331
v -0.053324 0.546848 0.729331
v 0.049809 0.579784 0.726596
v 0.026648 0.579784 0.726596
v 0.049798 0.546848 0.726596
v 0.026648 0.552735 0.726596
v -0.049798 0.546848 0.726596
v -0.026648 0.552735 0.726596
v -0.049809 0.579784 0.726596
v -0.026648 0.579784 0.726596
v 0.026648 0.582520 0.729331
v 0.049798 0.582520 0.729331
v 0.026648 0.582520 0.743714
v 0.049798 0.582520 0.810882
v -0.026648 0.582520 0.743714
v -0.049798 0.582520 0.810882
v -0.026648 0.582520 0.729331
v -0.049798 0.582520 0.729331
v 0.026648 0.552735 0.743714
v 0.026648 0.582520 0.743714
v -0.026648 0.552735 0.743714
v -0.026648 0.582520 0.743714
v 0.026648 0.552735 0.743714
v -0.026648 0.552735 0.743714
v 0.026648 0.552735 0.726596
v -0.026648 0.552735 0.726596
v 0.026648 0.582520 0.743714
v 0.026648 0.552735 0.743714
v 0.026648 0.582520 0.729331
v 0.026648 0.552735 0.726596
v 0.026648 0.579784 0.726596
v -0.026648 0.552735 0.726596
v -0.026648 0.552735 0.743714
v -0.026648 0.579784 0.726596
v -0.026648 0.582520 0.743714
v -0.026648 0.582520 0.729331
v 0.053324 0.546848 0.831062
v 0.049798 0.546848 0.833799
v 0.053324 0.579784 0.812022
v 0.049798 0.580138 0.814965
v 0.049798 0.582520 0.810882
v -0.049798 0.580138 0.814965
v 0.053324 0.579784 0.729331
v -0.049798 0.582520 0.810882
v 0.049798 0.582520 0.729331
v -0.053324 0.579784 0.812022
v -0.049798 0.546848 0.833799
v -0.053324 0.546848 0.831062
v -0.049798 0.582520 0.729331
v -0.053324 0.579784 0.729331
v 0.049809 0.579784 0.726596
v 0.026648 0.582520 0.729331
v 0.026648 0.579784 0.726596
v 0.049798 0.546848 0.726596
v 0.053324 0.546848 0.729331
v -0.049809 0.579784 0.726596
v -0.026648 0.579784 0.726596
v -0.026648 0.582520 0.729331
v -0.049798 0.546848 0.726596
v -0.053324 0.546848 0.729331
v -0.019656 0.508123 0.547678
v -0.063610 0.447626 0.547678
v 0.051462 0.410237 0.547678
v 0.063610 0.447626 0.547678
v 0.066488 0.447626 0.550414
v 0.053789 0.408546 0.550414
v 0.019656 0.387130 0.547678
v 0.020546 0.384394 0.550414
v -0.019656 0.387130 0.547678
v -0.020546 0.384394 0.550414
v -0.051462 0.410237 0.547678
v -0.053789 0.408546 0.550414
v -0.066488 0.447626 0.550414
v -0.051462 0.485015 0.547678
v -0.053789 0.486707 0.550414
v -0.020546 0.510859 0.550414
v 0.019656 0.508123 0.547678
v 0.020546 0.510859 0.550414
v 0.051462 0.485015 0.547678
v 0.053789 0.486707 0.550414
v 0.063610 0.447626 0.547678
v 0.066488 0.447626 0.550414
v -0.066488 0.447626 0.603875
v -0.066488 0.447626 0.550414
v -0.053789 0.486707 0.603875
v -0.053789 0.486707 0.550414
v -0.053789 0.486707 0.603875
v -0.053789 0.486707 0.550414
v -0.020546 0.510859 0.603875
v -0.020546 0.510859 0.550414
v -0.020546 0.510859 0.603875
v -0.020546 0.510859 0.550414
v 0.020546 0.510859 0.603875
v 0.020546 0.510859 0.550414
v 0.020546 0.510859 0.603875
v 0.020546 0.510859 0.550414
v 0.053789 0.486707 0.603875
v 0.053789 0.486707 0.550414
v 0.053789 0.486707 0.603875
v 0.053789 0.486707 0.550414
v 0.066488 0.447626 0.603875
v 0.066488 0.447626 0.550414
v 0.066488 0.447626 0.603875
v 0.066488 0.447626 0.550414
v 0.053789 0.408546 0.603875
v 0.053789 0.408546 0.550414
v 0.053789 0.408546 0.603875
v 0.053789 0.408546 0.550414
v 0.020546 0.384394 0.603875
v 0.020546 0.384394 0.550414
v 0.020546 0.384394 0.603875
v 0.020546 0.384394 0.550414
v -0.020546 0.384394 0.603875
v -0.020546 0.384394 0.550414
v -0.020546 0.384394 0.603875
v -0.020546 0.384394 0.550414
v -0.053789 0.408546 0.603875
v -0.053789 0.408546 0.550414
v -0.053789 0.408546 0.603875
v -0.053789 0.408546 0.550414
v -0.066488 0.447626 0.603875
v -0.066488 0.447626 0.550414
v 0.066488 0.447626 0.603875
v 0.053789 0.408546 0.603875
v 0.063750 0.447626 0.606612
v 0.051575 0.410154 0.606612
v 0.020546 0.384394 0.603875
v 0.042248 0.416931 0.606612
v 0.052221 0.447626 0.606612
v 0.047576 0.447626 0.379554
v 0.038489 0.419661 0.379554
v 0.016137 0.397960 0.606612
v 0.014701 0.402379 0.379554
v 0.019701 0.386996 0.606612
v -0.020546 0.384394 0.603875
v -0.016137 0.397960 0.606612
v -0.014701 0.402379 0.379554
v -0.019701 0.386996 0.606612
v -0.053789 0.408546 0.603875
v -0.042248 0.416931 0.606612
v -0.038489 0.419661 0.379554
v -0.051575 0.410154 0.606612
v -0.066488 0.447626 0.603875
v -0.052221 0.447626 0.606612
v -0.047576 0.447626 0.379554
v -0.063751 0.447626 0.606612
v -0.053789 0.486707 0.603875
v -0.042248 0.478322 0.606612
v -0.038489 0.475590 0.379554
v -0.051575 0.485099 0.606612
v -0.020546 0.510859 0.603875
v -0.016137 0.497292 0.606612
v -0.014701 0.492874 0.379554
v -0.019701 0.508257 0.606612
v 0.020546 0.510859 0.603875
v 0.016137 0.497292 0.606612
v 0.014701 0.492874 0.379554
v 0.019701 0.508257 0.606612
v 0.053789 0.486707 0.603875
v 0.042248 0.478322 0.606612
v 0.038489 0.475590 0.379554
v 0.051575 0.485099 0.606612
v 0.066488 0.447626 0.603875
v 0.063750 0.447626 0.606612
v 0.052221 0.447626 0.606612
v 0.047576 0.447626 0.379554
v -0.066488 0.447626 0.542880
v -0.066486 0.447626 0.503373
v -0.053789 0.486707 0.542880
v -0.053789 0.486707 0.503373
v -0.053789 0.486707 0.542880
v -0.053789 0.486707 0.503373
v -0.020546 0.510859 0.542880
v -0.020546 0.510859 0.503373
v -0.020546 0.510859 0.542880
v -0.020546 0.510859 0.503373
v 0.020546 0.510859 0.542880
v 0.020546 0.510859 0.503373
v 0.020546 0.510859 0.542880
v 0.020546 0.510859 0.503373
v 0.053789 0.486707 0.542880
v 0.053789 0.486707 0.503373
v 0.053789 0.486707 0.542880
v 0.053789 0.486707 0.503373
v 0.066488 0.447626 0.542880
v 0.066488 0.447626 0.503373
v 0.066488 0.447626 0.542880
v 0.066488 0.447626 0.503373
v 0.053789 0.408546 0.542880
v 0.053789 0.408546 0.503373
v 0.053789 0.408546 0.542880
v 0.053789 0.408546 0.503373
v 0.020546 0.384394 0.542880
v 0.020546 0.384394 0.503373
v 0.020546 0.384394 0.542880
v 0.020546 0.384394 0.503373
v -0.020546 0.384394 0.542880
v -0.020546 0.384394 0.503373
v -0.020546 0.384394 0.542880
v -0.020546 0.384394 0.503373
v -0.053789 0.408546 0.542880
v -0.053789 0.408546 0.503373
v -0.053789 0.408546 0.542880
v -0.053789 0.408546 0.503373
v -0.066488 0.447626 0.542880
v -0.066486 0.447626 0.503373
v -0.066486 0.447626 0.495987
v -0.066486 0.447626 0.465706
v -0.053789 0.486707 0.495987
v -0.053789 0.486707 0.465706
v -0.053789 0.486707 0.495987
v -0.053789 0.486707 0.465706
v -0.020546 0.510859 0.495987
v -0.020546 0.510859 0.465706
v -0.020546 0.510859 0.495987
v -0.020546 0.510859 0.465706
v 0.020546 0.510859 0.495987
v 0.020546 0.510859 0.465706
v 0.020546 0.510859 0.495987
v 0.020546 0.510859 0.465706
v 0.053789 0.486707 0.495987
v 0.053789 0.486707 0.465706
v 0.053789 0.486707 0.495987
v 0.053789 0.486707 0.465706
v 0.066488 0.447626 0.495987
v 0.066488 0.447626 0.465706
v 0.066488 0.447626 0.495987
v 0.066488 0.447626 0.465706
v 0.053789 0.408546 0.495987
v 0.053789 0.408546 0.465706
v 0.053789 0.408546 0.495987
v 0.053789 0.408546 0.465706
v 0.020546 0.384394 0.495987
v 0.020546 0.384394 0.465706
v 0.020546 0.384394 0.495987
v 0.020546 0.384394 0.465706
v -0.020546 0.384394 0.495987
v -0.020546 0.384394 0.465706
v -0.020546 0.384394 0.495987
v -0.020546 0.384394 0.465706
v -0.053789 0.408546 0.495987
v -0.053789 0.408546 0.465706
v -0.053789 0.408546 0.495987
v -0.053789 0.408546 0.465706
v -0.066486 0.447626 0.495987
v -0.066486 0.447626 0.465706
v 0.141825 0.474837 0.671435
v 0.141825 0.467442 0.677861
v 0.141825 0.497869 0.685256
v 0.141825 0.495930 0.695196
v 0.141825 0.507083 0.695196
v 0.141825 0.497869 0.679195
v 0.141825 0.507083 0.674103
v 0.141825 0.475564 0.655556
v 0.141825 0.468656 0.661495
v 0.141825 0.475080 0.637978
v 0.141825 0.467442 0.645131
v 0.141825 0.497749 0.651555
v 0.141825 0.507326 0.669012
v 0.141825 0.497749 0.641857
v 0.141825 0.507326 0.632765
v -0.141827 0.474837 0.652202
v -0.141827 0.467442 0.645777
v -0.141827 0.497871 0.638383
v -0.141827 0.495930 0.628443
v -0.141827 0.507083 0.628443
v -0.141827 0.497871 0.644444
v -0.141827 0.507083 0.649535
v -0.141827 0.475565 0.668083
v -0.141827 0.468656 0.662142
v -0.141827 0.475080 0.685659
v -0.141827 0.467442 0.678508
v -0.141827 0.497749 0.672082
v -0.141827 0.507326 0.654626
v -0.141827 0.497749 0.681780
v -0.141827 0.507326 0.690872
v -0.014151 0.350151 0.031596
v -0.014151 0.350151 0.208604
v 0.014149 0.350151 0.031596
v 0.014149 0.350151 0.208604
v -0.014151 0.388740 0.257050
v 0.014149 0.388740 0.257050
v -0.014151 0.388740 0.220255
v -0.014151 0.374629 0.201754
v 0.014149 0.388740 0.220255
v 0.014149 0.374629 0.201754
v -0.014151 0.374629 0.016448
v 0.014149 0.374629 0.016448
v 0.014149 0.324911 0.003676
v -0.014151 0.324911 0.003676
v 0.014149 0.300433 0.020696
v -0.014151 0.300433 0.020696
v -0.014151 0.388740 0.257050
v -0.014151 0.350151 0.208604
v -0.014151 0.388740 0.220255
v -0.014151 0.374629 0.201754
v -0.014151 0.374629 0.016448
v -0.014151 0.350151 0.031596
v -0.014151 0.300433 0.020696
v -0.014151 0.324911 0.003676
v 0.014149 0.388740 0.257050
v 0.014149 0.388740 0.220255
v 0.014149 0.350151 0.208604
v 0.014149 0.374629 0.201754
v 0.014149 0.374629 0.016448
v 0.014149 0.350151 0.031596
v 0.014149 0.324911 0.003676
v 0.014149 0.300433 0.020696
v -0.014151 0.300433 0.020696
v -0.014151 0.350151 0.031596
v 0.014149 0.300433 0.020696
v 0.014149 0.350151 0.031596
v 0.014149 0.324911 0.003676
v 0.014149 0.374629 0.016448
v -0.014151 0.324911 0.003676
v -0.014151 0.374629 0.016448
v -0.065253 0.463933 0.128747
v -0.065253 0.473998 0.134559
v -0.065253 0.463933 0.117126
v -0.065253 0.484063 0.117126
v -0.065253 0.473998 0.111314
v -0.065253 0.484063 0.128747
v -0.007958 0.581643 0.584384
v -0.007958 0.531031 0.659551
v -0.007958 0.575051 0.570554
v -0.007958 0.559759 0.569647
v -0.007958 0.514619 0.660304
v -0.007958 0.509145 0.644816
v 0.007957 0.581643 0.584384
v 0.007957 0.575051 0.570554
v 0.007957 0.531031 0.659551
v 0.007957 0.559759 0.569647
v 0.007957 0.514619 0.660304
v 0.007957 0.509145 0.644816
v 0.007957 0.559759 0.569647
v -0.007958 0.559759 0.569647
v 0.007957 0.509145 0.644816
v -0.007958 0.509145 0.644816
v -0.007958 0.509145 0.644816
v -0.007958 0.514619 0.660304
v 0.007957 0.509145 0.644816
v 0.007957 0.514619 0.660304
v -0.007958 0.531031 0.659551
v 0.007957 0.531031 0.659551
v 0.007957 0.531031 0.659551
v -0.007958 0.531031 0.659551
v 0.007957 0.581643 0.584384
v -0.007958 0.581643 0.584384
v -0.007958 0.581643 0.584384
v -0.007958 0.575051 0.570554
v 0.007957 0.581643 0.584384
v 0.007957 0.575051 0.570554
v -0.007958 0.559759 0.569647
v 0.007957 0.559759 0.569647
v 0.006070 0.535588 0.638661
v 0.006070 0.522623 0.629839
v 0.006070 0.535588 0.735402
v 0.006070 0.509658 0.638654
v 0.006070 0.509658 0.735432
v -0.006070 0.509658 0.735432
v -0.006070 0.509658 0.638654
v -0.006070 0.535588 0.735402
v -0.006070 0.522623 0.629839
v -0.006070 0.535588 0.638661
v 0.006070 0.509658 0.638654
v -0.006070 0.509658 0.638654
v 0.006070 0.509658 0.735432
v -0.006070 0.509658 0.735432
v 0.006070 0.509658 0.735432
v -0.006070 0.509658 0.735432
v 0.006070 0.535588 0.735402
v -0.006070 0.535588 0.735402
v 0.006070 0.535588 0.735402
v -0.006070 0.535588 0.735402
v 0.006070 0.535588 0.638661
v -0.006070 0.535588 0.638661
v 0.006070 0.509658 0.638654
v 0.006070 0.522623 0.629839
v -0.006070 0.509658 0.638654
v -0.006070 0.522623 0.629839
v 0.006070 0.535588 0.638661
v -0.006070 0.535588 0.638661
v -0.022930 0.498780 -0.004472
v -0.022930 0.498780 -0.060810
v -0.022930 0.555099 -0.053841
v -0.022930 0.533768 -0.060810
v -0.020194 0.557157 -0.055644
v -0.020194 0.531489 -0.063546
v -0.020194 0.498780 -0.063546
v 0.020193 0.498780 -0.063546
v -0.020194 0.536812 -0.062655
v 0.020193 0.531489 -0.063546
v 0.020193 0.536812 -0.062655
v 0.020193 0.557157 -0.055644
v 0.022929 0.555099 -0.053841
v 0.022929 0.533768 -0.060810
v 0.022929 0.498780 -0.060810
v 0.022929 0.498780 -0.004472
v -0.020194 0.498780 -0.063546
v -0.022930 0.498780 -0.060810
v 0.020193 0.498780 -0.063546
v 0.022929 0.498780 -0.004472
v 0.022929 0.498780 -0.060810
v -0.022930 0.498780 -0.004472
v 0.022929 0.498780 -0.004472
v -0.022930 0.498780 -0.004472
v 0.022929 0.555099 -0.053841
v -0.020194 0.557157 -0.055644
v 0.020193 0.557157 -0.055644
v -0.022930 0.555099 -0.053841
v -0.214309 0.568768 -0.290933
v -0.222080 0.568768 -0.280623
v -0.132430 0.568768 -0.290933
v -0.214309 0.568768 -0.270311
v -0.132430 0.568768 -0.270311
v -0.132430 0.581388 -0.288366
v -0.132430 0.580019 -0.290933
v -0.132430 0.581388 -0.272877
v -0.132430 0.568768 -0.290933
v -0.132430 0.568768 -0.270311
v -0.132430 0.580019 -0.270311
v -0.132430 0.568768 -0.290933
v -0.132430 0.580019 -0.290933
v -0.214309 0.568768 -0.290933
v -0.214309 0.580019 -0.290933
v -0.213875 0.581388 -0.288366
v -0.132430 0.581388 -0.288366
v -0.222080 0.580019 -0.280623
v -0.222080 0.568768 -0.280623
v -0.219712 0.581388 -0.280623
v -0.213875 0.581388 -0.272877
v -0.132430 0.581388 -0.272877
v -0.214309 0.580019 -0.270311
v -0.214309 0.568768 -0.270311
v -0.132430 0.580019 -0.270311
v -0.132430 0.568768 -0.270311
v -0.208933 0.478735 -0.289358
v -0.217668 0.478735 -0.280623
v -0.200198 0.478735 -0.280623
v -0.208933 0.478735 -0.271888
v -0.208933 0.569206 -0.289358
v -0.200198 0.569206 -0.280623
v -0.217668 0.569206 -0.280623
v -0.208933 0.569206 -0.271888
v -0.214309 0.466577 -0.290933
v -0.222080 0.466577 -0.280623
v -0.132430 0.466577 -0.290933
v -0.214309 0.466577 -0.270311
v -0.132430 0.466577 -0.270311
v -0.132430 0.479197 -0.270311
v -0.214309 0.479197 -0.270311
v -0.132430 0.479197 -0.290933
v -0.222080 0.479197 -0.280623
v -0.214309 0.479197 -0.290933
v -0.132430 0.479197 -0.290933
v -0.132430 0.466577 -0.290933
v -0.132430 0.479197 -0.270311
v -0.132430 0.466577 -0.270311
v -0.132430 0.479197 -0.270311
v -0.132430 0.466577 -0.270311
v -0.214309 0.479197 -0.270311
v -0.214309 0.466577 -0.270311
v -0.214309 0.466577 -0.270311
v -0.222080 0.466577 -0.280623
v -0.214309 0.479197 -0.270311
v -0.222080 0.479197 -0.280623
v -0.214309 0.466577 -0.290933
v -0.214309 0.479197 -0.290933
v -0.214309 0.479197 -0.290933
v -0.214309 0.466577 -0.290933
v -0.132430 0.479197 -0.290933
v -0.132430 0.466577 -0.290933
v -0.131660 0.558837 -0.143850
v -0.189803 0.558837 -0.143850
v -0.131660 0.575057 -0.143850
v -0.189803 0.575057 -0.143850
v -0.131660 0.577109 -0.145903
v -0.191854 0.575057 -0.145903
v -0.191854 0.558837 -0.145903
v -0.189803 0.577109 -0.145903
v -0.131660 0.577109 -0.158518
v -0.191854 0.575057 -0.158944
v -0.191854 0.558837 -0.149921
v -0.191854 0.558837 -0.162818
v -0.189803 0.577109 -0.158518
v -0.131660 0.575112 -0.161040
v -0.189803 0.575112 -0.161040
v -0.189803 0.558837 -0.164869
v -0.174015 0.558837 -0.164869
v -0.131660 0.558837 -0.164869
v -0.131660 0.558837 -0.164869
v -0.174015 0.558837 -0.164869
v -0.131660 0.558837 -0.149921
v -0.174015 0.558837 -0.149921
v -0.131660 0.558837 -0.143850
v -0.189803 0.558837 -0.143850
v -0.191854 0.558837 -0.149921
v -0.191854 0.558837 -0.145903
v -0.177137 0.567544 -0.152924
v -0.177137 0.567544 -0.165211
v -0.188362 0.567544 -0.152924
v -0.188362 0.567544 -0.165211
v -0.188362 0.579004 -0.162445
v -0.177137 0.579004 -0.162445
v -0.188362 0.579004 -0.152924
v -0.177137 0.579004 -0.152924
v -0.177137 0.579004 -0.162445
v -0.177137 0.567544 -0.165211
v -0.177137 0.579004 -0.152924
v -0.177137 0.567544 -0.152924
v -0.177137 0.579004 -0.152924
v -0.177137 0.567544 -0.152924
v -0.188362 0.579004 -0.152924
v -0.188362 0.567544 -0.152924
v -0.188362 0.579004 -0.152924
v -0.188362 0.567544 -0.152924
v -0.188362 0.579004 -0.162445
v -0.188362 0.567544 -0.165211
v -0.188362 0.579004 -0.162445
v -0.188362 0.567544 -0.165211
v -0.177137 0.579004 -0.162445
v -0.177137 0.567544 -0.165211
v -0.175274 0.493769 -0.150977
v -0.175274 0.558837 -0.150977
v -0.175274 0.493769 -0.163815
v -0.175274 0.558837 -0.163815
v -0.175274 0.493769 -0.163815
v -0.175274 0.558837 -0.163815
v -0.190596 0.493769 -0.163815
v -0.190596 0.558837 -0.163815
v -0.190596 0.493769 -0.163815
v -0.190596 0.558837 -0.163815
v -0.190596 0.493769 -0.150977
v -0.190596 0.558837 -0.150977
v -0.190596 0.493769 -0.150977
v -0.190596 0.558837 -0.150977
v -0.175274 0.493769 -0.150977
v -0.175274 0.558837 -0.150977
v -0.172993 0.488846 -0.148453
v -0.172993 0.488846 -0.166338
v -0.192879 0.488846 -0.148453
v -0.192879 0.488846 -0.166338
v -0.192879 0.500304 -0.166338
v -0.172993 0.500304 -0.166338
v -0.192879 0.500304 -0.148453
v -0.172993 0.500304 -0.148453
v -0.172993 0.500304 -0.166338
v -0.172993 0.488846 -0.166338
v -0.172993 0.500304 -0.148453
v -0.172993 0.488846 -0.148453
v -0.172993 0.500304 -0.148453
v -0.172993 0.488846 -0.148453
v -0.192879 0.500304 -0.148453
v -0.192879 0.488846 -0.148453
v -0.192879 0.500304 -0.148453
v -0.192879 0.488846 -0.148453
v -0.192879 0.500304 -0.166338
v -0.192879 0.488846 -0.166338
v -0.192879 0.500304 -0.166338
v -0.192879 0.488846 -0.166338
v -0.172993 0.500304 -0.166338
v -0.172993 0.488846 -0.166338
v 0.133850 0.560917 -0.239715
v 0.133850 0.544456 -0.234367
v 0.133850 0.571089 -0.253716
v 0.133850 0.560917 -0.285025
v 0.133850 0.571089 -0.271022
v 0.133850 0.527996 -0.285025
v 0.133850 0.544456 -0.290373
v 0.133850 0.517824 -0.253716
v 0.133850 0.527996 -0.239715
v 0.133850 0.517824 -0.271022
v 0.010402 0.585164 0.574317
v 0.019367 0.585164 0.574317
v 0.005920 0.592767 0.575886
v 0.019367 0.600369 0.577456
v 0.010402 0.600369 0.577456
v 0.023848 0.592767 0.575886
v 0.011702 0.572981 0.644484
v 0.018067 0.572981 0.644484
v 0.008518 0.578380 0.645599
v 0.018067 0.583778 0.646713
v 0.011702 0.583778 0.646713
v 0.021249 0.578380 0.645599
v 0.011702 0.555214 0.730571
v 0.008518 0.560614 0.731684
v 0.018067 0.555214 0.730571
v 0.018067 0.566012 0.732798
v 0.021249 0.560614 0.731684
v 0.011702 0.566012 0.732798
v -0.010402 0.585164 0.574317
v -0.005920 0.592767 0.575886
v -0.019367 0.585164 0.574317
v -0.019367 0.600369 0.577456
v -0.023848 0.592767 0.575886
v -0.010402 0.600369 0.577456
v -0.011702 0.572981 0.644484
v -0.008518 0.578380 0.645599
v -0.018067 0.572981 0.644484
v -0.018067 0.583778 0.646713
v -0.021249 0.578380 0.645599
v -0.011702 0.583778 0.646713
v -0.011702 0.555214 0.730571
v -0.018067 0.555214 0.730571
v -0.008518 0.560614 0.731684
v -0.018067 0.566012 0.732798
v -0.011702 0.566012 0.732798
v -0.021249 0.560614 0.731684
v 0.045021 0.505139 -0.440849
v 0.045021 0.453835 -0.358739
v 0.045021 0.505243 0.007670
v 0.045021 0.453835 0.007670
v -0.045021 0.505139 -0.440849
v -0.045021 0.505243 0.007670
v -0.045021 0.453835 -0.358739
v -0.045021 0.453835 0.007670
v 0.045021 0.505243 0.007670
v -0.045021 0.505243 0.007670
v 0.045021 0.505139 -0.440849
v -0.045021 0.505139 -0.440849
v 0.045021 0.505139 -0.440849
v -0.045021 0.505139 -0.440849
v 0.045021 0.453835 -0.358739
v -0.045021 0.453835 -0.358739
v 0.045021 0.453835 0.007670
v -0.045021 0.453835 0.007670
v 0.045021 0.453835 0.007670
v -0.045021 0.453835 0.007670
v 0.045021 0.505243 0.007670
v -0.045021 0.505243 0.007670
v 0.106525 0.291807 -0.353223
v 0.127007 0.307728 -0.353223
v 0.106525 0.291807 -0.590734
v 0.127007 0.307728 -0.590734
v 0.119521 0.475022 -0.427609
v 0.119521 0.424316 -0.352752
v 0.089415 0.475022 -0.427609
v 0.089415 0.424316 -0.352752
v 0.084262 0.472466 -0.431113
v 0.089415 0.476557 -0.432610
v 0.089415 0.476557 -0.590699
v 0.119521 0.476557 -0.432610
v 0.119521 0.476557 -0.590699
v -0.089416 0.475022 -0.427609
v -0.089416 0.424316 -0.352752
v -0.119521 0.475022 -0.427609
v -0.119521 0.424316 -0.352752
v 0.124894 0.309289 -0.593400
v 0.103739 0.309289 -0.593400
v 0.101165 0.292024 -0.593397
v 0.091212 0.299508 -0.593399
v -0.000000 0.299508 -0.593399
v -0.000000 0.292024 -0.593397
v -0.101166 0.292024 -0.593397
v -0.091214 0.299508 -0.593399
v -0.103741 0.309289 -0.593400
v -0.124896 0.309289 -0.593400
v -0.119521 0.476557 -0.432610
v -0.119521 0.476557 -0.590734
v -0.089416 0.476557 -0.432610
v -0.089416 0.476557 -0.590734
v 0.114946 0.399728 -0.412975
v 0.114946 0.425002 -0.412975
v 0.114946 0.399728 -0.566395
v 0.114946 0.464447 -0.468682
v 0.114946 0.464447 -0.566410
v -0.136674 0.362281 -0.590734
v -0.125114 0.376462 -0.590734
v -0.136674 0.362281 -0.353223
v -0.125114 0.376462 -0.353223
v -0.123642 0.379908 -0.590734
v -0.123642 0.379908 -0.353223
v -0.123642 0.421331 -0.353223
v -0.123642 0.473821 -0.430714
v -0.123642 0.473821 -0.590734
v 0.136672 0.362281 -0.590734
v 0.136672 0.362281 -0.353223
v 0.125112 0.376462 -0.590734
v 0.125112 0.376462 -0.353223
v 0.123641 0.379908 -0.590734
v 0.123641 0.379908 -0.353104
v 0.123641 0.396306 -0.569816
v 0.123641 0.395352 -0.409283
v 0.123641 0.422966 -0.353217
v 0.123641 0.426541 -0.409155
v 0.123641 0.467868 -0.569832
v 0.123641 0.473794 -0.590734
v 0.123641 0.473794 -0.432540
v 0.123641 0.467868 -0.467594
v -0.129380 0.311326 -0.353223
v -0.129380 0.311326 -0.590734
v -0.137783 0.358440 -0.353223
v -0.137783 0.358440 -0.590734
v 0.123641 0.467868 -0.569832
v 0.114946 0.464447 -0.566410
v 0.123641 0.467868 -0.467594
v 0.114946 0.464447 -0.468682
v 0.123641 0.426541 -0.409155
v 0.114946 0.425002 -0.412975
v 0.123641 0.467868 -0.569832
v 0.123641 0.396306 -0.569816
v 0.114946 0.464447 -0.566410
v 0.114946 0.399728 -0.566395
v 0.123641 0.426541 -0.409155
v 0.114946 0.425002 -0.412975
v 0.123641 0.395352 -0.409283
v 0.114946 0.399728 -0.412975
v -0.099728 0.289727 -0.590734
v -0.099728 0.289727 -0.353223
v -0.000000 0.289727 -0.590734
v 0.099726 0.289727 -0.353223
v 0.099726 0.289727 -0.590734
v -0.103741 0.309289 -0.593400
v -0.091214 0.299508 -0.593399
v -0.000000 0.299508 -0.593399
v -0.060547 0.336376 -0.593406
v -0.000000 0.336376 -0.593406
v -0.089416 0.352252 -0.593410
v -0.124896 0.309289 -0.593400
v -0.134024 0.359784 -0.593412
v -0.120090 0.376400 -0.593425
v -0.120090 0.473821 -0.593425
v -0.089416 0.473821 -0.593432
v 0.060546 0.336376 -0.593406
v 0.103739 0.309289 -0.593400
v 0.091212 0.299508 -0.593399
v 0.089415 0.352252 -0.593410
v 0.124894 0.309289 -0.593400
v 0.134023 0.359784 -0.593412
v 0.120089 0.376400 -0.593425
v 0.089415 0.473821 -0.593432
v 0.120089 0.473821 -0.593425
v 0.129379 0.311326 -0.353223
v 0.137781 0.358440 -0.353223
v 0.129379 0.311326 -0.590734
v 0.137781 0.358440 -0.590734
v -0.106526 0.291807 -0.353223
v -0.106526 0.291807 -0.590734
v -0.127009 0.307728 -0.353223
v -0.127009 0.307728 -0.590734
v -0.124896 0.309289 -0.593400
v -0.127009 0.307728 -0.590734
v -0.101166 0.292024 -0.593397
v -0.106526 0.291807 -0.590734
v -0.099728 0.289727 -0.590734
v -0.000000 0.289727 -0.590734
v -0.000000 0.292024 -0.593397
v 0.101165 0.292024 -0.593397
v 0.099726 0.289727 -0.590734
v 0.106525 0.291807 -0.590734
v 0.124894 0.309289 -0.593400
v 0.127007 0.307728 -0.590734
v -0.127009 0.307728 -0.353223
v -0.124896 0.309289 -0.350487
v -0.106526 0.291807 -0.353223
v -0.101166 0.292024 -0.350487
v -0.099728 0.289727 -0.353223
v 0.101165 0.292024 -0.350487
v 0.099726 0.289727 -0.353223
v 0.106525 0.291807 -0.353223
v 0.127007 0.307728 -0.353223
v 0.124894 0.309289 -0.350487
v 0.106525 0.291807 -0.590734
v 0.099726 0.289727 -0.590734
v 0.106525 0.291807 -0.353223
v 0.099726 0.289727 -0.353223
v -0.099728 0.289727 -0.590734
v -0.106526 0.291807 -0.590734
v -0.099728 0.289727 -0.353223
v -0.106526 0.291807 -0.353223
v 0.114946 0.399728 -0.566395
v 0.123641 0.396306 -0.569816
v 0.114946 0.399728 -0.412975
v 0.123641 0.395352 -0.409283
v -0.119587 0.420047 -0.350487
v -0.089416 0.420045 -0.350487
v -0.120630 0.376400 -0.350487
v -0.089416 0.352179 -0.350487
v -0.134024 0.359784 -0.350487
v -0.124896 0.309289 -0.350487
v -0.060547 0.336727 -0.350487
v 0.124894 0.309289 -0.350487
v 0.058652 0.335672 -0.350487
v 0.134023 0.359784 -0.350487
v 0.088030 0.352179 -0.350487
v 0.120628 0.376400 -0.350487
v 0.119585 0.420047 -0.350487
v 0.089415 0.420045 -0.350487
v 0.093117 0.426822 -0.545644
v 0.093117 0.426822 -0.559997
v 0.093117 0.439253 -0.538467
v 0.093117 0.451682 -0.545644
v 0.093117 0.439253 -0.567172
v 0.093117 0.451682 -0.559997
v 0.093117 0.375760 -0.559997
v 0.093117 0.388190 -0.567172
v 0.093117 0.375760 -0.545644
v 0.093117 0.400620 -0.559997
v 0.093117 0.400620 -0.545644
v 0.093117 0.388190 -0.538467
v -0.093119 0.426822 -0.545644
v -0.093119 0.439253 -0.538467
v -0.093119 0.426822 -0.559997
v -0.093119 0.451682 -0.545644
v -0.093119 0.439253 -0.567172
v -0.093119 0.451682 -0.559997
v -0.093119 0.388191 -0.538467
v -0.093119 0.400620 -0.545644
v -0.093119 0.375761 -0.545644
v -0.093119 0.400620 -0.559997
v -0.093119 0.388191 -0.567172
v -0.093119 0.375761 -0.559997
v -0.084263 0.419195 -0.353907
v -0.084263 0.472466 -0.431113
v -0.084263 0.353881 -0.353907
v -0.084263 0.439253 -0.532746
v -0.084263 0.456637 -0.542783
v -0.084263 0.472466 -0.590013
v -0.084263 0.456637 -0.562856
v -0.084263 0.439253 -0.572893
v -0.084263 0.353881 -0.589990
v -0.084263 0.388191 -0.572893
v -0.084263 0.421869 -0.562856
v -0.084263 0.405574 -0.562856
v -0.084263 0.370807 -0.562856
v -0.084263 0.405574 -0.542783
v -0.084263 0.421869 -0.542783
v -0.084263 0.388191 -0.532746
v -0.084263 0.370807 -0.542783
v -0.056825 0.339092 -0.589988
v -0.056825 0.339092 -0.353907
v -0.000000 0.339092 -0.589988
v 0.056823 0.339092 -0.589988
v 0.056823 0.339092 -0.353907
v 0.084262 0.353881 -0.353907
v 0.084262 0.353880 -0.589990
v 0.084262 0.370806 -0.542783
v 0.084262 0.419195 -0.353907
v 0.084262 0.370806 -0.562856
v 0.084262 0.388190 -0.572893
v 0.084262 0.388190 -0.532746
v 0.084262 0.472466 -0.590013
v 0.084262 0.439253 -0.532746
v 0.084262 0.421869 -0.542783
v 0.084262 0.405574 -0.542783
v 0.084262 0.405574 -0.562856
v 0.084262 0.421869 -0.562856
v 0.084262 0.439253 -0.572893
v 0.084262 0.456637 -0.562856
v 0.084262 0.456637 -0.542783
v 0.084262 0.472466 -0.431113
v 0.124894 0.309289 -0.350487
v 0.101165 0.292024 -0.350487
v -0.124896 0.309289 -0.350487
v -0.101166 0.292024 -0.350487
v 0.027958 0.292184 0.024180
v 0.032947 0.292184 0.022129
v -0.028020 0.292184 0.024180
v 0.032947 0.292184 -0.076040
v -0.032949 0.292184 -0.076040
v -0.032949 0.292184 0.021445
v 0.032947 0.292184 -0.093732
v -0.032949 0.292184 -0.093732
v -0.032949 0.292184 -0.129243
v 0.032947 0.292184 -0.129243
v 0.032947 0.292184 -0.146934
v -0.032949 0.292184 -0.146934
v 0.032947 0.292184 -0.200740
v -0.032949 0.292184 -0.200740
v 0.049286 0.415135 -0.349284
v -0.049287 0.415135 -0.349284
v 0.049286 0.306804 -0.349284
v -0.049287 0.306804 -0.349284
v 0.049286 0.505327 -0.481035
v -0.049287 0.505327 -0.481035
v 0.049286 0.415135 -0.349284
v -0.049287 0.415135 -0.349284
v 0.049286 0.505327 -0.481035
v 0.049286 0.580751 -0.507776
v -0.049287 0.505327 -0.481035
v -0.049287 0.580751 -0.507776
v 0.049286 0.306804 -0.240406
v 0.049286 0.306804 -0.349284
v -0.049287 0.306804 -0.240406
v -0.049287 0.306804 -0.349284
v 0.032947 0.292184 -0.200740
v 0.049286 0.306804 -0.240406
v -0.032949 0.292184 -0.200740
v -0.049287 0.306804 -0.240406
v -0.049287 0.580751 -0.507776
v -0.049287 0.608507 -0.453929
v -0.049287 0.505327 -0.481035
v -0.049287 0.571121 -0.416589
v -0.049287 0.526060 -0.374698
v -0.049287 0.571161 -0.374749
v -0.049287 0.415135 -0.349284
v -0.044358 0.571162 -0.372013
v -0.044358 0.528635 -0.372013
v 0.044357 0.528635 -0.372013
v 0.044357 0.571162 -0.372013
v 0.049286 0.526060 -0.374698
v 0.049286 0.571159 -0.374749
v 0.049286 0.571121 -0.416589
v -0.044358 0.525136 -0.370557
v -0.049287 0.444117 -0.292704
v 0.044357 0.525136 -0.370557
v -0.044358 0.446810 -0.291725
v 0.044357 0.446810 -0.291725
v -0.044358 0.443313 -0.290270
v -0.049287 0.404849 -0.293006
v -0.049287 0.380364 -0.323443
v -0.049287 0.306804 -0.349284
v -0.049287 0.339674 -0.323499
v -0.049287 0.306804 -0.240406
v 0.044357 0.443313 -0.290270
v -0.044358 0.405589 -0.290270
v 0.049286 0.444117 -0.292704
v -0.044358 0.402253 -0.291868
v 0.044357 0.405589 -0.290270
v 0.049286 0.415135 -0.349284
v 0.049286 0.404849 -0.293006
v 0.044357 0.402253 -0.291868
v -0.044358 0.379455 -0.320212
v 0.049286 0.505327 -0.481035
v 0.049286 0.580751 -0.507776
v 0.049286 0.608507 -0.453929
v 0.044357 0.379455 -0.320212
v -0.044358 0.376116 -0.321810
v 0.049286 0.380364 -0.323443
v 0.044357 0.376116 -0.321810
v 0.049286 0.339674 -0.323499
v 0.049286 0.306804 -0.349284
v 0.049286 0.339092 -0.240406
v 0.049286 0.306804 -0.240406
v 0.032947 0.292184 -0.200740
v -0.044358 0.343879 -0.321810
v 0.044357 0.343879 -0.321810
v -0.044358 0.341827 -0.319759
v 0.044357 0.341827 -0.319759
v 0.044357 0.341827 -0.242457
v -0.049287 0.339092 -0.240406
v 0.032947 0.323241 -0.200740
v 0.032947 0.292184 -0.146934
v -0.044358 0.341827 -0.242457
v -0.032949 0.323241 -0.200740
v -0.032949 0.292184 -0.200740
v -0.043591 0.341083 -0.238541
v 0.043589 0.341083 -0.238541
v 0.028786 0.326723 -0.202604
v 0.032947 0.323241 -0.146934
v 0.032947 0.292184 -0.129243
v -0.032949 0.323241 -0.146934
v -0.032949 0.292184 -0.146934
v -0.032949 0.311676 -0.129243
v -0.032949 0.292184 -0.129243
v -0.032949 0.292184 -0.093732
v -0.028787 0.326723 -0.202604
v -0.028020 0.325977 -0.198688
v 0.028018 0.325977 -0.198688
v 0.028018 0.325977 -0.148987
v -0.028020 0.325977 -0.148987
v -0.028020 0.324855 -0.145217
v 0.028018 0.324855 -0.145217
v 0.028018 0.315535 -0.130960
v -0.028020 0.315535 -0.130960
v -0.028020 0.314413 -0.127190
v 0.032947 0.311676 -0.129243
v 0.032947 0.311676 -0.093732
v 0.032947 0.292184 -0.093732
v 0.032947 0.292184 -0.076040
v 0.032947 0.323241 -0.076040
v 0.028018 0.324855 -0.077757
v 0.032947 0.292184 0.022129
v 0.028018 0.314413 -0.127190
v -0.032949 0.311676 -0.093732
v 0.028018 0.314413 -0.095784
v -0.028020 0.314413 -0.095784
v -0.032949 0.323241 -0.076040
v -0.032949 0.292184 -0.076040
v -0.028020 0.315535 -0.092013
v 0.028018 0.315535 -0.092013
v -0.032949 0.323241 -0.000884
v -0.032949 0.292184 0.021445
v -0.028020 0.292184 0.024180
v -0.028020 0.324855 -0.077757
v -0.028020 0.325977 -0.073988
v -0.028020 0.324296 0.001717
v -0.028020 0.325977 -0.001513
v 0.027958 0.324789 0.001372
v 0.027958 0.292184 0.024180
v 0.028018 0.325977 -0.001513
v 0.032947 0.323723 0.000057
v 0.028018 0.325977 -0.073988
v 0.030632 0.324527 -0.076040
v 0.070777 0.595789 -0.432652
v 0.070777 0.602288 -0.420738
v 0.070777 0.600304 -0.447604
v 0.070777 0.633808 -0.432385
v 0.062283 0.604253 -0.417136
v 0.070777 0.613684 -0.472891
v 0.070777 0.564771 -0.511725
v 0.062283 0.635667 -0.428695
v -0.062284 0.604253 -0.417136
v 0.062283 0.637693 -0.433788
v -0.062284 0.635668 -0.428695
v 0.062283 0.617513 -0.474406
v -0.070777 0.633808 -0.432385
v -0.070777 0.602288 -0.420738
v -0.062284 0.637693 -0.433788
v -0.062284 0.617513 -0.474406
v 0.062283 0.607075 -0.509107
v 0.070777 0.602918 -0.508679
v -0.070777 0.600304 -0.447604
v -0.070777 0.595789 -0.432652
v -0.070777 0.613684 -0.472891
v -0.070777 0.564771 -0.511725
v 0.070777 0.577915 -0.521684
v 0.062283 0.562782 -0.515314
v -0.070777 0.602918 -0.508679
v -0.062284 0.607075 -0.509107
v 0.070777 0.604361 -0.525277
v 0.062283 0.608412 -0.524485
v 0.062283 0.574631 -0.524342
v 0.070777 0.581765 -0.529839
v 0.062283 0.604745 -0.529386
v -0.062284 0.608412 -0.524485
v -0.070777 0.604361 -0.525277
v -0.070777 0.577915 -0.521684
v -0.062284 0.604745 -0.529386
v 0.062283 0.583449 -0.533685
v -0.062285 0.574631 -0.524342
v -0.062285 0.562782 -0.515314
v -0.062285 0.583449 -0.533685
v 0.062283 0.577674 -0.530787
v -0.070777 0.581765 -0.529839
v -0.062285 0.577675 -0.530787
v 0.062283 0.604253 -0.417136
v 0.070777 0.602288 -0.420738
v -0.062284 0.604253 -0.417136
v -0.070777 0.595789 -0.432652
v -0.070777 0.602288 -0.420738
v 0.070777 0.595789 -0.432652
v 0.070777 0.600304 -0.447604
v -0.070777 0.600304 -0.447604
v 0.070777 0.595789 -0.432652
v -0.070777 0.595789 -0.432652
v -0.070777 0.600304 -0.447604
v 0.070777 0.600304 -0.447604
v -0.070777 0.564771 -0.511725
v 0.062283 0.562782 -0.515314
v -0.062285 0.562782 -0.515314
v 0.070777 0.564771 -0.511725
v -0.060864 0.608507 -0.453929
v -0.060864 0.613782 -0.443698
v -0.060864 0.571121 -0.416589
v -0.060864 0.583174 -0.409709
v -0.055937 0.615035 -0.441265
v -0.060864 0.571161 -0.374749
v -0.055937 0.587376 -0.410390
v -0.049287 0.615035 -0.441265
v 0.049286 0.615034 -0.441265
v -0.060864 0.582815 -0.374749
v -0.055937 0.571162 -0.372013
v 0.055935 0.587376 -0.410390
v 0.055935 0.615034 -0.441265
v 0.060864 0.583174 -0.409709
v 0.060864 0.613782 -0.443698
v -0.055937 0.585551 -0.405618
v 0.060864 0.571121 -0.416589
v 0.060864 0.608507 -0.453929
v 0.060864 0.571159 -0.374749
v 0.055935 0.585551 -0.405618
v -0.055937 0.585551 -0.374749
v -0.055937 0.582815 -0.372013
v 0.055935 0.585551 -0.374749
v 0.060864 0.582815 -0.374749
v 0.055935 0.571162 -0.372013
v 0.055935 0.582815 -0.372013
v -0.060864 0.552449 -0.481740
v -0.060864 0.547456 -0.498603
v -0.060864 0.588393 -0.492951
v -0.060864 0.579922 -0.510114
v 0.060864 0.552448 -0.481740
v 0.060864 0.588393 -0.492951
v 0.060864 0.547456 -0.498603
v 0.060864 0.579922 -0.510114
v -0.060864 0.571121 -0.416589
v 0.060864 0.571121 -0.416589
v -0.060864 0.608507 -0.453929
v 0.060864 0.608507 -0.453929
v 0.055935 0.571162 -0.372013
v 0.060864 0.571159 -0.374749
v -0.055937 0.571162 -0.372013
v 0.060864 0.571121 -0.416589
v -0.060864 0.571121 -0.416589
v -0.060864 0.571161 -0.374749
v -0.060864 0.588393 -0.492951
v 0.060864 0.588393 -0.492951
v -0.060864 0.552449 -0.481740
v 0.060864 0.552448 -0.481740
v -0.060864 0.552449 -0.481740
v 0.060864 0.552448 -0.481740
v -0.060864 0.547456 -0.498603
v 0.060864 0.547456 -0.498603
v -0.060864 0.547456 -0.498603
v 0.060864 0.547456 -0.498603
v -0.060864 0.579922 -0.510114
v 0.060864 0.579922 -0.510114
v -0.000000 0.410626 -0.376281
v 0.014686 0.425313 -0.376281
v -0.014686 0.425313 -0.376281
v -0.000000 0.439999 -0.376281
v -0.000000 0.410626 -0.221915
v -0.014686 0.425313 -0.221915
v 0.014686 0.425313 -0.221915
v -0.000000 0.439999 -0.221915
v -0.000000 0.345883 -0.375324
v 0.015736 0.361619 -0.375324
v -0.015736 0.361619 -0.375324
v -0.000000 0.377356 -0.375324
v -0.000000 0.345883 -0.227204
v -0.015736 0.361619 -0.227204
v 0.015736 0.361619 -0.227204
v -0.000000 0.377356 -0.227204
v 0.076388 0.567299 -0.590716
v 0.076388 0.567299 -0.541095
v 0.008557 0.567299 -0.590716
v 0.008557 0.567299 -0.541095
v 0.004436 0.563870 -0.540390
v 0.008557 0.564942 -0.536970
v 0.008557 0.541749 -0.523303
v 0.078651 0.564942 -0.536970
v 0.114497 0.541749 -0.523303
v 0.008557 0.537853 -0.519652
v 0.119521 0.537853 -0.519652
v 0.004436 0.537931 -0.523474
v 0.004436 0.531528 -0.590709
v 0.004436 0.563870 -0.590150
v 0.004436 0.531528 -0.515218
v 0.008557 0.528792 -0.509751
v 0.008557 0.528792 -0.590025
v 0.008557 0.530716 -0.509158
v 0.059496 0.530719 -0.509157
v 0.089882 0.514622 -0.485480
v 0.089882 0.481947 -0.437498
v 0.119521 0.481947 -0.437103
v 0.088383 0.480145 -0.437934
v 0.084731 0.481955 -0.440987
v 0.084731 0.482298 -0.589978
v 0.118667 0.480145 -0.437934
v 0.123354 0.482288 -0.440423
v 0.089482 0.480145 -0.589850
v 0.088686 0.482922 -0.593445
v 0.118667 0.480145 -0.590132
v 0.123354 0.482288 -0.590569
v 0.123354 0.536657 -0.522754
v 0.123354 0.536651 -0.590711
v 0.119575 0.482922 -0.593445
v 0.088686 0.516386 -0.593445
v 0.120684 0.537482 -0.593445
v 0.058771 0.532085 -0.593445
v 0.078951 0.564766 -0.593445
v 0.008557 0.564575 -0.593445
v 0.008557 0.532085 -0.593445
v -0.008559 0.528792 -0.509751
v -0.008559 0.528792 -0.590025
v -0.053734 0.528792 -0.509751
v -0.053734 0.528792 -0.590025
v -0.058608 0.527849 -0.508365
v -0.059243 0.527514 -0.590025
v -0.082374 0.515282 -0.590022
v -0.083010 0.514946 -0.489396
v -0.084793 0.512843 -0.486319
v -0.084793 0.511951 -0.590019
v -0.084793 0.482298 -0.589969
v -0.084793 0.481955 -0.441292
v -0.083462 0.565390 -0.590716
v -0.083462 0.565390 -0.540192
v -0.120691 0.541298 -0.590712
v -0.120691 0.541302 -0.525997
v 0.084731 0.481955 -0.440987
v 0.084731 0.482298 -0.589978
v 0.084731 0.512847 -0.486315
v 0.084731 0.511951 -0.590019
v 0.082951 0.514946 -0.489397
v 0.082315 0.515283 -0.590022
v 0.058603 0.527849 -0.508364
v 0.059239 0.527511 -0.590025
v 0.053733 0.528792 -0.509751
v 0.053733 0.528792 -0.590025
v 0.008557 0.528792 -0.590025
v 0.008557 0.528792 -0.509751
v 0.120690 0.541302 -0.525997
v 0.083460 0.565390 -0.540192
v 0.120690 0.541296 -0.590712
v 0.083460 0.565390 -0.590716
v -0.123281 0.536651 -0.590711
v -0.123281 0.536657 -0.522757
v -0.123281 0.482288 -0.590536
v -0.123281 0.482288 -0.440782
v -0.118667 0.480145 -0.590134
v -0.118667 0.480145 -0.437934
v -0.119521 0.481947 -0.437466
v -0.089484 0.480145 -0.589853
v -0.119577 0.483093 -0.593445
v -0.088385 0.480145 -0.437934
v -0.088688 0.483093 -0.593445
v -0.120686 0.537482 -0.593445
v -0.084793 0.482298 -0.589969
v -0.088688 0.516386 -0.593445
v -0.084793 0.481955 -0.441292
v -0.089943 0.481947 -0.437812
v -0.089944 0.514620 -0.485484
v -0.058773 0.532085 -0.593445
v -0.078951 0.564766 -0.593445
v -0.008559 0.564575 -0.593445
v -0.008559 0.532085 -0.593445
v -0.119521 0.537853 -0.519652
v -0.059494 0.530721 -0.509156
v -0.008559 0.530716 -0.509158
v -0.008559 0.537853 -0.519652
v -0.008559 0.541749 -0.523303
v -0.114498 0.541749 -0.523303
v -0.078653 0.564942 -0.536970
v -0.008559 0.564942 -0.536970
v -0.004437 0.531528 -0.515218
v -0.008559 0.528792 -0.509751
v -0.008559 0.528792 -0.590025
v -0.004437 0.531528 -0.590709
v -0.004437 0.537931 -0.523474
v -0.004437 0.563870 -0.540390
v -0.004437 0.563870 -0.590150
v -0.008559 0.567299 -0.541095
v -0.076388 0.567299 -0.541095
v -0.008559 0.567299 -0.590716
v -0.076388 0.567299 -0.590716
v -0.123281 0.482288 -0.440782
v -0.123281 0.536657 -0.522757
v -0.119521 0.481947 -0.437466
v -0.119521 0.537853 -0.519652
v -0.114498 0.541749 -0.523303
v -0.120691 0.541302 -0.525997
v -0.123281 0.536651 -0.590711
v -0.083462 0.565390 -0.540192
v -0.120691 0.541298 -0.590712
v -0.078653 0.564942 -0.536970
v -0.120686 0.537482 -0.593445
v -0.123281 0.482288 -0.590536
v -0.119577 0.483093 -0.593445
v -0.118667 0.480145 -0.590134
v -0.078951 0.564766 -0.593445
v -0.083462 0.565390 -0.590716
v -0.076388 0.567299 -0.541095
v -0.076388 0.567299 -0.590716
v -0.008559 0.567299 -0.541095
v -0.008559 0.564575 -0.593445
v -0.008559 0.564942 -0.536970
v -0.008559 0.567299 -0.590716
v -0.004437 0.563870 -0.540390
v -0.004437 0.563870 -0.590150
v -0.004437 0.531528 -0.590709
v -0.008559 0.532085 -0.593445
v -0.008559 0.528792 -0.590025
v -0.004437 0.537931 -0.523474
v -0.008559 0.541749 -0.523303
v -0.008559 0.537853 -0.519652
v -0.004437 0.531528 -0.515218
v -0.008559 0.530716 -0.509158
v -0.058773 0.532085 -0.593445
v -0.053734 0.528792 -0.590025
v -0.059243 0.527514 -0.590025
v -0.082374 0.515282 -0.590022
v -0.088688 0.516386 -0.593445
v -0.084793 0.511951 -0.590019
v -0.084793 0.482298 -0.589969
v -0.088688 0.483093 -0.593445
v -0.008559 0.528792 -0.509751
v -0.059494 0.530721 -0.509156
v -0.053734 0.528792 -0.509751
v -0.058608 0.527849 -0.508365
v -0.089944 0.514620 -0.485484
v -0.083010 0.514946 -0.489396
v -0.084793 0.512843 -0.486319
v -0.084793 0.481955 -0.441292
v -0.089943 0.481947 -0.437812
v 0.123354 0.482288 -0.590569
v 0.123354 0.536651 -0.590711
v 0.119575 0.482922 -0.593445
v 0.120684 0.537482 -0.593445
v 0.120690 0.541296 -0.590712
v 0.123354 0.536657 -0.522754
v 0.083460 0.565390 -0.590716
v 0.120690 0.541302 -0.525997
v 0.078951 0.564766 -0.593445
v 0.076388 0.567299 -0.590716
v 0.083460 0.565390 -0.540192
v 0.008557 0.567299 -0.590716
v 0.076388 0.567299 -0.541095
v 0.008557 0.564575 -0.593445
v 0.078651 0.564942 -0.536970
v 0.008557 0.564942 -0.536970
v 0.008557 0.567299 -0.541095
v 0.114497 0.541749 -0.523303
v 0.119521 0.537853 -0.519652
v 0.123354 0.482288 -0.440423
v 0.119521 0.481947 -0.437103
v 0.004436 0.563870 -0.590150
v 0.004436 0.563870 -0.540390
v 0.004436 0.531528 -0.590709
v 0.008557 0.532085 -0.593445
v 0.008557 0.528792 -0.590025
v 0.058771 0.532085 -0.593445
v 0.053733 0.528792 -0.590025
v 0.059239 0.527511 -0.590025
v 0.088686 0.516386 -0.593445
v 0.082315 0.515283 -0.590022
v 0.084731 0.511951 -0.590019
v 0.084731 0.482298 -0.589978
v 0.088686 0.482922 -0.593445
v 0.008557 0.530716 -0.509158
v 0.059496 0.530719 -0.509157
v 0.008557 0.528792 -0.509751
v 0.053733 0.528792 -0.509751
v 0.058603 0.527849 -0.508364
v 0.082951 0.514946 -0.489397
v 0.089882 0.514622 -0.485480
v 0.084731 0.512847 -0.486315
v 0.084731 0.481955 -0.440987
v 0.089882 0.481947 -0.437498
v -0.041350 0.342545 -0.371954
v -0.041350 0.342545 -0.489096
v -0.041350 0.514881 -0.371954
v -0.041350 0.514881 -0.489096
v 0.041348 0.514881 -0.489096
v 0.041348 0.342545 -0.489096
v 0.041348 0.514881 -0.371954
v 0.041348 0.342545 -0.371954
v 0.041348 0.342545 -0.489096
v -0.041350 0.342545 -0.489096
v 0.041348 0.342545 -0.371954
v -0.041350 0.342545 -0.371954
v 0.041348 0.342545 -0.371954
v -0.041350 0.342545 -0.371954
v 0.041348 0.514881 -0.371954
v -0.041350 0.514881 -0.371954
v 0.041348 0.514881 -0.371954
v -0.041350 0.514881 -0.371954
v 0.041348 0.514881 -0.489096
v -0.041350 0.514881 -0.489096
v 0.041348 0.514881 -0.489096
v -0.041350 0.514881 -0.489096
v 0.041348 0.342545 -0.489096
v -0.041350 0.342545 -0.489096
v 0.107015 0.375484 0.399317
v 0.107015 0.413261 0.399296
v 0.089547 0.423933 0.368593
v 0.089547 0.456810 0.368593
v 0.096711 0.370394 0.526649
v 0.096711 0.370394 0.399300
v 0.096711 0.418351 0.502032
v 0.096711 0.418351 0.399310
v 0.079244 0.418852 0.368592
v 0.079244 0.462824 0.368595
v 0.079244 0.462824 0.150330
v 0.079244 0.418852 0.127402
v 0.079244 0.438346 0.118238
v 0.096711 0.370394 0.526649
v 0.107015 0.375484 0.514472
v 0.096711 0.370394 0.399300
v 0.107015 0.375484 0.399317
v 0.079244 0.418852 0.368592
v 0.089547 0.423933 0.368593
v 0.079244 0.418852 0.127402
v 0.089547 0.423933 0.133506
v 0.107015 0.375484 0.514472
v 0.096711 0.370394 0.526649
v 0.107015 0.413261 0.496532
v 0.096711 0.418351 0.502032
v 0.107015 0.413261 0.496532
v 0.096711 0.418351 0.502032
v 0.107015 0.413261 0.399296
v 0.096711 0.418351 0.399310
v 0.089547 0.456810 0.368593
v 0.079244 0.462824 0.368595
v 0.089547 0.456810 0.150330
v 0.079244 0.462824 0.150330
v 0.089547 0.440210 0.127506
v 0.079244 0.438346 0.118238
v 0.089547 0.440210 0.127506
v 0.079244 0.438346 0.118238
v 0.089547 0.423933 0.133506
v 0.079244 0.418852 0.127402
v 0.089547 0.440210 0.127506
v 0.089547 0.423933 0.133506
v 0.089547 0.456810 0.150330
v 0.089547 0.423933 0.368593
v 0.089547 0.456810 0.368593
v 0.107015 0.413261 0.399296
v 0.107015 0.375484 0.399317
v 0.107015 0.413261 0.496532
v 0.107015 0.375484 0.514472
v 0.065458 0.441746 0.459590
v 0.065458 0.441746 0.403840
v 0.065458 0.501519 0.459590
v 0.065458 0.464213 0.375132
v 0.065458 0.501633 0.375132
v 0.086064 0.501633 0.375132
v 0.086064 0.464213 0.375132
v 0.086064 0.501519 0.459590
v 0.086064 0.441746 0.403840
v 0.086064 0.441746 0.459590
v 0.065458 0.464213 0.375132
v 0.086064 0.464213 0.375132
v 0.065458 0.501633 0.375132
v 0.086064 0.501633 0.375132
v 0.065458 0.501633 0.375132
v 0.086064 0.501633 0.375132
v 0.065458 0.501519 0.459590
v 0.086064 0.501519 0.459590
v 0.086064 0.464213 0.375132
v 0.065458 0.464213 0.375132
v 0.086064 0.441746 0.403840
v 0.065458 0.441746 0.403840
v 0.086064 0.441746 0.459590
v 0.065458 0.441746 0.459590
v 0.065458 0.501519 0.459590
v 0.086064 0.501519 0.459590
v 0.065458 0.441746 0.459590
v 0.086064 0.441746 0.459590
v 0.069731 0.517125 0.301401
v 0.069731 0.517125 0.344886
v 0.069731 0.491711 0.301401
v 0.069731 0.491711 0.345360
v 0.069731 0.491709 0.377255
v 0.069731 0.466291 0.377228
v 0.078181 0.466291 0.377228
v 0.078181 0.491709 0.377255
v 0.078181 0.491710 0.345360
v 0.078181 0.517125 0.344886
v 0.078181 0.491710 0.301401
v 0.078181 0.517125 0.301401
v 0.069731 0.491709 0.377255
v 0.078181 0.491709 0.377255
v 0.069731 0.466291 0.377228
v 0.078181 0.466291 0.377228
v 0.069731 0.466291 0.377228
v 0.078181 0.466291 0.377228
v 0.069731 0.491711 0.345360
v 0.078181 0.491710 0.345360
v 0.069731 0.491711 0.301401
v 0.078181 0.491710 0.301401
v 0.078181 0.491709 0.377255
v 0.069731 0.491709 0.377255
v 0.078181 0.517125 0.344886
v 0.069731 0.517125 0.344886
v 0.078181 0.517125 0.301401
v 0.069731 0.517125 0.301401
v 0.069731 0.491711 0.301401
v 0.078181 0.491710 0.301401
v 0.069731 0.517125 0.301401
v 0.078181 0.517125 0.301401
v 0.068038 0.517830 0.260644
v 0.068038 0.517830 0.282700
v 0.068038 0.514229 0.260644
v 0.068038 0.514004 0.282700
v 0.068038 0.492817 0.274372
v 0.068038 0.514004 0.302278
v 0.068038 0.492817 0.302285
v 0.073810 0.517830 0.260644
v 0.073810 0.514229 0.260644
v 0.073810 0.517830 0.282700
v 0.073810 0.514004 0.282700
v 0.073810 0.492817 0.274372
v 0.073810 0.514004 0.302278
v 0.073810 0.492817 0.302285
v 0.068038 0.514004 0.302278
v 0.073810 0.514004 0.302278
v 0.068038 0.492817 0.302285
v 0.073810 0.492817 0.302285
v 0.068038 0.492817 0.302285
v 0.073810 0.492817 0.302285
v 0.068038 0.492817 0.274372
v 0.073810 0.492817 0.274372
v 0.068038 0.514004 0.282700
v 0.073810 0.514004 0.282700
v 0.068038 0.514004 0.302278
v 0.073810 0.514004 0.302278
v 0.068038 0.492817 0.274372
v 0.073810 0.492817 0.274372
v 0.068038 0.514229 0.260644
v 0.073810 0.514229 0.260644
v 0.068038 0.517830 0.260644
v 0.073810 0.517830 0.260644
v 0.068038 0.517830 0.282700
v 0.073810 0.517830 0.282700
v 0.068038 0.514004 0.282700
v 0.073810 0.514004 0.282700
v 0.068038 0.517830 0.260644
v 0.073810 0.517830 0.260644
v 0.068038 0.517830 0.282700
v 0.073810 0.517830 0.282700
v 0.078831 0.566288 -0.017037
v 0.078831 0.533002 -0.017037
v 0.078831 0.548552 0.036556
v 0.078831 0.524393 0.018230
v 0.078831 0.524393 0.036556
v 0.054720 0.524393 0.036556
v 0.054720 0.524393 0.018230
v 0.054720 0.548552 0.036556
v 0.054720 0.533002 -0.017037
v 0.054720 0.566288 -0.017037
v 0.078831 0.548552 0.036556
v 0.054720 0.548552 0.036556
v 0.078831 0.566288 -0.017037
v 0.054720 0.566288 -0.017037
v 0.078831 0.566288 -0.017037
v 0.054720 0.566288 -0.017037
v 0.078831 0.533002 -0.017037
v 0.054720 0.533002 -0.017037
v 0.078831 0.533002 -0.017037
v 0.054720 0.533002 -0.017037
v 0.078831 0.524393 0.018230
v 0.054720 0.524393 0.018230
v 0.078831 0.524393 0.036556
v 0.054720 0.524393 0.036556
v 0.078831 0.524393 0.036556
v 0.054720 0.524393 0.036556
v 0.078831 0.548552 0.036556
v 0.054720 0.548552 0.036556
v 0.068687 0.488814 0.097828
v 0.068687 0.488814 0.011040
v 0.068687 0.523489 0.066738
v 0.068687 0.523489 0.011149
v 0.075487 0.488814 0.097828
v 0.075487 0.523489 0.066738
v 0.075487 0.488814 0.011040
v 0.075487 0.523489 0.011149
v 0.068687 0.523489 0.066738
v 0.075487 0.523489 0.066738
v 0.068687 0.488814 0.097828
v 0.075487 0.488814 0.097828
v 0.068687 0.488814 0.097828
v 0.075487 0.488814 0.097828
v 0.068687 0.488814 0.011040
v 0.075487 0.488814 0.011040
v 0.068687 0.523489 0.011149
v 0.075487 0.523489 0.011149
v 0.068687 0.523489 0.066738
v 0.075487 0.523489 0.066738
v 0.068687 0.488814 0.011040
v 0.075487 0.488814 0.011040
v 0.068687 0.523489 0.011149
v 0.075487 0.523489 0.011149
v -0.027898 0.469297 -0.490394
v -0.027898 0.492408 -0.490394
v -0.011555 0.452956 -0.490394
v 0.027898 0.469297 -0.490394
v 0.011555 0.452956 -0.490394
v 0.011555 0.508750 -0.490394
v -0.011555 0.508750 -0.490394
v 0.027898 0.492408 -0.490394
v 0.027898 0.492408 -0.490394
v 0.043110 0.498710 -0.528739
v 0.027898 0.469297 -0.490394
v 0.043110 0.462996 -0.528739
v 0.011555 0.452956 -0.490394
v 0.017857 0.437742 -0.528739
v -0.011555 0.452956 -0.490394
v -0.017858 0.437742 -0.528739
v -0.027898 0.469297 -0.490394
v -0.043110 0.462996 -0.528739
v -0.027898 0.492408 -0.490394
v -0.043110 0.498710 -0.528739
v -0.011555 0.508750 -0.490394
v -0.017858 0.523964 -0.528739
v 0.011555 0.508750 -0.490394
v 0.017857 0.523964 -0.528739
v 0.027898 0.492408 -0.490394
v 0.043110 0.498710 -0.528739
v 0.021095 0.489590 -0.503997
v 0.008738 0.501948 -0.503997
v 0.021095 0.472116 -0.503997
v -0.008738 0.459758 -0.503997
v 0.008738 0.459758 -0.503997
v -0.021095 0.489590 -0.503997
v -0.008738 0.501948 -0.503997
v -0.021095 0.472116 -0.503997
v -0.027898 0.376803 -0.490394
v -0.027898 0.399914 -0.490394
v -0.011556 0.360461 -0.490394
v 0.027898 0.376803 -0.490394
v 0.011555 0.360461 -0.490394
v 0.011555 0.416257 -0.490394
v -0.011556 0.416257 -0.490394
v 0.027898 0.399914 -0.490394
v 0.027898 0.399914 -0.490394
v 0.043110 0.406215 -0.528739
v 0.027898 0.376803 -0.490394
v 0.043110 0.370501 -0.528739
v 0.011555 0.360461 -0.490394
v 0.017857 0.345247 -0.528739
v -0.011556 0.360461 -0.490394
v -0.017858 0.345247 -0.528739
v -0.027898 0.376803 -0.490394
v -0.043110 0.370501 -0.528739
v -0.027898 0.399914 -0.490394
v -0.043110 0.406215 -0.528739
v -0.011556 0.416257 -0.490394
v -0.017858 0.431469 -0.528739
v 0.011555 0.416257 -0.490394
v 0.017857 0.431469 -0.528739
v 0.027898 0.399914 -0.490394
v 0.043110 0.406215 -0.528739
v 0.021095 0.397097 -0.503997
v 0.008738 0.409453 -0.503997
v 0.021095 0.379621 -0.503997
v -0.008738 0.367264 -0.503997
v 0.008738 0.367264 -0.503997
v -0.021095 0.397097 -0.503997
v -0.008738 0.409453 -0.503997
v -0.021095 0.379621 -0.503997
v 0.131079 0.311955 -0.513827
v 0.139066 0.356933 -0.513827
v 0.131079 0.311955 -0.568402
v 0.139066 0.356933 -0.568402
v -0.089547 0.456810 0.368593
v -0.107016 0.413261 0.399296
v -0.089547 0.423933 0.368593
v -0.107014 0.375484 0.399317
v -0.096711 0.370394 0.526649
v -0.096711 0.418351 0.502032
v -0.096711 0.370394 0.399300
v -0.096711 0.418351 0.399310
v -0.079244 0.418852 0.368592
v -0.079244 0.462824 0.368595
v -0.079244 0.462824 0.150330
v -0.079244 0.418852 0.127402
v -0.079244 0.438346 0.118238
v -0.096711 0.370394 0.526649
v -0.096711 0.370394 0.399300
v -0.107014 0.375484 0.514472
v -0.107014 0.375484 0.399317
v -0.079244 0.418852 0.368592
v -0.089547 0.423933 0.368593
v -0.079244 0.418852 0.127402
v -0.089547 0.423933 0.133506
v -0.096711 0.418351 0.502032
v -0.096711 0.370394 0.526649
v -0.107016 0.413261 0.496532
v -0.107014 0.375484 0.514472
v -0.107016 0.413261 0.496532
v -0.107016 0.413261 0.399296
v -0.096711 0.418351 0.502032
v -0.096711 0.418351 0.399310
v -0.089547 0.456810 0.368593
v -0.079244 0.462824 0.368595
v -0.089547 0.456810 0.150330
v -0.079244 0.462824 0.150330
v -0.089547 0.440210 0.127506
v -0.079244 0.438346 0.118238
v -0.079244 0.418852 0.127402
v -0.079244 0.438346 0.118238
v -0.089547 0.423933 0.133506
v -0.089547 0.440210 0.127506
v -0.089547 0.456810 0.368593
v -0.089547 0.423933 0.368593
v -0.089547 0.456810 0.150330
v -0.089547 0.423933 0.133506
v -0.089547 0.440210 0.127506
v -0.107014 0.375484 0.514472
v -0.107014 0.375484 0.399317
v -0.107016 0.413261 0.496532
v -0.107016 0.413261 0.399296
v -0.065458 0.501633 0.375132
v -0.065458 0.464213 0.375132
v -0.065458 0.501519 0.459590
v -0.065458 0.441746 0.403840
v -0.065458 0.441746 0.459590
v -0.086064 0.441746 0.459590
v -0.086064 0.441746 0.403840
v -0.086064 0.501519 0.459590
v -0.086064 0.464213 0.375132
v -0.086064 0.501633 0.375132
v -0.086064 0.501633 0.375132
v -0.086064 0.464213 0.375132
v -0.065458 0.501633 0.375132
v -0.065458 0.464213 0.375132
v -0.086064 0.501519 0.459590
v -0.086064 0.501633 0.375132
v -0.065458 0.501519 0.459590
v -0.065458 0.501633 0.375132
v -0.086064 0.464213 0.375132
v -0.086064 0.441746 0.403840
v -0.065458 0.464213 0.375132
v -0.065458 0.441746 0.403840
v -0.086064 0.441746 0.459590
v -0.065458 0.441746 0.459590
v -0.086064 0.441746 0.459590
v -0.086064 0.501519 0.459590
v -0.065458 0.441746 0.459590
v -0.065458 0.501519 0.459590
v -0.069731 0.517125 0.301401
v -0.069731 0.491711 0.301401
v -0.069731 0.517125 0.344886
v -0.069731 0.491711 0.345360
v -0.069731 0.491709 0.377255
v -0.069731 0.466291 0.377228
v -0.078181 0.517125 0.301401
v -0.078181 0.517125 0.344886
v -0.078181 0.491711 0.301401
v -0.078181 0.491711 0.345360
v -0.078181 0.491709 0.377255
v -0.078181 0.466291 0.377228
v -0.078181 0.466291 0.377228
v -0.078181 0.491709 0.377255
v -0.069731 0.466291 0.377228
v -0.069731 0.491709 0.377255
v -0.069731 0.466291 0.377228
v -0.069731 0.491711 0.345360
v -0.078181 0.466291 0.377228
v -0.078181 0.491711 0.345360
v -0.069731 0.491711 0.301401
v -0.078181 0.491711 0.301401
v -0.078181 0.491709 0.377255
v -0.078181 0.517125 0.344886
v -0.069731 0.491709 0.377255
v -0.069731 0.517125 0.344886
v -0.078181 0.517125 0.301401
v -0.069731 0.517125 0.301401
v -0.078181 0.517125 0.301401
v -0.078181 0.491711 0.301401
v -0.069731 0.517125 0.301401
v -0.069731 0.491711 0.301401
v -0.068038 0.492817 0.302285
v -0.068038 0.514004 0.302278
v -0.068038 0.492817 0.274372
v -0.068038 0.514004 0.282700
v -0.068038 0.514229 0.260644
v -0.068038 0.517830 0.282700
v -0.068038 0.517830 0.260644
v -0.073808 0.492817 0.302285
v -0.073808 0.492817 0.274372
v -0.073808 0.514004 0.302278
v -0.073808 0.514004 0.282700
v -0.073808 0.514229 0.260644
v -0.073808 0.517830 0.282700
v -0.073808 0.517830 0.260644
v -0.073808 0.492817 0.302285
v -0.073808 0.514004 0.302278
v -0.068038 0.492817 0.302285
v -0.068038 0.514004 0.302278
v -0.073808 0.492817 0.274372
v -0.073808 0.492817 0.302285
v -0.068038 0.492817 0.274372
v -0.068038 0.492817 0.302285
v -0.073808 0.514004 0.302278
v -0.073808 0.514004 0.282700
v -0.068038 0.514004 0.302278
v -0.068038 0.514004 0.282700
v -0.068038 0.492817 0.274372
v -0.068038 0.514229 0.260644
v -0.073808 0.492817 0.274372
v -0.073808 0.514229 0.260644
v -0.068038 0.517830 0.260644
v -0.073808 0.517830 0.260644
v -0.073808 0.514004 0.282700
v -0.073808 0.517830 0.282700
v -0.068038 0.514004 0.282700
v -0.068038 0.517830 0.282700
v -0.073808 0.517830 0.282700
v -0.073808 0.517830 0.260644
v -0.068038 0.517830 0.282700
v -0.068038 0.517830 0.260644
v -0.078831 0.524393 0.036556
v -0.078831 0.524393 0.018230
v -0.078831 0.548552 0.036556
v -0.078831 0.533002 -0.017037
v -0.078831 0.566288 -0.017037
v -0.054720 0.566288 -0.017037
v -0.054720 0.533002 -0.017037
v -0.054720 0.548552 0.036556
v -0.054720 0.524393 0.018230
v -0.054720 0.524393 0.036556
v -0.054720 0.566288 -0.017037
v -0.054720 0.548552 0.036556
v -0.078831 0.566288 -0.017037
v -0.078831 0.548552 0.036556
v -0.054720 0.533002 -0.017037
v -0.054720 0.566288 -0.017037
v -0.078831 0.533002 -0.017037
v -0.078831 0.566288 -0.017037
v -0.078831 0.533002 -0.017037
v -0.078831 0.524393 0.018230
v -0.054720 0.533002 -0.017037
v -0.054720 0.524393 0.018230
v -0.078831 0.524393 0.036556
v -0.054720 0.524393 0.036556
v -0.054720 0.548552 0.036556
v -0.054720 0.524393 0.036556
v -0.078831 0.548552 0.036556
v -0.078831 0.524393 0.036556
v -0.068687 0.523489 0.011149
v -0.068687 0.488814 0.011040
v -0.068687 0.523489 0.066738
v -0.068687 0.488814 0.097828
v -0.075487 0.523489 0.011149
v -0.075487 0.523489 0.066738
v -0.075487 0.488814 0.011040
v -0.075487 0.488814 0.097828
v -0.075487 0.488814 0.097828
v -0.075487 0.523489 0.066738
v -0.068687 0.488814 0.097828
v -0.068687 0.523489 0.066738
v -0.075487 0.488814 0.011040
v -0.075487 0.488814 0.097828
v -0.068687 0.488814 0.011040
v -0.068687 0.488814 0.097828
v -0.075487 0.523489 0.066738
v -0.075487 0.523489 0.011149
v -0.068687 0.523489 0.066738
v -0.068687 0.523489 0.011149
v -0.075487 0.523489 0.011149
v -0.075487 0.488814 0.011040
v -0.068687 0.523489 0.011149
v -0.068687 0.488814 0.011040
v 0.119519 0.453346 0.779545
v 0.119519 0.453346 0.354808
v 0.106832 0.453346 0.779545
v 0.106832 0.453346 0.354814
v 0.106119 0.455115 0.350046
v 0.119519 0.455142 0.350007
v 0.119519 0.495009 0.304177
v 0.093027 0.487549 0.312753
v 0.081345 0.495304 0.303838
v 0.079085 0.496805 0.302113
v 0.119519 0.496805 0.302113
v 0.119519 0.496805 0.052252
v -0.000000 0.496805 0.302113
v -0.000000 0.496805 0.052252
v -0.000000 0.499540 0.049516
v 0.119519 0.499540 0.049516
v -0.119519 0.496805 0.052252
v -0.119519 0.496805 0.302113
v -0.119519 0.499540 0.049516
v 0.079813 0.507628 0.049516
v 0.119519 0.507628 0.049516
v 0.082089 0.511173 0.046902
v 0.119519 0.511173 0.046902
v 0.082089 0.529652 -0.012788
v 0.119519 0.529652 -0.012788
v 0.082089 0.532613 -0.017091
v 0.119519 0.532613 -0.017091
v 0.082089 0.550132 -0.030844
v 0.119519 0.550132 -0.030844
v 0.082089 0.555019 -0.032534
v 0.119519 0.555019 -0.032534
v 0.119519 0.576351 -0.032536
v 0.082089 0.576351 -0.032536
v -0.079813 0.507628 0.049516
v -0.119519 0.507628 0.049516
v -0.082089 0.511173 0.046902
v -0.119519 0.511173 0.046902
v -0.082089 0.529652 -0.012788
v -0.119519 0.529652 -0.012788
v -0.082089 0.532613 -0.017091
v -0.119519 0.532613 -0.017091
v -0.082089 0.550132 -0.030844
v -0.119519 0.550132 -0.030844
v -0.082089 0.555019 -0.032534
v -0.119519 0.555019 -0.032534
v -0.119519 0.576351 -0.032536
v -0.082089 0.576351 -0.032536
v 0.079813 0.507628 0.049516
v -0.000000 0.579087 0.049516
v -0.079813 0.507628 0.049516
v 0.079813 0.579087 0.049516
v 0.082089 0.511173 0.046902
v 0.082089 0.579087 0.046925
v -0.079813 0.579087 0.049516
v -0.082089 0.511173 0.046902
v -0.082089 0.579087 0.046925
v 0.106053 0.455278 0.780415
v 0.106832 0.453346 0.779545
v 0.093027 0.487549 0.749223
v 0.106119 0.455115 0.350046
v 0.106832 0.453346 0.354814
v 0.093027 0.487549 0.312753
v 0.053709 0.513651 0.724006
v 0.053709 0.513651 0.282512
v 0.015819 0.520390 0.717335
v 0.015819 0.520390 0.282512
v 0.119519 0.496805 0.302113
v -0.000000 0.496805 0.302113
v 0.105152 0.527028 0.302113
v -0.000000 0.527028 0.302113
v -0.105152 0.527028 0.302113
v -0.119519 0.496805 0.302113
v 0.138339 0.543072 -0.006713
v 0.138339 0.521141 0.064134
v 0.138339 0.558607 -0.018230
v 0.138339 0.558607 0.396614
v 0.138339 0.510724 0.308943
v 0.138339 0.510724 0.064134
v 0.138339 0.467583 0.358408
v 0.138339 0.525338 0.414496
v 0.138339 0.467583 0.747761
v 0.138339 0.525338 0.692530
v 0.082089 0.579087 0.046925
v 0.082089 0.579087 -0.029801
v 0.119519 0.579087 -0.029801
v 0.119519 0.579087 0.403436
v 0.079813 0.579087 0.049516
v -0.000000 0.579087 0.403436
v -0.000000 0.579087 0.049516
v -0.079813 0.579087 0.049516
v -0.119519 0.579087 0.403436
v -0.082089 0.579087 0.046925
v -0.119519 0.579087 -0.029801
v -0.082089 0.579087 -0.029801
v 0.125764 0.501194 0.051232
v 0.136219 0.509569 0.059684
v 0.125874 0.508983 0.051322
v 0.136117 0.515034 0.059601
v 0.125924 0.512536 0.048743
v 0.136055 0.518570 0.056944
v 0.126173 0.531416 -0.011570
v 0.135806 0.538139 -0.006950
v 0.126188 0.534390 -0.015865
v 0.135791 0.541097 -0.011249
v 0.126226 0.551601 -0.029313
v 0.135754 0.557015 -0.023671
v 0.126135 0.556491 -0.031055
v 0.136154 0.561037 -0.025113
v 0.125517 0.574122 -0.031423
v 0.136265 0.506834 0.062460
v 0.125729 0.498463 0.053936
v 0.135832 0.506834 0.303062
v 0.126124 0.498847 0.300129
v 0.135826 0.505046 0.307868
v 0.126127 0.497057 0.304930
v 0.135826 0.465492 0.353684
v 0.126085 0.457218 0.350744
v 0.135834 0.463704 0.358491
v 0.126077 0.455416 0.355544
v 0.137074 0.463704 0.753887
v 0.124913 0.454329 0.777131
v 0.137045 0.465695 0.754746
v 0.124935 0.456270 0.777947
v 0.135890 0.527579 0.696417
v 0.126081 0.535604 0.699795
v 0.135856 0.529570 0.691804
v 0.126105 0.537556 0.695140
v 0.136182 0.529570 0.420676
v 0.125810 0.537845 0.428149
v 0.136209 0.531976 0.416638
v 0.125785 0.540278 0.424157
v 0.136493 0.560498 0.401192
v 0.125483 0.574369 0.406540
v 0.136516 0.562904 0.397154
v 0.125461 0.576799 0.402548
v 0.136560 0.562904 -0.022137
v 0.125422 0.576856 -0.028745
v 0.119519 0.539575 0.695985
v 0.016000 0.539575 0.695985
v 0.119519 0.539575 0.429708
v 0.016000 0.539575 0.429708
v 0.119519 0.541435 0.425697
v 0.011878 0.541435 0.426973
v 0.119519 0.576667 0.407447
v -0.000000 0.541435 0.426973
v -0.000000 0.576667 0.407447
v -0.119519 0.576667 0.407447
v -0.011878 0.541435 0.426973
v -0.119519 0.541435 0.425697
v -0.016000 0.539575 0.429708
v -0.119519 0.539575 0.429708
v -0.016000 0.539575 0.695985
v -0.119519 0.539575 0.695985
v 0.119519 0.455311 0.780377
v 0.106053 0.455278 0.780415
v 0.119519 0.537611 0.700624
v 0.093027 0.487549 0.749223
v 0.053709 0.513651 0.724006
v 0.015981 0.537612 0.700626
v 0.015819 0.520390 0.717335
v 0.016000 0.539575 0.695985
v 0.015981 0.537612 0.700626
v 0.016000 0.539575 0.429708
v 0.015819 0.520390 0.717335
v 0.015819 0.520390 0.282512
v 0.015995 0.539215 0.424260
v 0.016000 0.539575 0.695985
v 0.119519 0.539575 0.695985
v 0.015981 0.537612 0.700626
v 0.119519 0.537611 0.700624
v 0.126105 0.537556 0.695140
v 0.119519 0.539575 0.429708
v 0.125810 0.537845 0.428149
v 0.125785 0.540278 0.424157
v 0.119519 0.541435 0.425697
v 0.119519 0.576667 0.407447
v 0.125483 0.574369 0.406540
v 0.126081 0.535604 0.699795
v 0.135856 0.529570 0.691804
v 0.124935 0.456270 0.777947
v 0.135890 0.527579 0.696417
v 0.119519 0.455311 0.780377
v 0.138339 0.525338 0.692530
v 0.137045 0.465695 0.754746
v 0.138339 0.525338 0.414496
v 0.136182 0.529570 0.420676
v 0.136209 0.531976 0.416638
v 0.138339 0.558607 0.396614
v 0.136493 0.560498 0.401192
v 0.138339 0.467583 0.747761
v 0.136516 0.562904 0.397154
v 0.125461 0.576799 0.402548
v 0.136560 0.562904 -0.022137
v 0.138339 0.558607 -0.018230
v 0.119519 0.579087 0.403436
v -0.000000 0.576667 0.407447
v -0.000000 0.579087 0.403436
v 0.119519 0.579087 -0.029801
v -0.119519 0.579087 0.403436
v -0.119519 0.576667 0.407447
v 0.125422 0.576856 -0.028745
v 0.136154 0.561037 -0.025113
v 0.135754 0.557015 -0.023671
v 0.125517 0.574122 -0.031423
v 0.138339 0.543072 -0.006713
v 0.135791 0.541097 -0.011249
v 0.135806 0.538139 -0.006950
v 0.138339 0.521141 0.064134
v 0.136055 0.518570 0.056944
v 0.136117 0.515034 0.059601
v 0.138339 0.510724 0.064134
v 0.136219 0.509569 0.059684
v 0.136265 0.506834 0.062460
v 0.125764 0.501194 0.051232
v 0.138339 0.510724 0.308943
v 0.135832 0.506834 0.303062
v 0.135826 0.505046 0.307868
v 0.138339 0.467583 0.358408
v 0.135826 0.465492 0.353684
v 0.125729 0.498463 0.053936
v 0.135834 0.463704 0.358491
v 0.126085 0.457218 0.350744
v 0.137074 0.463704 0.753887
v 0.124913 0.454329 0.777131
v 0.126077 0.455416 0.355544
v 0.119519 0.453346 0.779545
v 0.106832 0.453346 0.779545
v 0.106053 0.455278 0.780415
v 0.119519 0.453346 0.354808
v 0.119519 0.455142 0.350007
v 0.126127 0.497057 0.304930
v 0.106119 0.455115 0.350046
v 0.106832 0.453346 0.354814
v 0.119519 0.495009 0.304177
v 0.119519 0.496805 0.302113
v 0.126124 0.498847 0.300129
v 0.119519 0.496805 0.052252
v 0.119519 0.499540 0.049516
v 0.125874 0.508983 0.051322
v 0.119519 0.507628 0.049516
v 0.119519 0.511173 0.046902
v 0.125924 0.512536 0.048743
v 0.126173 0.531416 -0.011570
v 0.119519 0.529652 -0.012788
v 0.119519 0.532613 -0.017091
v 0.126188 0.534390 -0.015865
v 0.126226 0.551601 -0.029313
v 0.119519 0.550132 -0.030844
v 0.119519 0.555019 -0.032534
v 0.126135 0.556491 -0.031055
v 0.119519 0.576351 -0.032536
v 0.082089 0.579087 -0.029801
v 0.082089 0.576351 -0.032536
v 0.082089 0.579087 -0.029801
v 0.082089 0.579087 0.046925
v 0.082089 0.576351 -0.032536
v 0.082089 0.529652 -0.012788
v 0.082089 0.511173 0.046902
v 0.082089 0.550132 -0.030844
v 0.082089 0.555019 -0.032534
v 0.082089 0.532613 -0.017091
v 0.106832 0.446723 0.063902
v 0.119519 0.446723 0.063902
v 0.106832 0.446723 0.779545
v 0.119521 0.446723 0.779545
v 0.106832 0.446723 0.779545
v 0.106053 0.444792 0.780415
v 0.106832 0.446723 0.063902
v 0.093027 0.412521 0.749223
v 0.093027 0.412521 0.054167
v 0.105786 0.444130 0.060636
v 0.053709 0.386419 0.724006
v 0.053701 0.386418 0.049516
v 0.019675 0.380365 0.718014
v 0.019721 0.378637 0.049516
v 0.015826 0.377620 0.049516
v 0.015837 0.377716 0.715430
v 0.016000 0.360494 0.428789
v 0.016000 0.360494 0.695985
v 0.015981 0.362458 0.700626
v 0.016046 0.359691 0.426290
v 0.015826 0.360590 0.049516
v 0.119521 0.349030 -0.030096
v 0.119519 0.388461 0.047080
v 0.082088 0.349030 -0.030096
v 0.082088 0.388461 0.047080
v 0.083316 0.392265 0.050039
v 0.082088 0.386970 0.049516
v 0.053701 0.386418 0.049516
v 0.119519 0.392386 0.050064
v 0.093027 0.412521 0.054167
v 0.119519 0.444043 0.060618
v 0.105786 0.444130 0.060636
v 0.082088 0.388461 0.047080
v 0.082088 0.386970 0.049516
v 0.082088 0.349030 -0.030096
v 0.082088 0.293731 0.049516
v 0.082088 0.293226 0.006181
v 0.082088 0.345554 -0.030950
v 0.138339 0.336778 -0.003827
v 0.138339 0.336778 0.381078
v 0.138339 0.374967 0.063632
v 0.138339 0.399898 0.082101
v 0.138339 0.375112 0.404409
v 0.138339 0.399874 0.717601
v 0.138339 0.375112 0.692531
v 0.138339 0.425142 0.082101
v 0.138339 0.432987 0.073601
v 0.138339 0.425072 0.742020
v 0.138339 0.432106 0.747761
v 0.119521 0.345554 -0.030950
v 0.082088 0.345554 -0.030950
v 0.119519 0.293226 0.006181
v 0.082088 0.293226 0.006181
v 0.082088 0.293731 0.049516
v 0.086210 0.290995 0.010500
v 0.086210 0.290995 0.052252
v 0.119519 0.290995 0.010500
v 0.119519 0.290995 0.387052
v -0.000000 0.293731 0.049516
v -0.000000 0.290995 0.387052
v -0.000000 0.290995 0.052252
v -0.086210 0.290995 0.052252
v -0.119519 0.290995 0.387052
v -0.119519 0.290995 0.010500
v -0.082089 0.293731 0.049516
v -0.086210 0.290995 0.010500
v -0.082089 0.293226 0.006181
v -0.082089 0.345554 -0.030950
v -0.119519 0.293226 0.006181
v -0.119519 0.345554 -0.030950
v 0.124902 0.445704 0.777147
v 0.125803 0.444975 0.065438
v 0.137078 0.435860 0.753887
v 0.136177 0.436589 0.072792
v 0.124976 0.443788 0.777934
v 0.136923 0.433807 0.754815
v 0.125735 0.425072 0.758943
v 0.136245 0.425072 0.747113
v 0.135862 0.370374 0.691805
v 0.136788 0.371123 0.410207
v 0.126118 0.362497 0.695133
v 0.125193 0.361748 0.426816
v 0.125168 0.359921 0.423817
v 0.136823 0.369392 0.407060
v 0.137411 0.333143 0.384151
v 0.124557 0.295449 0.390295
v 0.124457 0.293385 0.009281
v 0.124540 0.293628 0.387297
v 0.137523 0.331652 -0.010258
v 0.137440 0.331410 0.381002
v 0.136909 0.334650 -0.015478
v 0.125256 0.346276 -0.030519
v 0.124491 0.295624 0.004975
v 0.136339 0.377145 0.057191
v 0.125640 0.386685 0.048674
v 0.125660 0.390610 0.051655
v 0.136321 0.381186 0.060057
v 0.125798 0.442291 0.062158
v 0.136182 0.433899 0.069570
v 0.119519 0.360494 0.695985
v 0.119521 0.360494 0.429673
v 0.016000 0.360494 0.695985
v 0.016000 0.360494 0.428789
v 0.016046 0.359691 0.426290
v 0.119521 0.359691 0.425647
v 0.119519 0.293408 0.391077
v -0.000000 0.293408 0.391079
v -0.000000 0.359691 0.426976
v -0.016046 0.359691 0.426290
v -0.000000 0.359691 0.426976
v -0.119519 0.293408 0.391077
v -0.119521 0.359691 0.425647
v -0.119521 0.360494 0.429673
v -0.016000 0.360494 0.428789
v -0.016000 0.360494 0.695985
v -0.119519 0.360494 0.695985
v 0.015837 0.377716 0.715430
v 0.019675 0.380365 0.718014
v 0.015981 0.362458 0.700626
v 0.053709 0.386419 0.724006
v 0.119569 0.362459 0.700624
v 0.120535 0.401129 0.738108
v 0.093027 0.412521 0.749223
v 0.120512 0.423790 0.760067
v 0.119605 0.444759 0.780379
v 0.106053 0.444792 0.780415
v 0.123642 0.422787 0.751296
v 0.130426 0.422585 0.743135
v 0.123642 0.403536 0.732602
v 0.130476 0.403763 0.724105
v 0.132417 0.403852 0.087333
v 0.132417 0.403828 0.718956
v 0.132417 0.422593 0.087333
v 0.132417 0.422526 0.738003
v 0.136242 0.399870 0.722692
v 0.135879 0.372345 0.696430
v 0.125738 0.399848 0.734497
v 0.126107 0.364458 0.699785
v 0.132417 0.422526 0.738003
v 0.138339 0.425072 0.742020
v 0.132417 0.422593 0.087333
v 0.138339 0.425142 0.082101
v 0.132417 0.422593 0.087333
v 0.138339 0.425142 0.082101
v 0.132417 0.403852 0.087333
v 0.138339 0.399898 0.082101
v 0.132417 0.403852 0.087333
v 0.138339 0.399898 0.082101
v 0.132417 0.403828 0.718956
v 0.138339 0.399874 0.717601
v 0.130476 0.403763 0.724105
v 0.136242 0.399870 0.722692
v 0.123642 0.403536 0.732602
v 0.125738 0.399848 0.734497
v 0.123642 0.403536 0.732602
v 0.125738 0.399848 0.734497
v 0.123642 0.422787 0.751296
v 0.125735 0.425072 0.758943
v 0.123642 0.422787 0.751296
v 0.125735 0.425072 0.758943
v 0.130426 0.422585 0.743135
v 0.136245 0.425072 0.747113
v 0.142220 0.362243 0.048390
v 0.142220 0.365024 0.048911
v 0.142220 0.341216 0.063559
v 0.142220 0.388329 0.086826
v 0.142220 0.387211 0.083053
v 0.142220 0.386277 0.126568
v 0.142220 0.388329 0.124517
v 0.142220 0.339552 0.124517
v 0.142220 0.339552 0.066811
v 0.142220 0.341603 0.126568
v 0.148708 0.384917 0.086419
v 0.148708 0.363399 0.053414
v 0.148708 0.384917 0.121503
v 0.148708 0.342932 0.067490
v 0.148708 0.342932 0.121503
v 0.142220 0.386277 0.126568
v 0.146255 0.385431 0.124693
v 0.142220 0.341603 0.126568
v 0.146252 0.342430 0.124695
v 0.142220 0.339552 0.124517
v 0.146241 0.340376 0.122643
v 0.142220 0.339552 0.066811
v 0.145945 0.340314 0.067757
v 0.142220 0.341216 0.063559
v 0.145958 0.341997 0.064533
v 0.142220 0.362243 0.048390
v 0.146242 0.362261 0.050444
v 0.146234 0.387488 0.122642
v 0.142220 0.388329 0.124517
v 0.145856 0.387567 0.087403
v 0.142220 0.388329 0.086826
v 0.145855 0.386448 0.083634
v 0.142220 0.387211 0.083053
v 0.146245 0.365070 0.050990
v 0.142220 0.365024 0.048911
v 0.015826 0.360590 0.049516
v 0.016046 0.359691 0.426290
v -0.000000 0.360494 0.049516
v -0.000000 0.359691 0.426976
v -0.016046 0.359691 0.426290
v -0.015825 0.360590 0.049516
v 0.019721 0.378637 0.049516
v 0.015826 0.377620 0.049516
v 0.015826 0.360590 0.049516
v 0.053701 0.386418 0.049516
v 0.082088 0.293731 0.049516
v 0.082088 0.386970 0.049516
v -0.000000 0.293731 0.049516
v -0.000000 0.360494 0.049516
v -0.015825 0.360590 0.049516
v -0.082089 0.293731 0.049516
v -0.053702 0.386418 0.049516
v -0.082089 0.386970 0.049516
v -0.019721 0.378637 0.049516
v -0.015826 0.377620 0.049516
v 0.138339 0.399874 0.717601
v 0.138339 0.375112 0.692531
v 0.136242 0.399870 0.722692
v 0.135879 0.372345 0.696430
v 0.135862 0.370374 0.691805
v 0.136788 0.371123 0.410207
v 0.126118 0.362497 0.695133
v 0.138339 0.375112 0.404409
v 0.136823 0.369392 0.407060
v 0.137411 0.333143 0.384151
v 0.126107 0.364458 0.699785
v 0.138339 0.336778 0.381078
v 0.119519 0.360494 0.695985
v 0.125193 0.361748 0.426816
v 0.119521 0.360494 0.429673
v 0.125168 0.359921 0.423817
v 0.119521 0.359691 0.425647
v 0.119519 0.293408 0.391077
v 0.124557 0.295449 0.390295
v 0.124540 0.293628 0.387297
v 0.137440 0.331410 0.381002
v 0.137523 0.331652 -0.010258
v 0.138339 0.336778 -0.003827
v 0.119569 0.362459 0.700624
v 0.016000 0.360494 0.695985
v 0.015981 0.362458 0.700626
v 0.120535 0.401129 0.738108
v 0.125738 0.399848 0.734497
v 0.120512 0.423790 0.760067
v 0.125735 0.425072 0.758943
v 0.119605 0.444759 0.780379
v 0.124976 0.443788 0.777934
v 0.136909 0.334650 -0.015478
v 0.138339 0.374967 0.063632
v 0.124491 0.295624 0.004975
v 0.136339 0.377145 0.057191
v 0.136321 0.381186 0.060057
v 0.136182 0.433899 0.069570
v 0.124457 0.293385 0.009281
v 0.138339 0.432987 0.073601
v 0.119519 0.290995 0.010500
v 0.119519 0.290995 0.387052
v -0.000000 0.290995 0.387052
v -0.000000 0.293408 0.391079
v -0.119519 0.293408 0.391077
v -0.119519 0.290995 0.387052
v -0.124540 0.293628 0.387297
v -0.119519 0.290995 0.010500
v 0.136177 0.436589 0.072792
v 0.137078 0.435860 0.753887
v 0.125803 0.444975 0.065438
v 0.125798 0.442291 0.062158
v 0.138339 0.432106 0.747761
v 0.119519 0.446723 0.063902
v 0.124902 0.445704 0.777147
v 0.136923 0.433807 0.754815
v 0.136245 0.425072 0.747113
v 0.138339 0.425072 0.742020
v 0.119521 0.446723 0.779545
v 0.106053 0.444792 0.780415
v 0.106832 0.446723 0.779545
v 0.119519 0.444043 0.060618
v 0.106832 0.446723 0.063902
v 0.105786 0.444130 0.060636
v 0.119519 0.392386 0.050064
v 0.125660 0.390610 0.051655
v 0.125640 0.386685 0.048674
v 0.119519 0.388461 0.047080
v 0.125256 0.346276 -0.030519
v 0.119521 0.349030 -0.030096
v 0.119521 0.345554 -0.030950
v 0.082088 0.349030 -0.030096
v 0.082088 0.345554 -0.030950
v 0.119519 0.293226 0.006181
v 0.082088 0.293226 0.006181
v 0.086210 0.290995 0.010500
v 0.132417 0.422526 0.738003
v 0.132417 0.403828 0.718956
v 0.130426 0.422585 0.743135
v 0.130476 0.403763 0.724105
v 0.130426 0.422585 0.743135
v 0.136245 0.425072 0.747113
v 0.132417 0.422526 0.738003
v 0.138339 0.425072 0.742020
v 0.132417 0.403828 0.718956
v 0.138339 0.399874 0.717601
v 0.130476 0.403763 0.724105
v 0.136242 0.399870 0.722692
v 0.142220 0.388329 0.124517
v 0.146234 0.387488 0.122642
v 0.142220 0.386277 0.126568
v 0.146255 0.385431 0.124693
v 0.148708 0.384917 0.121503
v 0.146252 0.342430 0.124695
v 0.148708 0.384917 0.086419
v 0.145856 0.387567 0.087403
v 0.145855 0.386448 0.083634
v 0.148708 0.342932 0.121503
v 0.146241 0.340376 0.122643
v 0.145945 0.340314 0.067757
v 0.148708 0.363399 0.053414
v 0.148708 0.342932 0.067490
v 0.145958 0.341997 0.064533
v 0.146242 0.362261 0.050444
v 0.146245 0.365070 0.050990
v 0.142220 0.365024 0.048911
v 0.142220 0.362243 0.048390
v 0.138249 0.471753 0.818073
v 0.138249 0.490326 0.842629
v 0.138249 0.471753 0.793314
v 0.138249 0.553903 0.716257
v 0.138249 0.583350 0.842434
v 0.138249 0.636124 0.646451
v 0.138249 0.554783 0.458434
v 0.138249 0.579976 0.440678
v 0.073962 0.586254 0.428673
v 0.073962 0.594582 0.432159
v 0.073962 0.562762 0.444936
v 0.073962 0.657644 0.617240
v 0.073962 0.562762 0.707565
v 0.073962 0.597733 0.840708
v 0.073962 0.493617 0.840708
v 0.073962 0.475500 0.792184
v 0.073962 0.475500 0.818565
v 0.134464 0.491525 0.846175
v 0.076428 0.485876 0.862817
v 0.134464 0.582564 0.846175
v 0.076428 0.611959 0.862817
v 0.135071 0.586291 0.843316
v 0.076428 0.615403 0.860173
v 0.135076 0.639561 0.646517
v 0.076428 0.680094 0.618876
v 0.076428 0.481407 0.860699
v 0.134437 0.486987 0.844013
v 0.076428 0.455123 0.828574
v 0.134397 0.469785 0.821595
v 0.076428 0.453391 0.823721
v 0.134397 0.468043 0.816695
v 0.076428 0.453391 0.785562
v 0.134397 0.468043 0.794336
v 0.076428 0.455356 0.780921
v 0.134523 0.470011 0.789606
v 0.076428 0.538690 0.700112
v 0.134487 0.549419 0.716296
v 0.076428 0.540654 0.695471
v 0.134278 0.551315 0.711336
v 0.076428 0.540654 0.436088
v 0.134278 0.551315 0.458625
v 0.135299 0.639108 0.640852
v 0.076428 0.679868 0.613662
v 0.135441 0.584072 0.437794
v 0.076428 0.612985 0.418074
v 0.134763 0.579220 0.436078
v 0.076428 0.581375 0.405162
v 0.134747 0.553659 0.454112
v 0.076428 0.542903 0.431796
v 0.066729 0.601711 0.845894
v 0.073962 0.597733 0.840708
v 0.066729 0.663076 0.617003
v 0.073962 0.657644 0.617240
v 0.066729 0.598679 0.428252
v 0.073962 0.594582 0.432159
v 0.073962 0.597733 0.840708
v 0.066729 0.601711 0.845894
v 0.073962 0.493617 0.840708
v 0.066729 0.491160 0.845894
v 0.073962 0.493617 0.840708
v 0.066729 0.491160 0.845894
v 0.073962 0.475500 0.818565
v 0.066729 0.470314 0.820416
v 0.073962 0.475500 0.792184
v 0.066729 0.470314 0.789989
v 0.073962 0.475500 0.792184
v 0.066729 0.470314 0.789989
v 0.073962 0.562762 0.707565
v 0.066729 0.557577 0.705370
v 0.073962 0.562762 0.707565
v 0.066729 0.557577 0.705370
v 0.073962 0.562762 0.444936
v 0.066729 0.557577 0.442219
v 0.073962 0.562762 0.444936
v 0.066729 0.557577 0.442219
v 0.073962 0.586254 0.428673
v 0.066729 0.585637 0.422792
v 0.073962 0.586254 0.428673
v 0.066729 0.585637 0.422792
v 0.073962 0.594582 0.432159
v 0.066729 0.598679 0.428252
v 0.076428 0.485876 0.862817
v 0.134464 0.491525 0.846175
v 0.076428 0.481407 0.860699
v 0.134437 0.486987 0.844013
v 0.138249 0.490326 0.842629
v 0.134464 0.582564 0.846175
v 0.138249 0.471753 0.818073
v 0.134397 0.469785 0.821595
v 0.134397 0.468043 0.816695
v 0.138249 0.471753 0.793314
v 0.138249 0.583350 0.842434
v 0.134397 0.468043 0.794336
v 0.135071 0.586291 0.843316
v 0.076428 0.611959 0.862817
v 0.076428 0.615403 0.860173
v 0.135076 0.639561 0.646517
v 0.138249 0.636124 0.646451
v 0.134523 0.470011 0.789606
v 0.138249 0.553903 0.716257
v 0.076428 0.455356 0.780921
v 0.076428 0.453391 0.785562
v 0.134487 0.549419 0.716296
v 0.134278 0.551315 0.711336
v 0.138249 0.554783 0.458434
v 0.134278 0.551315 0.458625
v 0.135299 0.639108 0.640852
v 0.076428 0.680094 0.618876
v 0.076428 0.679868 0.613662
v 0.135441 0.584072 0.437794
v 0.138249 0.579976 0.440678
v 0.134747 0.553659 0.454112
v 0.076428 0.542903 0.431796
v 0.076428 0.540654 0.436088
v 0.134763 0.579220 0.436078
v 0.126748 0.584507 0.431238
v 0.076428 0.612985 0.418074
v 0.076428 0.609527 0.414448
v 0.076428 0.586148 0.404661
v 0.076428 0.581375 0.405162
v 0.138249 0.427322 0.818073
v 0.138249 0.427322 0.793314
v 0.138249 0.408748 0.842629
v 0.138249 0.345171 0.716257
v 0.138249 0.315724 0.842434
v 0.138249 0.262949 0.646451
v 0.138249 0.344292 0.458434
v 0.138249 0.319098 0.440678
v 0.073962 0.304493 0.432159
v 0.073962 0.312819 0.428673
v 0.073962 0.336311 0.444936
v 0.073962 0.241430 0.617240
v 0.073962 0.336312 0.707565
v 0.073962 0.301341 0.840708
v 0.073962 0.405457 0.840708
v 0.073962 0.423575 0.792184
v 0.073962 0.423575 0.818565
v 0.076428 0.287116 0.862817
v 0.076428 0.413198 0.862817
v 0.134464 0.316509 0.846175
v 0.134464 0.407549 0.846175
v 0.076428 0.218980 0.618876
v 0.076428 0.283670 0.860173
v 0.135076 0.259514 0.646517
v 0.135071 0.312783 0.843316
v 0.076428 0.417667 0.860699
v 0.076428 0.443951 0.828574
v 0.134437 0.412088 0.844013
v 0.134397 0.429290 0.821595
v 0.076428 0.445683 0.823721
v 0.076428 0.445683 0.785562
v 0.134397 0.431031 0.816695
v 0.134397 0.431031 0.794336
v 0.076428 0.443719 0.780921
v 0.076428 0.360385 0.700112
v 0.134523 0.429062 0.789606
v 0.134487 0.349656 0.716297
v 0.076428 0.358421 0.695471
v 0.134278 0.347759 0.711336
v 0.076428 0.358421 0.436088
v 0.134278 0.347759 0.458625
v 0.076428 0.286089 0.418074
v 0.076428 0.219207 0.613662
v 0.135441 0.315001 0.437794
v 0.135299 0.259966 0.640852
v 0.076428 0.356172 0.431796
v 0.076428 0.317699 0.405162
v 0.134747 0.345415 0.454112
v 0.134763 0.319854 0.436078
v 0.066729 0.297363 0.845894
v 0.066729 0.235998 0.617003
v 0.073962 0.301341 0.840708
v 0.073962 0.241430 0.617240
v 0.066729 0.300394 0.428252
v 0.073962 0.304493 0.432159
v 0.066729 0.407915 0.845894
v 0.066729 0.297363 0.845894
v 0.073962 0.405457 0.840708
v 0.073962 0.301341 0.840708
v 0.073962 0.405457 0.840708
v 0.073962 0.423575 0.818565
v 0.066729 0.407915 0.845894
v 0.066729 0.428761 0.820416
v 0.073962 0.423575 0.792184
v 0.066729 0.428761 0.789989
v 0.066729 0.341497 0.705370
v 0.066729 0.428761 0.789989
v 0.073962 0.336312 0.707565
v 0.073962 0.423575 0.792184
v 0.066729 0.341497 0.442219
v 0.066729 0.341497 0.705370
v 0.073962 0.336311 0.444936
v 0.073962 0.336312 0.707565
v 0.066729 0.313436 0.422792
v 0.066729 0.341497 0.442219
v 0.073962 0.312819 0.428673
v 0.073962 0.336311 0.444936
v 0.066729 0.300394 0.428252
v 0.066729 0.313436 0.422792
v 0.073962 0.304493 0.432159
v 0.073962 0.312819 0.428673
v 0.076428 0.413198 0.862817
v 0.076428 0.417667 0.860699
v 0.134464 0.407549 0.846175
v 0.134437 0.412088 0.844013
v 0.138249 0.408748 0.842629
v 0.134464 0.316509 0.846175
v 0.138249 0.427322 0.818073
v 0.138249 0.315724 0.842434
v 0.134397 0.429290 0.821595
v 0.135071 0.312783 0.843316
v 0.076428 0.287116 0.862817
v 0.076428 0.283670 0.860173
v 0.135076 0.259514 0.646517
v 0.138249 0.262949 0.646451
v 0.134397 0.431031 0.816695
v 0.138249 0.427322 0.793314
v 0.076428 0.445683 0.823721
v 0.076428 0.443951 0.828574
v 0.134397 0.431031 0.794336
v 0.135299 0.259966 0.640852
v 0.076428 0.218980 0.618876
v 0.076428 0.219207 0.613662
v 0.135441 0.315001 0.437794
v 0.138249 0.319098 0.440678
v 0.134523 0.429062 0.789606
v 0.138249 0.345171 0.716257
v 0.076428 0.443719 0.780921
v 0.076428 0.445683 0.785562
v 0.134487 0.349656 0.716297
v 0.134278 0.347759 0.711336
v 0.138249 0.344292 0.458434
v 0.134278 0.347759 0.458625
v 0.134747 0.345415 0.454112
v 0.076428 0.356172 0.431796
v 0.076428 0.358421 0.436088
v 0.134763 0.319854 0.436078
v 0.126748 0.314568 0.431238
v 0.076428 0.286089 0.418074
v 0.076428 0.289548 0.414448
v 0.076428 0.312927 0.404661
v 0.076428 0.317699 0.405162
v 0.085659 0.467333 -0.331201
v 0.085659 0.512106 -0.403744
v 0.085659 0.467333 -0.179407
v 0.085659 0.585806 -0.289315
v 0.085659 0.585806 -0.233590
v 0.085659 0.585806 -0.109248
v 0.085659 0.532746 -0.057293
v 0.126853 0.588456 -0.293208
v 0.077422 0.607114 -0.298318
v 0.127300 0.513952 -0.414761
v 0.077422 0.513177 -0.444167
v 0.127296 0.511087 -0.414764
v 0.077422 0.510258 -0.444138
v 0.126784 0.455882 -0.325197
v 0.077422 0.445982 -0.339996
v 0.126765 0.454446 -0.320132
v 0.077422 0.444545 -0.334931
v 0.077422 0.444545 -0.179252
v 0.126500 0.454392 -0.184893
v 0.130392 0.457790 -0.321158
v 0.118523 0.458304 -0.180674
v 0.077422 0.449873 -0.176462
v 0.130392 0.457790 -0.186277
v 0.122407 0.461671 -0.182017
v 0.121819 0.582663 -0.226438
v 0.130392 0.585908 -0.233088
v 0.130392 0.585908 -0.291131
v 0.130392 0.512563 -0.410033
v 0.077422 0.608594 -0.293281
v 0.126844 0.589886 -0.288140
v 0.077422 0.608594 -0.239129
v 0.126840 0.589888 -0.234368
v 0.077422 0.603103 -0.232636
v 0.118323 0.586634 -0.227793
v 0.077422 0.606640 -0.097753
v 0.126837 0.587928 -0.102525
v 0.077422 0.528950 -0.021683
v 0.126764 0.521271 -0.037532
v 0.077422 0.526209 -0.017148
v 0.126762 0.518576 -0.032987
v 0.077422 0.507382 0.045611
v 0.126777 0.501325 0.028679
v 0.077422 0.503858 0.048232
v 0.126782 0.497852 0.031313
v 0.077422 0.447281 0.048232
v 0.126850 0.457199 0.031289
v 0.077422 0.444545 0.045495
v 0.126850 0.454462 0.028552
v 0.077422 0.444545 -0.168123
v 0.126497 0.454392 -0.173634
v 0.077422 0.449873 -0.176462
v 0.118523 0.458304 -0.180674
v 0.130392 0.457430 0.027339
v 0.122407 0.461671 -0.182017
v 0.130392 0.457430 -0.175007
v 0.130392 0.517597 -0.039272
v 0.130392 0.498068 0.027339
v 0.130392 0.585908 -0.105932
v 0.130392 0.585908 -0.221708
v 0.121819 0.582663 -0.226438
v 0.055020 0.386748 -0.220249
v 0.055020 0.385298 -0.216746
v 0.055020 0.386748 -0.255564
v 0.055020 0.370230 -0.203730
v 0.055020 0.373733 -0.205182
v 0.055020 0.304900 -0.272083
v 0.055020 0.373733 -0.270631
v 0.055020 0.385298 -0.259067
v 0.055020 0.370230 -0.272083
v 0.055020 0.302847 -0.205783
v 0.055020 0.304900 -0.203730
v 0.055020 0.302847 -0.270030
v 0.053998 0.311336 -0.280485
v 0.053998 0.288358 -0.280778
v 0.053998 0.287211 -0.282146
v 0.053998 0.292011 -0.305126
v 0.053998 0.290912 -0.304824
v 0.053998 0.292180 -0.307054
v 0.053998 0.311823 -0.281515
v 0.053998 0.313751 -0.281347
v 0.053998 0.341651 -0.304756
v 0.053998 0.332513 -0.329376
v 0.053998 0.320079 -0.330465
v 0.053998 0.342738 -0.317191
v 0.071945 0.324178 -0.307879
v 0.071945 0.320066 -0.312780
v 0.071945 0.330478 -0.308990
v 0.071945 0.328555 -0.319901
v 0.071945 0.332666 -0.315001
v 0.071945 0.322254 -0.318791
v 0.051516 0.347797 -0.321503
v 0.051516 0.347797 -0.221968
v 0.051516 0.376240 -0.321503
v 0.051516 0.372546 -0.288998
v 0.051516 0.372546 -0.221968
v 0.049465 0.374597 -0.221968
v 0.051516 0.376240 -0.295216
v 0.049465 0.378293 -0.321503
v 0.049465 0.378293 -0.296020
v 0.028179 0.378293 -0.321503
v 0.028179 0.378293 -0.296020
v 0.028179 0.377594 -0.293476
v 0.049465 0.377594 -0.293476
v 0.049465 0.375296 -0.289610
v 0.028179 0.375296 -0.289610
v 0.028179 0.374597 -0.287067
v 0.028179 0.374597 -0.221968
v 0.049465 0.374597 -0.287067
v 0.028179 0.378293 -0.321503
v 0.028179 0.347797 -0.321503
v 0.049465 0.378293 -0.321503
v 0.051516 0.347797 -0.321503
v 0.051516 0.376240 -0.321503
v 0.051516 0.347797 -0.221968
v 0.051516 0.347797 -0.321503
v 0.028179 0.347797 -0.221968
v 0.028179 0.347797 -0.321503
v 0.049465 0.374597 -0.221968
v 0.051516 0.372546 -0.221968
v 0.028179 0.374597 -0.221968
v 0.051516 0.347797 -0.221968
v 0.028179 0.347797 -0.221968
v 0.028179 0.374597 -0.221968
v 0.028179 0.347797 -0.221968
v 0.028179 0.374597 -0.287067
v 0.028179 0.375296 -0.289610
v 0.028179 0.378293 -0.321503
v 0.028179 0.347797 -0.321503
v 0.028179 0.377594 -0.293476
v 0.028179 0.378293 -0.296020
v 0.077422 0.608594 -0.102404
v 0.077422 0.608594 -0.228052
v 0.126840 0.589888 -0.107171
v 0.126843 0.589886 -0.223006
v 0.118323 0.586634 -0.227793
v 0.077422 0.603103 -0.232636
v 0.077422 0.511995 -0.415239
v 0.085659 0.512106 -0.403744
v 0.077422 0.461203 -0.332941
v 0.085659 0.467333 -0.331201
v 0.077422 0.461203 -0.177868
v 0.085659 0.467333 -0.179407
v 0.077422 0.531198 -0.047196
v 0.085659 0.532746 -0.057293
v 0.085659 0.512106 -0.403744
v 0.077422 0.511995 -0.415239
v 0.085659 0.585806 -0.289315
v 0.077422 0.591938 -0.291118
v 0.085659 0.585806 -0.233590
v 0.077422 0.591938 -0.233590
v 0.085659 0.585806 -0.109248
v 0.077422 0.591938 -0.106670
v 0.085659 0.532746 -0.057293
v 0.077422 0.531198 -0.047196
v 0.131937 0.539847 -0.179060
v 0.131937 0.531557 -0.201836
v 0.131937 0.549763 -0.182668
v 0.131937 0.541472 -0.205446
v 0.136203 0.541203 -0.201047
v 0.136203 0.534593 -0.198642
v 0.136203 0.546729 -0.185862
v 0.136203 0.540118 -0.183457
v 0.136203 0.534593 -0.198642
v 0.131937 0.531557 -0.201836
v 0.136203 0.540118 -0.183457
v 0.131937 0.539847 -0.179060
v 0.136203 0.540118 -0.183457
v 0.131937 0.539847 -0.179060
v 0.136203 0.546729 -0.185862
v 0.131937 0.549763 -0.182668
v 0.136203 0.546729 -0.185862
v 0.131937 0.549763 -0.182668
v 0.136203 0.541203 -0.201047
v 0.131937 0.541472 -0.205446
v 0.136203 0.541203 -0.201047
v 0.131937 0.541472 -0.205446
v 0.136203 0.534593 -0.198642
v 0.131937 0.531557 -0.201836
v 0.131937 0.503544 -0.165846
v 0.131937 0.495254 -0.188623
v 0.131937 0.513460 -0.169454
v 0.131937 0.505169 -0.192232
v 0.136203 0.504898 -0.187834
v 0.136203 0.498288 -0.185428
v 0.136203 0.510424 -0.172649
v 0.136203 0.503814 -0.170243
v 0.136203 0.498288 -0.185428
v 0.131937 0.495254 -0.188623
v 0.136203 0.503814 -0.170243
v 0.131937 0.503544 -0.165846
v 0.136203 0.503814 -0.170243
v 0.131937 0.503544 -0.165846
v 0.136203 0.510424 -0.172649
v 0.131937 0.513460 -0.169454
v 0.136203 0.510424 -0.172649
v 0.131937 0.513460 -0.169454
v 0.136203 0.504898 -0.187834
v 0.131937 0.505169 -0.192232
v 0.136203 0.504898 -0.187834
v 0.131937 0.505169 -0.192232
v 0.136203 0.498288 -0.185428
v 0.131937 0.495254 -0.188623
v 0.084728 0.523690 -0.290873
v 0.084728 0.521638 -0.288821
v 0.084728 0.571832 -0.290873
v 0.084728 0.523690 -0.266076
v 0.084728 0.521638 -0.268128
v 0.084728 0.573885 -0.268128
v 0.084728 0.573885 -0.288821
v 0.084728 0.571832 -0.266076
v 0.084728 0.523690 -0.139806
v 0.084728 0.521638 -0.137753
v 0.084728 0.571832 -0.139806
v 0.084728 0.523690 -0.115008
v 0.084728 0.521638 -0.117061
v 0.084728 0.573885 -0.117061
v 0.084728 0.573885 -0.137753
v 0.084728 0.571832 -0.115008
v 0.085830 0.319795 -0.222180
v 0.085830 0.319795 -0.253222
v 0.085830 0.359883 -0.222180
v 0.085830 0.359883 -0.253222
v 0.092456 0.356562 -0.250652
v 0.092456 0.323115 -0.250652
v 0.092456 0.356562 -0.224751
v 0.092456 0.323115 -0.224751
v 0.092456 0.323115 -0.250652
v 0.085830 0.319795 -0.253222
v 0.092456 0.323115 -0.224751
v 0.085830 0.319795 -0.222180
v 0.092456 0.323115 -0.224751
v 0.085830 0.319795 -0.222180
v 0.092456 0.356562 -0.224751
v 0.085830 0.359883 -0.222180
v 0.092456 0.356562 -0.224751
v 0.085830 0.359883 -0.222180
v 0.092456 0.356562 -0.250652
v 0.085830 0.359883 -0.253222
v 0.092456 0.356562 -0.250652
v 0.085830 0.359883 -0.253222
v 0.092456 0.323115 -0.250652
v 0.085830 0.319795 -0.253222
v 0.121819 0.582663 -0.226438
v 0.130392 0.585908 -0.221708
v 0.118323 0.586634 -0.227793
v 0.126843 0.589886 -0.223006
v 0.130392 0.585908 -0.105932
v 0.126840 0.589888 -0.107171
v 0.126837 0.587928 -0.102525
v 0.077422 0.606640 -0.097753
v 0.077422 0.608594 -0.102404
v 0.126764 0.521271 -0.037532
v 0.130392 0.517597 -0.039272
v 0.126762 0.518576 -0.032987
v 0.126777 0.501325 0.028679
v 0.130392 0.498068 0.027339
v 0.126782 0.497852 0.031313
v 0.077422 0.503858 0.048232
v 0.077422 0.507382 0.045611
v 0.126850 0.457199 0.031289
v 0.130392 0.457430 0.027339
v 0.126850 0.454462 0.028552
v 0.118323 0.586634 -0.227793
v 0.126840 0.589888 -0.234368
v 0.121819 0.582663 -0.226438
v 0.130392 0.585908 -0.233088
v 0.130392 0.585908 -0.291131
v 0.126844 0.589886 -0.288140
v 0.126853 0.588456 -0.293208
v 0.077422 0.608594 -0.293281
v 0.077422 0.607114 -0.298318
v 0.130392 0.512563 -0.410033
v 0.127300 0.513952 -0.414761
v 0.127296 0.511087 -0.414764
v 0.077422 0.513177 -0.444167
v 0.077422 0.510258 -0.444138
v 0.130392 0.457790 -0.321158
v 0.126784 0.455882 -0.325197
v 0.126765 0.454446 -0.320132
v 0.077422 0.507382 0.045611
v 0.077422 0.503858 0.048232
v 0.077422 0.526209 -0.017148
v 0.077422 0.444545 0.045495
v 0.077422 0.447281 0.048232
v 0.077422 0.444545 -0.168123
v 0.077422 0.528950 -0.021683
v 0.077422 0.461203 -0.177868
v 0.077422 0.449873 -0.176462
v 0.077422 0.444545 -0.179252
v 0.077422 0.531198 -0.047196
v 0.077422 0.606640 -0.097753
v 0.077422 0.461203 -0.332941
v 0.077422 0.444545 -0.334931
v 0.077422 0.445982 -0.339996
v 0.077422 0.591938 -0.106670
v 0.077422 0.608594 -0.102404
v 0.077422 0.608594 -0.228052
v 0.077422 0.511995 -0.415239
v 0.077422 0.510258 -0.444138
v 0.077422 0.513177 -0.444167
v 0.077422 0.591938 -0.233590
v 0.077422 0.591938 -0.291118
v 0.077422 0.607114 -0.298318
v 0.077422 0.608594 -0.293281
v 0.077422 0.603103 -0.232636
v 0.077422 0.608594 -0.239129
v 0.048812 0.544401 -0.426615
v 0.048812 0.541663 -0.423878
v 0.048812 0.544401 -0.457463
v 0.048812 0.527787 -0.460198
v 0.048812 0.541663 -0.460198
v 0.048812 0.527787 -0.423878
v 0.059626 0.520244 -0.423878
v 0.059626 0.520244 -0.460198
v 0.059626 0.442663 -0.460198
v 0.059626 0.442663 -0.423878
v 0.041147 0.428542 -0.423878
v 0.041147 0.428542 -0.460198
v 0.041147 0.414666 -0.460198
v 0.041147 0.411929 -0.426615
v 0.041147 0.411929 -0.457463
v 0.041147 0.414666 -0.423878
v 0.048812 0.527787 -0.460198
v 0.059626 0.520244 -0.460198
v 0.048812 0.541663 -0.460198
v 0.068674 0.525430 -0.460198
v 0.068674 0.437475 -0.460198
v 0.059626 0.442663 -0.460198
v 0.041147 0.428542 -0.460198
v 0.048812 0.544401 -0.457463
v 0.041147 0.414666 -0.460198
v 0.068902 0.528490 -0.457463
v 0.048812 0.544401 -0.426615
v 0.068919 0.434394 -0.457463
v 0.041147 0.411929 -0.457463
v 0.071047 0.524055 -0.457463
v 0.068902 0.528490 -0.426615
v 0.048812 0.541663 -0.423878
v 0.068674 0.525430 -0.423878
v 0.048812 0.527787 -0.423878
v 0.059626 0.520244 -0.423878
v 0.059626 0.442663 -0.423878
v 0.071047 0.524055 -0.426615
v 0.068919 0.434394 -0.426615
v 0.041147 0.411929 -0.426615
v 0.071047 0.438850 -0.457463
v 0.071047 0.438850 -0.426615
v 0.068674 0.437475 -0.423878
v 0.041147 0.428542 -0.423878
v 0.041147 0.414666 -0.423878
v 0.140277 0.405902 0.808974
v 0.140277 0.388814 0.816050
v 0.140277 0.412979 0.791887
v 0.140277 0.388814 0.767722
v 0.140277 0.405902 0.774798
v 0.140277 0.364650 0.791887
v 0.140277 0.371727 0.808974
v 0.140277 0.371727 0.774798
v -0.106832 0.453346 0.354814
v -0.119519 0.453346 0.354808
v -0.106832 0.453346 0.779545
v -0.119519 0.453346 0.779545
v -0.119519 0.455142 0.350007
v -0.106119 0.455115 0.350046
v -0.119519 0.495009 0.304177
v -0.093027 0.487549 0.312753
v -0.081345 0.495304 0.303838
v -0.079085 0.496805 0.302113
v -0.106832 0.453346 0.354814
v -0.106832 0.453346 0.779545
v -0.106119 0.455115 0.350046
v -0.093027 0.487549 0.749223
v -0.106053 0.455278 0.780415
v -0.093027 0.487549 0.312753
v -0.053709 0.513651 0.724006
v -0.053709 0.513651 0.282512
v -0.015819 0.520390 0.717335
v -0.015819 0.520390 0.282512
v -0.138339 0.543072 -0.006713
v -0.138339 0.558607 -0.018230
v -0.138339 0.521141 0.064134
v -0.138339 0.558607 0.396614
v -0.138339 0.510724 0.308943
v -0.138339 0.510724 0.064134
v -0.138339 0.467583 0.358408
v -0.138339 0.525338 0.414496
v -0.138339 0.467583 0.747761
v -0.138339 0.525338 0.692530
v -0.125764 0.501194 0.051232
v -0.125874 0.508983 0.051322
v -0.136219 0.509569 0.059684
v -0.136117 0.515034 0.059601
v -0.125925 0.512536 0.048743
v -0.136055 0.518570 0.056944
v -0.126173 0.531416 -0.011570
v -0.135806 0.538139 -0.006950
v -0.126189 0.534390 -0.015865
v -0.135791 0.541097 -0.011249
v -0.126226 0.551601 -0.029313
v -0.135754 0.557015 -0.023671
v -0.126135 0.556491 -0.031055
v -0.136154 0.561037 -0.025113
v -0.125517 0.574122 -0.031423
v -0.136265 0.506834 0.062460
v -0.135832 0.506834 0.303062
v -0.125730 0.498463 0.053936
v -0.126124 0.498847 0.300129
v -0.135826 0.505046 0.307868
v -0.126127 0.497057 0.304930
v -0.135826 0.465492 0.353684
v -0.126085 0.457218 0.350744
v -0.124913 0.454329 0.777131
v -0.126077 0.455416 0.355544
v -0.137074 0.463704 0.753887
v -0.135835 0.463704 0.358491
v -0.126081 0.535604 0.699795
v -0.124935 0.456270 0.777947
v -0.135890 0.527579 0.696417
v -0.137045 0.465695 0.754746
v -0.135856 0.529570 0.691804
v -0.136180 0.529570 0.420676
v -0.126105 0.537556 0.695140
v -0.125810 0.537845 0.428149
v -0.136208 0.531976 0.416638
v -0.125785 0.540278 0.424157
v -0.136492 0.560498 0.401192
v -0.125483 0.574369 0.406540
v -0.125422 0.576856 -0.028745
v -0.125461 0.576799 0.402548
v -0.136560 0.562904 -0.022137
v -0.136516 0.562904 0.397154
v -0.015819 0.520390 0.717335
v -0.053709 0.513651 0.724006
v -0.015981 0.537612 0.700626
v -0.119519 0.537611 0.700624
v -0.093027 0.487549 0.749223
v -0.106053 0.455278 0.780415
v -0.119519 0.455311 0.780377
v -0.015995 0.539215 0.424260
v -0.015819 0.520390 0.282512
v -0.016000 0.539575 0.429708
v -0.015819 0.520390 0.717335
v -0.015981 0.537612 0.700626
v -0.016000 0.539575 0.695985
v -0.016000 0.539575 0.695985
v -0.015981 0.537612 0.700626
v -0.119519 0.539575 0.695985
v -0.119519 0.537611 0.700624
v -0.126105 0.537556 0.695140
v -0.119519 0.539575 0.429708
v -0.125810 0.537845 0.428149
v -0.125785 0.540278 0.424157
v -0.119519 0.541435 0.425697
v -0.125483 0.574369 0.406540
v -0.126081 0.535604 0.699795
v -0.135856 0.529570 0.691804
v -0.124935 0.456270 0.777947
v -0.135890 0.527579 0.696417
v -0.119519 0.455311 0.780377
v -0.125461 0.576799 0.402548
v -0.119519 0.579087 -0.029801
v -0.136516 0.562904 0.397154
v -0.136492 0.560498 0.401192
v -0.125422 0.576856 -0.028745
v -0.138339 0.558607 0.396614
v -0.136208 0.531976 0.416638
v -0.136560 0.562904 -0.022137
v -0.138339 0.525338 0.414496
v -0.136180 0.529570 0.420676
v -0.138339 0.525338 0.692530
v -0.137045 0.465695 0.754746
v -0.138339 0.558607 -0.018230
v -0.138339 0.467583 0.747761
v -0.136154 0.561037 -0.025113
v -0.135754 0.557015 -0.023671
v -0.125517 0.574122 -0.031423
v -0.138339 0.543072 -0.006713
v -0.135791 0.541097 -0.011249
v -0.135806 0.538139 -0.006950
v -0.138339 0.521141 0.064134
v -0.136055 0.518570 0.056944
v -0.136117 0.515034 0.059601
v -0.138339 0.510724 0.064134
v -0.136219 0.509569 0.059684
v -0.136265 0.506834 0.062460
v -0.125764 0.501194 0.051232
v -0.138339 0.510724 0.308943
v -0.135832 0.506834 0.303062
v -0.135826 0.505046 0.307868
v -0.138339 0.467583 0.358408
v -0.135826 0.465492 0.353684
v -0.125730 0.498463 0.053936
v -0.135835 0.463704 0.358491
v -0.126085 0.457218 0.350744
v -0.137074 0.463704 0.753887
v -0.124913 0.454329 0.777131
v -0.126077 0.455416 0.355544
v -0.119519 0.453346 0.779545
v -0.106832 0.453346 0.779545
v -0.106053 0.455278 0.780415
v -0.119519 0.453346 0.354808
v -0.119519 0.455142 0.350007
v -0.126127 0.497057 0.304930
v -0.106119 0.455115 0.350046
v -0.106832 0.453346 0.354814
v -0.119519 0.495009 0.304177
v -0.119519 0.496805 0.302113
v -0.126124 0.498847 0.300129
v -0.119519 0.496805 0.052252
v -0.119519 0.499540 0.049516
v -0.125874 0.508983 0.051322
v -0.119519 0.507628 0.049516
v -0.119519 0.511173 0.046902
v -0.125925 0.512536 0.048743
v -0.126173 0.531416 -0.011570
v -0.119519 0.529652 -0.012788
v -0.119519 0.532613 -0.017091
v -0.126189 0.534390 -0.015865
v -0.126226 0.551601 -0.029313
v -0.119519 0.550132 -0.030844
v -0.119519 0.555019 -0.032534
v -0.126135 0.556491 -0.031055
v -0.119519 0.576351 -0.032536
v -0.082089 0.579087 -0.029801
v -0.082089 0.576351 -0.032536
v -0.082089 0.555019 -0.032534
v -0.082089 0.550132 -0.030844
v -0.082089 0.576351 -0.032536
v -0.082089 0.529652 -0.012788
v -0.082089 0.532613 -0.017091
v -0.082089 0.579087 0.046925
v -0.082089 0.579087 -0.029801
v -0.082089 0.511173 0.046902
v -0.119519 0.446723 0.779545
v -0.119519 0.446723 0.063902
v -0.106832 0.446723 0.779545
v -0.106832 0.446723 0.063902
v -0.105786 0.444130 0.060636
v -0.093027 0.412521 0.054167
v -0.106832 0.446723 0.063902
v -0.093027 0.412521 0.749223
v -0.106053 0.444792 0.780415
v -0.106832 0.446723 0.779545
v -0.053709 0.386419 0.724006
v -0.053702 0.386418 0.049516
v -0.019675 0.380365 0.718014
v -0.019721 0.378637 0.049516
v -0.015826 0.377620 0.049516
v -0.015838 0.377716 0.715430
v -0.016000 0.360494 0.428789
v -0.016000 0.360494 0.695985
v -0.015981 0.362458 0.700626
v -0.016046 0.359691 0.426290
v -0.015825 0.360590 0.049516
v -0.119519 0.349030 -0.030096
v -0.082089 0.349030 -0.030096
v -0.119519 0.388461 0.047080
v -0.082089 0.388461 0.047080
v -0.083317 0.392265 0.050039
v -0.082089 0.386970 0.049516
v -0.053702 0.386418 0.049516
v -0.119519 0.392386 0.050064
v -0.093027 0.412521 0.054167
v -0.119519 0.444043 0.060618
v -0.105786 0.444130 0.060636
v -0.082089 0.345554 -0.030950
v -0.082089 0.293226 0.006181
v -0.082089 0.349030 -0.030096
v -0.082089 0.293731 0.049516
v -0.082089 0.386970 0.049516
v -0.082089 0.388461 0.047080
v -0.138339 0.375112 0.692531
v -0.138339 0.375112 0.404409
v -0.138339 0.399874 0.717601
v -0.138339 0.399899 0.082101
v -0.138339 0.336778 0.381078
v -0.138339 0.374967 0.063632
v -0.138339 0.336778 -0.003827
v -0.138339 0.425142 0.082101
v -0.138339 0.432987 0.073601
v -0.138339 0.425072 0.742020
v -0.138339 0.432106 0.747761
v -0.136177 0.436589 0.072792
v -0.125803 0.444975 0.065438
v -0.137078 0.435860 0.753887
v -0.124902 0.445704 0.777147
v -0.136245 0.425072 0.747113
v -0.136923 0.433807 0.754815
v -0.125735 0.425072 0.758943
v -0.124976 0.443788 0.777934
v -0.135862 0.370374 0.691805
v -0.126118 0.362497 0.695133
v -0.136789 0.371123 0.410207
v -0.125192 0.361748 0.426816
v -0.125169 0.359921 0.423817
v -0.136823 0.369393 0.407060
v -0.137411 0.333143 0.384151
v -0.124557 0.295449 0.390295
v -0.137440 0.331410 0.381002
v -0.124540 0.293628 0.387297
v -0.137523 0.331652 -0.010258
v -0.124457 0.293385 0.009281
v -0.125256 0.346276 -0.030519
v -0.136909 0.334650 -0.015478
v -0.124490 0.295624 0.004975
v -0.136339 0.377145 0.057191
v -0.125641 0.386685 0.048674
v -0.125661 0.390610 0.051655
v -0.136321 0.381186 0.060057
v -0.125798 0.442291 0.062158
v -0.136182 0.433899 0.069570
v -0.019675 0.380365 0.718014
v -0.015838 0.377716 0.715430
v -0.015981 0.362458 0.700626
v -0.053709 0.386419 0.724006
v -0.119569 0.362459 0.700624
v -0.120535 0.401129 0.738108
v -0.093027 0.412521 0.749223
v -0.120512 0.423790 0.760067
v -0.119605 0.444759 0.780379
v -0.106053 0.444792 0.780415
v -0.130476 0.403763 0.724105
v -0.130426 0.422585 0.743135
v -0.123642 0.403537 0.732602
v -0.123642 0.422787 0.751296
v -0.132417 0.422526 0.738003
v -0.132417 0.403828 0.718956
v -0.132417 0.422593 0.087333
v -0.132417 0.403852 0.087333
v -0.126107 0.364458 0.699785
v -0.135879 0.372345 0.696430
v -0.125738 0.399848 0.734497
v -0.136242 0.399870 0.722692
v -0.138339 0.425142 0.082101
v -0.138339 0.425072 0.742020
v -0.132417 0.422593 0.087333
v -0.132417 0.422526 0.738003
v -0.138339 0.399899 0.082101
v -0.138339 0.425142 0.082101
v -0.132417 0.403852 0.087333
v -0.132417 0.422593 0.087333
v -0.138339 0.399874 0.717601
v -0.138339 0.399899 0.082101
v -0.132417 0.403828 0.718956
v -0.132417 0.403852 0.087333
v -0.125738 0.399848 0.734497
v -0.136242 0.399870 0.722692
v -0.123642 0.403537 0.732602
v -0.130476 0.403763 0.724105
v -0.125735 0.425072 0.758943
v -0.125738 0.399848 0.734497
v -0.123642 0.422787 0.751296
v -0.123642 0.403537 0.732602
v -0.136245 0.425072 0.747113
v -0.125735 0.425072 0.758943
v -0.130426 0.422585 0.743135
v -0.123642 0.422787 0.751296
v -0.142220 0.339552 0.066811
v -0.142220 0.339552 0.124517
v -0.142220 0.341216 0.063559
v -0.142220 0.386277 0.126568
v -0.142220 0.341604 0.126568
v -0.142220 0.388329 0.086826
v -0.142220 0.388329 0.124517
v -0.142220 0.365024 0.048911
v -0.142220 0.362243 0.048390
v -0.142220 0.387211 0.083054
v -0.148707 0.342932 0.121503
v -0.148707 0.342932 0.067490
v -0.148707 0.384917 0.121503
v -0.148707 0.363399 0.053414
v -0.148707 0.384917 0.086419
v -0.142220 0.386277 0.126568
v -0.142220 0.341604 0.126568
v -0.146255 0.385431 0.124693
v -0.146252 0.342430 0.124695
v -0.142220 0.339552 0.124517
v -0.146241 0.340376 0.122643
v -0.142220 0.339552 0.066811
v -0.145945 0.340314 0.067757
v -0.142220 0.341216 0.063559
v -0.145958 0.341997 0.064533
v -0.142220 0.362243 0.048390
v -0.146242 0.362261 0.050444
v -0.146234 0.387488 0.122642
v -0.145856 0.387567 0.087403
v -0.142220 0.388329 0.124517
v -0.142220 0.388329 0.086826
v -0.145855 0.386448 0.083634
v -0.142220 0.387211 0.083054
v -0.146245 0.365070 0.050990
v -0.142220 0.365024 0.048911
v -0.138339 0.399874 0.717601
v -0.136242 0.399870 0.722692
v -0.138339 0.375112 0.692531
v -0.135879 0.372345 0.696430
v -0.135862 0.370374 0.691805
v -0.136789 0.371123 0.410207
v -0.126118 0.362497 0.695133
v -0.138339 0.375112 0.404409
v -0.136823 0.369393 0.407060
v -0.137411 0.333143 0.384151
v -0.126107 0.364458 0.699785
v -0.138339 0.336778 0.381078
v -0.119519 0.360494 0.695985
v -0.125192 0.361748 0.426816
v -0.119521 0.360494 0.429673
v -0.125169 0.359921 0.423817
v -0.119521 0.359691 0.425647
v -0.124557 0.295449 0.390295
v -0.137440 0.331410 0.381002
v -0.137523 0.331652 -0.010258
v -0.138339 0.336778 -0.003827
v -0.119569 0.362459 0.700624
v -0.016000 0.360494 0.695985
v -0.015981 0.362458 0.700626
v -0.120535 0.401129 0.738108
v -0.125738 0.399848 0.734497
v -0.120512 0.423790 0.760067
v -0.125735 0.425072 0.758943
v -0.119605 0.444759 0.780379
v -0.124976 0.443788 0.777934
v -0.136909 0.334650 -0.015478
v -0.138339 0.374967 0.063632
v -0.124490 0.295624 0.004975
v -0.136339 0.377145 0.057191
v -0.136321 0.381186 0.060057
v -0.136182 0.433899 0.069570
v -0.124457 0.293385 0.009281
v -0.138339 0.432987 0.073601
v -0.136177 0.436589 0.072792
v -0.137078 0.435860 0.753887
v -0.125803 0.444975 0.065438
v -0.125798 0.442291 0.062158
v -0.138339 0.432106 0.747761
v -0.119519 0.446723 0.063902
v -0.124902 0.445704 0.777147
v -0.119519 0.293226 0.006181
v -0.082089 0.293226 0.006181
v -0.086210 0.290995 0.010500
v -0.119519 0.345554 -0.030950
v -0.125256 0.346276 -0.030519
v -0.136923 0.433807 0.754815
v -0.136245 0.425072 0.747113
v -0.138339 0.425072 0.742020
v -0.119519 0.446723 0.779545
v -0.106053 0.444792 0.780415
v -0.106832 0.446723 0.779545
v -0.119519 0.349030 -0.030096
v -0.082089 0.349030 -0.030096
v -0.082089 0.345554 -0.030950
v -0.119519 0.388461 0.047080
v -0.125641 0.386685 0.048674
v -0.119519 0.392386 0.050064
v -0.125661 0.390610 0.051655
v -0.119519 0.444043 0.060618
v -0.106832 0.446723 0.063902
v -0.105786 0.444130 0.060636
v -0.130476 0.403763 0.724105
v -0.132417 0.403828 0.718956
v -0.130426 0.422585 0.743135
v -0.132417 0.422526 0.738003
v -0.138339 0.425072 0.742020
v -0.136245 0.425072 0.747113
v -0.132417 0.422526 0.738003
v -0.130426 0.422585 0.743135
v -0.136242 0.399870 0.722692
v -0.138339 0.399874 0.717601
v -0.130476 0.403763 0.724105
v -0.132417 0.403828 0.718956
v -0.142220 0.388329 0.124517
v -0.142220 0.386277 0.126568
v -0.146234 0.387488 0.122642
v -0.146255 0.385431 0.124693
v -0.148707 0.384917 0.121503
v -0.146252 0.342430 0.124695
v -0.148707 0.384917 0.086419
v -0.145856 0.387567 0.087403
v -0.145855 0.386448 0.083634
v -0.148707 0.342932 0.121503
v -0.146241 0.340376 0.122643
v -0.145945 0.340314 0.067757
v -0.148707 0.363399 0.053414
v -0.148707 0.342932 0.067490
v -0.145958 0.341997 0.064533
v -0.146242 0.362261 0.050444
v -0.146245 0.365070 0.050990
v -0.142220 0.365024 0.048911
v -0.142220 0.362243 0.048390
v -0.138249 0.471753 0.818073
v -0.138249 0.471753 0.793314
v -0.138249 0.490326 0.842629
v -0.138249 0.553903 0.716257
v -0.138249 0.583350 0.842434
v -0.138249 0.636124 0.646451
v -0.138249 0.554783 0.458434
v -0.138249 0.579976 0.440678
v -0.073960 0.594582 0.432159
v -0.073960 0.586254 0.428673
v -0.073960 0.562762 0.444936
v -0.073960 0.657644 0.617240
v -0.073960 0.562762 0.707565
v -0.073960 0.597733 0.840708
v -0.073960 0.493617 0.840708
v -0.073960 0.475500 0.792184
v -0.073960 0.475500 0.818565
v -0.076428 0.611959 0.862817
v -0.076428 0.485876 0.862817
v -0.134464 0.582564 0.846175
v -0.134464 0.491525 0.846175
v -0.076428 0.680094 0.618876
v -0.076428 0.615403 0.860173
v -0.135076 0.639561 0.646517
v -0.135071 0.586291 0.843316
v -0.076428 0.481407 0.860699
v -0.076428 0.455123 0.828574
v -0.134437 0.486987 0.844013
v -0.134397 0.469785 0.821595
v -0.076428 0.453391 0.823721
v -0.134397 0.468043 0.816695
v -0.076428 0.453391 0.785562
v -0.134397 0.468043 0.794336
v -0.076428 0.455356 0.780921
v -0.076428 0.538690 0.700112
v -0.134523 0.470011 0.789606
v -0.134487 0.549419 0.716296
v -0.076428 0.540654 0.695471
v -0.134277 0.551315 0.711336
v -0.076428 0.540654 0.436089
v -0.134278 0.551315 0.458625
v -0.076428 0.612985 0.418074
v -0.076428 0.679868 0.613662
v -0.135441 0.584072 0.437794
v -0.135299 0.639108 0.640852
v -0.076428 0.542903 0.431796
v -0.076428 0.581375 0.405162
v -0.134747 0.553659 0.454112
v -0.134763 0.579220 0.436078
v -0.066729 0.601711 0.845894
v -0.066729 0.663076 0.617003
v -0.073960 0.597733 0.840708
v -0.073960 0.657644 0.617240
v -0.066729 0.598679 0.428252
v -0.073960 0.594582 0.432159
v -0.066729 0.491160 0.845894
v -0.066729 0.601711 0.845894
v -0.073960 0.493617 0.840708
v -0.073960 0.597733 0.840708
v -0.073960 0.493617 0.840708
v -0.073960 0.475500 0.818565
v -0.066729 0.491160 0.845894
v -0.066729 0.470314 0.820416
v -0.073960 0.475500 0.792184
v -0.066729 0.470314 0.789989
v -0.066729 0.557577 0.705370
v -0.066729 0.470314 0.789989
v -0.073960 0.562762 0.707565
v -0.073960 0.475500 0.792184
v -0.066729 0.557577 0.442219
v -0.066729 0.557577 0.705370
v -0.073960 0.562762 0.444936
v -0.073960 0.562762 0.707565
v -0.066729 0.585637 0.422792
v -0.066729 0.557577 0.442219
v -0.073960 0.586254 0.428673
v -0.073960 0.562762 0.444936
v -0.066729 0.598679 0.428252
v -0.066729 0.585637 0.422792
v -0.073960 0.594582 0.432159
v -0.073960 0.586254 0.428673
v -0.076428 0.485876 0.862817
v -0.076428 0.481407 0.860699
v -0.134464 0.491525 0.846175
v -0.134437 0.486987 0.844013
v -0.138249 0.490326 0.842629
v -0.134464 0.582564 0.846175
v -0.138249 0.471753 0.818073
v -0.134397 0.469785 0.821595
v -0.134397 0.468043 0.816695
v -0.138249 0.471753 0.793314
v -0.138249 0.583350 0.842434
v -0.134397 0.468043 0.794336
v -0.135071 0.586291 0.843316
v -0.076428 0.611959 0.862817
v -0.076428 0.615403 0.860173
v -0.135076 0.639561 0.646517
v -0.138249 0.636124 0.646451
v -0.134523 0.470011 0.789606
v -0.138249 0.553903 0.716257
v -0.076428 0.455356 0.780921
v -0.076428 0.453391 0.785562
v -0.134487 0.549419 0.716296
v -0.134277 0.551315 0.711336
v -0.138249 0.554783 0.458434
v -0.134278 0.551315 0.458625
v -0.135299 0.639108 0.640852
v -0.076428 0.680094 0.618876
v -0.076428 0.679868 0.613662
v -0.135441 0.584072 0.437794
v -0.138249 0.579976 0.440678
v -0.134747 0.553659 0.454112
v -0.076428 0.542903 0.431796
v -0.076428 0.540654 0.436089
v -0.134763 0.579220 0.436078
v -0.126747 0.584507 0.431238
v -0.076428 0.612985 0.418074
v -0.076428 0.609527 0.414448
v -0.076428 0.586148 0.404661
v -0.076428 0.581375 0.405162
v -0.138249 0.427322 0.818073
v -0.138249 0.408748 0.842629
v -0.138249 0.427322 0.793314
v -0.138249 0.345171 0.716257
v -0.138249 0.315724 0.842434
v -0.138249 0.262949 0.646451
v -0.138249 0.344292 0.458434
v -0.138249 0.319098 0.440678
v -0.073960 0.312819 0.428673
v -0.073960 0.304493 0.432159
v -0.073960 0.336312 0.444936
v -0.073960 0.241430 0.617240
v -0.073960 0.336312 0.707565
v -0.073960 0.301341 0.840708
v -0.073960 0.405457 0.840708
v -0.073960 0.423575 0.792184
v -0.073960 0.423575 0.818565
v -0.134464 0.407549 0.846175
v -0.076428 0.413198 0.862817
v -0.134465 0.316509 0.846175
v -0.076428 0.287116 0.862817
v -0.135071 0.312783 0.843316
v -0.076428 0.283672 0.860173
v -0.135076 0.259514 0.646517
v -0.076428 0.218980 0.618876
v -0.134397 0.429290 0.821595
v -0.076428 0.443951 0.828574
v -0.134437 0.412088 0.844013
v -0.076428 0.417667 0.860699
v -0.134397 0.431031 0.794336
v -0.076428 0.445683 0.785562
v -0.134397 0.431031 0.816695
v -0.076428 0.445683 0.823721
v -0.076428 0.443719 0.780921
v -0.134523 0.429062 0.789606
v -0.076428 0.360385 0.700112
v -0.134488 0.349656 0.716297
v -0.076428 0.358421 0.695471
v -0.134278 0.347759 0.711336
v -0.076428 0.358421 0.436089
v -0.134278 0.347759 0.458625
v -0.135299 0.259966 0.640852
v -0.076428 0.219207 0.613662
v -0.135442 0.315001 0.437794
v -0.076428 0.286089 0.418074
v -0.134763 0.319854 0.436078
v -0.076428 0.317699 0.405162
v -0.134747 0.345415 0.454112
v -0.076428 0.356172 0.431796
v -0.066729 0.297363 0.845894
v -0.073960 0.301341 0.840708
v -0.066729 0.235998 0.617003
v -0.073960 0.241430 0.617240
v -0.066729 0.300394 0.428252
v -0.073960 0.304493 0.432159
v -0.073960 0.301341 0.840708
v -0.066729 0.297363 0.845894
v -0.073960 0.405457 0.840708
v -0.066729 0.407915 0.845894
v -0.073960 0.405457 0.840708
v -0.066729 0.407915 0.845894
v -0.073960 0.423575 0.818565
v -0.066729 0.428761 0.820416
v -0.073960 0.423575 0.792184
v -0.066729 0.428761 0.789989
v -0.073960 0.423575 0.792184
v -0.066729 0.428761 0.789989
v -0.073960 0.336312 0.707565
v -0.066729 0.341497 0.705370
v -0.073960 0.336312 0.707565
v -0.066729 0.341497 0.705370
v -0.073960 0.336312 0.444936
v -0.066729 0.341497 0.442219
v -0.073960 0.336312 0.444936
v -0.066729 0.341497 0.442219
v -0.073960 0.312819 0.428673
v -0.066729 0.313436 0.422792
v -0.073960 0.312819 0.428673
v -0.066729 0.313436 0.422792
v -0.073960 0.304493 0.432159
v -0.066729 0.300394 0.428252
v -0.076428 0.413198 0.862817
v -0.134464 0.407549 0.846175
v -0.076428 0.417667 0.860699
v -0.134437 0.412088 0.844013
v -0.138249 0.408748 0.842629
v -0.134465 0.316509 0.846175
v -0.138249 0.427322 0.818073
v -0.138249 0.315724 0.842434
v -0.134397 0.429290 0.821595
v -0.135071 0.312783 0.843316
v -0.076428 0.287116 0.862817
v -0.076428 0.283672 0.860173
v -0.135076 0.259514 0.646517
v -0.138249 0.262949 0.646451
v -0.134397 0.431031 0.816695
v -0.138249 0.427322 0.793314
v -0.076428 0.445683 0.823721
v -0.076428 0.443951 0.828574
v -0.134397 0.431031 0.794336
v -0.135299 0.259966 0.640852
v -0.076428 0.218980 0.618876
v -0.076428 0.219207 0.613662
v -0.135442 0.315001 0.437794
v -0.138249 0.319098 0.440678
v -0.134523 0.429062 0.789606
v -0.138249 0.345171 0.716257
v -0.076428 0.443719 0.780921
v -0.076428 0.445683 0.785562
v -0.134488 0.349656 0.716297
v -0.134278 0.347759 0.711336
v -0.138249 0.344292 0.458434
v -0.134278 0.347759 0.458625
v -0.134747 0.345415 0.454112
v -0.076428 0.356172 0.431796
v -0.076428 0.358421 0.436089
v -0.134763 0.319854 0.436078
v -0.126747 0.314568 0.431238
v -0.076428 0.286089 0.418074
v -0.076428 0.289548 0.414448
v -0.076428 0.312927 0.404661
v -0.076428 0.317699 0.405162
v -0.085659 0.512106 -0.403744
v -0.085659 0.467333 -0.331201
v -0.085659 0.467333 -0.179407
v -0.085659 0.585806 -0.289315
v -0.085659 0.585806 -0.233590
v -0.085659 0.585806 -0.109248
v -0.085659 0.532746 -0.057293
v -0.077422 0.513177 -0.444167
v -0.077422 0.607114 -0.298318
v -0.127300 0.513952 -0.414761
v -0.126853 0.588456 -0.293208
v -0.127296 0.511087 -0.414764
v -0.126784 0.455882 -0.325197
v -0.077422 0.510258 -0.444138
v -0.077422 0.445982 -0.339996
v -0.126765 0.454446 -0.320132
v -0.077422 0.444545 -0.334931
v -0.077422 0.444545 -0.179252
v -0.126500 0.454392 -0.184893
v -0.130392 0.457790 -0.321158
v -0.118524 0.458304 -0.180674
v -0.077422 0.449873 -0.176462
v -0.130392 0.457790 -0.186277
v -0.122407 0.461671 -0.182017
v -0.121819 0.582663 -0.226438
v -0.130392 0.585908 -0.233088
v -0.130392 0.585908 -0.291131
v -0.130392 0.512563 -0.410033
v -0.077422 0.608594 -0.293281
v -0.077422 0.608594 -0.239129
v -0.126844 0.589886 -0.288140
v -0.126840 0.589888 -0.234368
v -0.077422 0.603103 -0.232636
v -0.118323 0.586634 -0.227793
v -0.077422 0.606641 -0.097753
v -0.077422 0.528950 -0.021683
v -0.126837 0.587928 -0.102525
v -0.126764 0.521271 -0.037532
v -0.077422 0.526209 -0.017148
v -0.126762 0.518576 -0.032987
v -0.077422 0.507382 0.045611
v -0.126777 0.501325 0.028679
v -0.077422 0.503858 0.048232
v -0.077422 0.447281 0.048232
v -0.126782 0.497852 0.031313
v -0.126850 0.457199 0.031289
v -0.077422 0.444545 0.045495
v -0.126850 0.454462 0.028552
v -0.077422 0.444545 -0.168123
v -0.126497 0.454392 -0.173634
v -0.077422 0.449873 -0.176462
v -0.118524 0.458304 -0.180674
v -0.130392 0.457430 0.027339
v -0.122407 0.461671 -0.182017
v -0.130392 0.457430 -0.175007
v -0.130392 0.517597 -0.039272
v -0.130392 0.498068 0.027339
v -0.130392 0.585908 -0.105932
v -0.130392 0.585908 -0.221708
v -0.121819 0.582663 -0.226438
v -0.055020 0.385298 -0.259067
v -0.055020 0.373733 -0.270631
v -0.055020 0.386748 -0.255564
v -0.055020 0.304900 -0.272083
v -0.055020 0.370230 -0.272083
v -0.055020 0.370230 -0.203730
v -0.055020 0.385298 -0.216746
v -0.055020 0.386748 -0.220249
v -0.055020 0.373733 -0.205182
v -0.055020 0.302847 -0.205783
v -0.055020 0.302847 -0.270030
v -0.055020 0.304900 -0.203730
v -0.053999 0.288358 -0.280778
v -0.053999 0.311336 -0.280485
v -0.053999 0.287211 -0.282146
v -0.053999 0.292011 -0.305126
v -0.053999 0.290912 -0.304824
v -0.053999 0.292180 -0.307054
v -0.053999 0.311823 -0.281515
v -0.053999 0.313751 -0.281347
v -0.053999 0.341651 -0.304756
v -0.053999 0.332513 -0.329376
v -0.053999 0.320079 -0.330465
v -0.053999 0.342738 -0.317191
v -0.071945 0.332666 -0.315001
v -0.071945 0.328555 -0.319901
v -0.071945 0.330479 -0.308990
v -0.071945 0.320066 -0.312780
v -0.071945 0.324178 -0.307879
v -0.071945 0.322254 -0.318791
v -0.051517 0.347797 -0.221968
v -0.051517 0.347797 -0.321503
v -0.051517 0.376240 -0.321503
v -0.051517 0.372546 -0.288998
v -0.051517 0.372546 -0.221968
v -0.049465 0.374597 -0.221968
v -0.051517 0.376240 -0.295216
v -0.049465 0.378293 -0.321503
v -0.049465 0.378293 -0.296020
v -0.028179 0.378293 -0.321503
v -0.028179 0.378293 -0.296020
v -0.028179 0.377594 -0.293476
v -0.049465 0.377594 -0.293476
v -0.049465 0.375296 -0.289610
v -0.028179 0.375296 -0.289610
v -0.028179 0.374597 -0.287067
v -0.028179 0.374597 -0.221968
v -0.049465 0.374597 -0.287067
v -0.051517 0.376240 -0.321503
v -0.051517 0.347797 -0.321503
v -0.049465 0.378293 -0.321503
v -0.028179 0.347797 -0.321503
v -0.028179 0.378293 -0.321503
v -0.028179 0.347797 -0.321503
v -0.051517 0.347797 -0.321503
v -0.028179 0.347797 -0.221968
v -0.051517 0.347797 -0.221968
v -0.028179 0.347797 -0.221968
v -0.051517 0.347797 -0.221968
v -0.028179 0.374597 -0.221968
v -0.051517 0.372546 -0.221968
v -0.049465 0.374597 -0.221968
v -0.028179 0.378293 -0.296020
v -0.028179 0.378293 -0.321503
v -0.028179 0.377594 -0.293476
v -0.028179 0.375296 -0.289610
v -0.028179 0.347797 -0.221968
v -0.028179 0.347797 -0.321503
v -0.028179 0.374597 -0.287067
v -0.028179 0.374597 -0.221968
v -0.077422 0.608594 -0.102404
v -0.126840 0.589888 -0.107171
v -0.077422 0.608594 -0.228052
v -0.126843 0.589886 -0.223006
v -0.118323 0.586634 -0.227793
v -0.077422 0.603103 -0.232636
v -0.077422 0.511995 -0.415239
v -0.077422 0.461203 -0.332941
v -0.085659 0.512106 -0.403744
v -0.085659 0.467333 -0.331201
v -0.077422 0.461203 -0.177868
v -0.085659 0.467333 -0.179407
v -0.077422 0.531198 -0.047196
v -0.085659 0.532746 -0.057293
v -0.085659 0.512106 -0.403744
v -0.085659 0.585806 -0.289315
v -0.077422 0.511995 -0.415239
v -0.077422 0.591938 -0.291118
v -0.085659 0.585806 -0.233590
v -0.077422 0.591938 -0.233590
v -0.085659 0.585806 -0.109248
v -0.077422 0.591938 -0.106670
v -0.085659 0.532746 -0.057293
v -0.077422 0.531198 -0.047196
v -0.131937 0.541473 -0.205446
v -0.131937 0.531557 -0.201836
v -0.131937 0.549763 -0.182668
v -0.131937 0.539847 -0.179060
v -0.136203 0.540118 -0.183457
v -0.136203 0.534593 -0.198642
v -0.136203 0.546729 -0.185862
v -0.136203 0.541203 -0.201047
v -0.131937 0.539847 -0.179060
v -0.131937 0.531557 -0.201836
v -0.136203 0.540118 -0.183457
v -0.136203 0.534593 -0.198642
v -0.131937 0.549763 -0.182668
v -0.131937 0.539847 -0.179060
v -0.136203 0.546729 -0.185862
v -0.136203 0.540118 -0.183457
v -0.131937 0.541473 -0.205446
v -0.131937 0.549763 -0.182668
v -0.136203 0.541203 -0.201047
v -0.136203 0.546729 -0.185862
v -0.131937 0.531557 -0.201836
v -0.131937 0.541473 -0.205446
v -0.136203 0.534593 -0.198642
v -0.136203 0.541203 -0.201047
v -0.131937 0.505170 -0.192232
v -0.131937 0.495254 -0.188623
v -0.131937 0.513460 -0.169454
v -0.131937 0.503544 -0.165846
v -0.136203 0.503814 -0.170243
v -0.136203 0.498288 -0.185428
v -0.136203 0.510424 -0.172649
v -0.136203 0.504898 -0.187834
v -0.131937 0.503544 -0.165846
v -0.131937 0.495254 -0.188623
v -0.136203 0.503814 -0.170243
v -0.136203 0.498288 -0.185428
v -0.131937 0.513460 -0.169454
v -0.131937 0.503544 -0.165846
v -0.136203 0.510424 -0.172649
v -0.136203 0.503814 -0.170243
v -0.131937 0.505170 -0.192232
v -0.131937 0.513460 -0.169454
v -0.136203 0.504898 -0.187834
v -0.136203 0.510424 -0.172649
v -0.131937 0.495254 -0.188623
v -0.131937 0.505170 -0.192232
v -0.136203 0.498288 -0.185428
v -0.136203 0.504898 -0.187834
v -0.084728 0.573885 -0.288821
v -0.084728 0.573885 -0.268128
v -0.084728 0.571832 -0.290873
v -0.084728 0.523690 -0.266076
v -0.084728 0.571832 -0.266076
v -0.084728 0.521638 -0.288821
v -0.084728 0.523690 -0.290873
v -0.084728 0.521638 -0.268128
v -0.084728 0.573885 -0.137753
v -0.084728 0.573885 -0.117061
v -0.084728 0.571832 -0.139806
v -0.084728 0.523690 -0.115008
v -0.084728 0.571832 -0.115008
v -0.084728 0.521638 -0.137753
v -0.084728 0.523690 -0.139806
v -0.084728 0.521638 -0.117061
v -0.085830 0.359883 -0.253222
v -0.085830 0.319795 -0.253222
v -0.085830 0.359883 -0.222180
v -0.085830 0.319795 -0.222180
v -0.092456 0.323115 -0.224751
v -0.092456 0.323115 -0.250652
v -0.092456 0.356562 -0.224751
v -0.092456 0.356562 -0.250652
v -0.085830 0.319795 -0.222180
v -0.085830 0.319795 -0.253222
v -0.092456 0.323115 -0.224751
v -0.092456 0.323115 -0.250652
v -0.085830 0.359883 -0.222180
v -0.085830 0.319795 -0.222180
v -0.092456 0.356562 -0.224751
v -0.092456 0.323115 -0.224751
v -0.085830 0.359883 -0.253222
v -0.085830 0.359883 -0.222180
v -0.092456 0.356562 -0.250652
v -0.092456 0.356562 -0.224751
v -0.085830 0.319795 -0.253222
v -0.085830 0.359883 -0.253222
v -0.092456 0.323115 -0.250652
v -0.092456 0.356562 -0.250652
v -0.121819 0.582663 -0.226438
v -0.118323 0.586634 -0.227793
v -0.130392 0.585908 -0.221708
v -0.126843 0.589886 -0.223006
v -0.130392 0.585908 -0.105932
v -0.126840 0.589888 -0.107171
v -0.126837 0.587928 -0.102525
v -0.077422 0.606641 -0.097753
v -0.077422 0.608594 -0.102404
v -0.126764 0.521271 -0.037532
v -0.130392 0.517597 -0.039272
v -0.126762 0.518576 -0.032987
v -0.126777 0.501325 0.028679
v -0.130392 0.498068 0.027339
v -0.126782 0.497852 0.031313
v -0.077422 0.503858 0.048232
v -0.077422 0.507382 0.045611
v -0.126850 0.457199 0.031289
v -0.130392 0.457430 0.027339
v -0.126850 0.454462 0.028552
v -0.118323 0.586634 -0.227793
v -0.121819 0.582663 -0.226438
v -0.126840 0.589888 -0.234368
v -0.130392 0.585908 -0.233088
v -0.130392 0.585908 -0.291131
v -0.126844 0.589886 -0.288140
v -0.126853 0.588456 -0.293208
v -0.077422 0.608594 -0.293281
v -0.077422 0.607114 -0.298318
v -0.130392 0.512563 -0.410033
v -0.127300 0.513952 -0.414761
v -0.127296 0.511087 -0.414764
v -0.077422 0.513177 -0.444167
v -0.077422 0.510258 -0.444138
v -0.130392 0.457790 -0.321158
v -0.126784 0.455882 -0.325197
v -0.126765 0.454446 -0.320132
v -0.077422 0.447281 0.048232
v -0.077422 0.503858 0.048232
v -0.077422 0.444545 0.045495
v -0.077422 0.526209 -0.017148
v -0.077422 0.507382 0.045611
v -0.077422 0.444545 -0.168123
v -0.077422 0.528950 -0.021683
v -0.077422 0.461203 -0.177868
v -0.077422 0.449873 -0.176462
v -0.077422 0.444545 -0.179252
v -0.077422 0.531198 -0.047196
v -0.077422 0.606641 -0.097753
v -0.077422 0.461203 -0.332941
v -0.077422 0.444545 -0.334931
v -0.077422 0.445982 -0.339996
v -0.077422 0.591938 -0.106670
v -0.077422 0.608594 -0.102404
v -0.077422 0.608594 -0.228052
v -0.077422 0.511995 -0.415239
v -0.077422 0.510258 -0.444138
v -0.077422 0.513177 -0.444167
v -0.077422 0.591938 -0.233590
v -0.077422 0.591938 -0.291118
v -0.077422 0.607114 -0.298318
v -0.077422 0.608594 -0.293281
v -0.077422 0.603103 -0.232636
v -0.077422 0.608594 -0.239129
v -0.048813 0.541663 -0.460198
v -0.048813 0.527787 -0.460198
v -0.048813 0.544401 -0.457463
v -0.048813 0.541663 -0.423878
v -0.048813 0.544401 -0.426615
v -0.048813 0.527787 -0.423878
v -0.059626 0.520244 -0.423878
v -0.059626 0.520244 -0.460198
v -0.059626 0.442663 -0.460198
v -0.059626 0.442663 -0.423878
v -0.041148 0.428542 -0.423878
v -0.041148 0.428542 -0.460198
v -0.041148 0.414666 -0.460198
v -0.041148 0.411929 -0.426615
v -0.041148 0.411929 -0.457463
v -0.041148 0.414666 -0.423878
v -0.048813 0.527787 -0.460198
v -0.048813 0.541663 -0.460198
v -0.059626 0.520244 -0.460198
v -0.068673 0.525430 -0.460198
v -0.068673 0.437475 -0.460198
v -0.059626 0.442663 -0.460198
v -0.041148 0.428542 -0.460198
v -0.048813 0.544401 -0.457463
v -0.041148 0.414666 -0.460198
v -0.068902 0.528490 -0.457463
v -0.048813 0.544401 -0.426615
v -0.068919 0.434394 -0.457463
v -0.041148 0.411929 -0.457463
v -0.071047 0.524055 -0.457463
v -0.068902 0.528490 -0.426615
v -0.048813 0.541663 -0.423878
v -0.068673 0.525430 -0.423878
v -0.048813 0.527787 -0.423878
v -0.059626 0.520244 -0.423878
v -0.059626 0.442663 -0.423878
v -0.071047 0.524056 -0.426615
v -0.068919 0.434394 -0.426615
v -0.041148 0.411929 -0.426615
v -0.071047 0.438850 -0.457463
v -0.071047 0.438850 -0.426615
v -0.068673 0.437475 -0.423878
v -0.041148 0.428542 -0.423878
v -0.041148 0.414666 -0.423878
v -0.140277 0.405902 0.774798
v -0.140277 0.388814 0.767722
v -0.140277 0.412979 0.791887
v -0.140277 0.388814 0.816050
v -0.140277 0.405902 0.808974
v -0.140277 0.364650 0.791887
v -0.140277 0.371727 0.774798
v -0.140277 0.371727 0.808974
v -0.085955 0.392512 0.903284
v -0.051634 0.358190 0.903284
v -0.085955 0.392512 0.867352
v -0.051634 0.358190 0.867352
v -0.000000 0.344355 0.903284
v -0.000000 0.344355 0.867352
v 0.051634 0.358190 0.903284
v 0.051634 0.358190 0.867352
v 0.085956 0.392512 0.903284
v 0.085956 0.392512 0.867352
v -0.049831 0.413368 0.867352
v -0.030777 0.394315 0.867352
v -0.049831 0.413368 0.903284
v -0.030777 0.394315 0.903284
v -0.000000 0.386068 0.867352
v -0.053882 0.411029 0.906234
v -0.000000 0.386068 0.903284
v 0.030777 0.394315 0.867352
v -0.033117 0.390263 0.906234
v 0.030777 0.394315 0.903284
v 0.049831 0.413368 0.867352
v 0.049831 0.413368 0.903284
v -0.000000 0.381390 0.906234
v 0.033117 0.390263 0.906234
v 0.053882 0.411029 0.906234
v -0.082714 0.394383 0.906234
v -0.054327 0.412860 0.903284
v -0.049762 0.361432 0.906234
v -0.084512 0.395433 0.903284
v -0.054341 0.412851 0.867352
v -0.084512 0.395433 0.867352
v -0.000000 0.348098 0.906234
v 0.049762 0.361432 0.906234
v 0.082714 0.394383 0.906234
v 0.084511 0.395433 0.903284
v 0.054327 0.412860 0.903284
v 0.084511 0.395433 0.867352
v 0.054191 0.412811 0.867352
v -0.082714 0.394383 0.865070
v -0.049762 0.361432 0.865070
v -0.052263 0.411965 0.865070
v -0.032182 0.391884 0.865070
v -0.000000 0.348098 0.865070
v -0.000000 0.383260 0.865070
v 0.049762 0.361432 0.865070
v 0.032182 0.391884 0.865070
v 0.082714 0.394383 0.865070
v 0.052263 0.411965 0.865070
v -0.087454 0.400528 0.903284
v -0.090705 0.400739 0.903284
v -0.087464 0.402610 0.906234
v -0.103269 0.447622 0.903284
v -0.099524 0.447622 0.906234
v -0.089432 0.499256 0.903284
v -0.086191 0.497386 0.906234
v -0.051634 0.537056 0.903284
v -0.049762 0.533814 0.906234
v -0.000000 0.550891 0.903284
v -0.000000 0.547148 0.906234
v 0.051634 0.537056 0.903284
v 0.049762 0.533814 0.906234
v 0.089432 0.499256 0.903284
v 0.086191 0.497386 0.906234
v 0.103268 0.447622 0.903284
v 0.099526 0.447622 0.906234
v 0.090706 0.400739 0.903284
v 0.087464 0.402610 0.906234
v 0.087454 0.400528 0.903284
v 0.054327 0.412860 0.903284
v 0.053882 0.411029 0.906234
v 0.049831 0.413368 0.903284
v 0.054191 0.412811 0.867352
v 0.049831 0.413368 0.867352
v 0.052263 0.411965 0.865070
v 0.030777 0.394315 0.867352
v 0.032182 0.391884 0.865070
v -0.000000 0.386068 0.867352
v -0.000000 0.383260 0.865070
v -0.030777 0.394315 0.867352
v -0.032182 0.391884 0.865070
v 0.082714 0.394383 0.865070
v -0.049831 0.413368 0.867352
v -0.052263 0.411965 0.865070
v 0.084511 0.395433 0.867352
v -0.054341 0.412851 0.867352
v -0.049831 0.413368 0.903284
v -0.082714 0.394383 0.865070
v -0.054327 0.412860 0.903284
v -0.053882 0.411029 0.906234
v -0.084512 0.395433 0.867352
v 0.085956 0.392512 0.867352
v 0.049762 0.361432 0.865070
v 0.051634 0.358190 0.867352
v -0.000000 0.348098 0.865070
v -0.000000 0.344355 0.867352
v -0.049762 0.361432 0.865070
v -0.051634 0.358190 0.867352
v 0.085956 0.392512 0.903284
v 0.084511 0.395433 0.903284
v 0.082714 0.394383 0.906234
v 0.051634 0.358190 0.903284
v 0.049762 0.361432 0.906234
v -0.000000 0.344355 0.903284
v -0.000000 0.348098 0.906234
v -0.051634 0.358190 0.903284
v -0.049762 0.361432 0.906234
v -0.085955 0.392512 0.867352
v -0.084512 0.395433 0.903284
v -0.085955 0.392512 0.903284
v -0.082714 0.394383 0.906234
v -0.087454 0.400528 0.867352
v -0.087464 0.402610 0.865070
v -0.090705 0.400739 0.867352
v -0.099524 0.447622 0.865070
v -0.103269 0.447622 0.867352
v -0.086191 0.497386 0.865070
v -0.089432 0.499256 0.867352
v -0.049762 0.533814 0.865070
v -0.051634 0.537056 0.867352
v -0.000000 0.547148 0.865070
v -0.000000 0.550891 0.867352
v 0.049762 0.533814 0.865070
v 0.051634 0.537056 0.867352
v 0.086191 0.497386 0.865070
v 0.089432 0.499256 0.867352
v 0.099526 0.447622 0.865070
v 0.103268 0.447622 0.867352
v 0.087464 0.402610 0.865070
v 0.090706 0.400739 0.867352
v 0.087454 0.400528 0.867352
v -0.057213 0.417988 0.867352
v -0.054581 0.421595 0.867352
v -0.057012 0.420192 0.865070
v -0.061554 0.447622 0.867352
v -0.064362 0.447622 0.865070
v -0.053308 0.478401 0.867352
v -0.055739 0.479804 0.865070
v -0.030777 0.500931 0.867352
v -0.032182 0.503362 0.865070
v -0.000000 0.509178 0.867352
v -0.000000 0.511985 0.865070
v 0.030777 0.500931 0.867352
v 0.032182 0.503362 0.865070
v 0.053308 0.478401 0.867352
v 0.055740 0.479804 0.865070
v 0.061556 0.447622 0.867352
v 0.064362 0.447622 0.865070
v 0.054581 0.421595 0.867352
v 0.057012 0.420192 0.865070
v 0.057197 0.417997 0.867352
v 0.063210 0.359510 0.706487
v 0.063210 0.359510 0.834281
v 0.063210 0.446707 0.791080
v 0.063210 0.375082 0.862116
v 0.063210 0.446707 0.862116
v 0.059684 0.357159 0.832242
v 0.059683 0.357159 0.704587
v 0.010128 0.357159 0.832242
v 0.010128 0.357159 0.704587
v 0.059684 0.372148 0.862450
v 0.059684 0.358468 0.837381
v 0.010128 0.372148 0.862450
v 0.010128 0.358468 0.837381
v 0.008108 0.359510 0.706487
v 0.008108 0.401705 0.744199
v 0.008108 0.359510 0.834281
v 0.008108 0.401705 0.862116
v 0.008108 0.375082 0.862116
v 0.051290 0.446707 0.791080
v 0.042671 0.420512 0.765637
v 0.063210 0.446707 0.791080
v 0.063210 0.359510 0.706487
v 0.016622 0.401705 0.747563
v 0.059683 0.357159 0.704587
v 0.008108 0.401705 0.744199
v 0.008108 0.359510 0.706487
v 0.010128 0.357159 0.704587
v 0.059684 0.446707 0.864851
v 0.051290 0.446707 0.864851
v 0.063210 0.446707 0.862116
v 0.051290 0.446707 0.791080
v 0.063210 0.446707 0.791080
v 0.051290 0.446707 0.791080
v 0.051290 0.446707 0.864851
v 0.042671 0.420512 0.765637
v 0.042672 0.420515 0.864851
v 0.016619 0.401705 0.864851
v 0.016622 0.401705 0.747563
v 0.010048 0.401705 0.864851
v 0.008108 0.401705 0.744199
v 0.008108 0.401705 0.862116
v 0.059684 0.446707 0.864851
v 0.059684 0.376194 0.864851
v 0.051290 0.446707 0.864851
v 0.042672 0.420515 0.864851
v 0.016619 0.401705 0.864851
v 0.010122 0.376194 0.864851
v 0.010048 0.401705 0.864851
v -0.063210 0.446707 0.862116
v -0.063210 0.375082 0.862116
v -0.063210 0.446707 0.791080
v -0.063210 0.359510 0.834281
v -0.063210 0.359510 0.706487
v -0.010128 0.357159 0.704587
v -0.059684 0.357159 0.704587
v -0.010128 0.357159 0.832242
v -0.059684 0.357159 0.832242
v -0.010128 0.358468 0.837381
v -0.059684 0.358468 0.837381
v -0.010128 0.372148 0.862450
v -0.059684 0.372148 0.862450
v -0.008108 0.375082 0.862116
v -0.008108 0.401705 0.862116
v -0.008108 0.359510 0.834281
v -0.008108 0.401705 0.744199
v -0.008108 0.359510 0.706487
v -0.051290 0.446707 0.791080
v -0.063210 0.446707 0.791080
v -0.042671 0.420512 0.765637
v -0.063210 0.359510 0.706487
v -0.016622 0.401705 0.747563
v -0.008108 0.401705 0.744199
v -0.010128 0.357159 0.704587
v -0.008108 0.359510 0.706487
v -0.059684 0.357159 0.704587
v -0.063210 0.446707 0.862116
v -0.063210 0.446707 0.791080
v -0.059684 0.446707 0.864851
v -0.051290 0.446707 0.791080
v -0.051290 0.446707 0.864851
v -0.051290 0.446707 0.791080
v -0.042671 0.420512 0.765637
v -0.051290 0.446707 0.864851
v -0.042673 0.420515 0.864851
v -0.016618 0.401705 0.864851
v -0.016622 0.401705 0.747563
v -0.008108 0.401705 0.862116
v -0.010048 0.401705 0.864851
v -0.008108 0.401705 0.744199
v -0.059684 0.446707 0.864851
v -0.051290 0.446707 0.864851
v -0.059684 0.376194 0.864851
v -0.042673 0.420515 0.864851
v -0.016618 0.401705 0.864851
v -0.010122 0.376194 0.864851
v -0.010048 0.401705 0.864851
v -0.008932 0.365816 0.836107
v -0.008932 0.372266 0.824936
v -0.008932 0.372266 0.847279
v -0.008932 0.391616 0.836107
v -0.008932 0.385166 0.847279
v -0.008932 0.385166 0.824936
v 0.008932 0.385166 0.824936
v 0.008932 0.372266 0.824936
v 0.008932 0.391616 0.836107
v 0.008932 0.372266 0.847279
v 0.008932 0.385166 0.847279
v 0.008932 0.365816 0.836107
v 0.063210 0.359510 0.706487
v 0.059683 0.357159 0.704587
v 0.063210 0.359510 0.834281
v 0.059684 0.357159 0.832242
v 0.059684 0.358468 0.837381
v 0.059684 0.372148 0.862450
v 0.010128 0.358468 0.837381
v 0.010128 0.357159 0.832242
v 0.063210 0.375082 0.862116
v 0.008108 0.359510 0.834281
v 0.010128 0.357159 0.704587
v 0.008108 0.359510 0.706487
v 0.008108 0.375082 0.862116
v 0.010128 0.372148 0.862450
v 0.010122 0.376194 0.864851
v 0.010048 0.401705 0.864851
v 0.008108 0.401705 0.862116
v 0.059684 0.376194 0.864851
v 0.059684 0.446707 0.864851
v 0.063210 0.446707 0.862116
v -0.063210 0.359510 0.706487
v -0.063210 0.359510 0.834281
v -0.059684 0.357159 0.704587
v -0.059684 0.357159 0.832242
v -0.059684 0.358468 0.837381
v -0.063210 0.375082 0.862116
v -0.010128 0.357159 0.832242
v -0.010128 0.358468 0.837381
v -0.008108 0.359510 0.834281
v -0.059684 0.372148 0.862450
v -0.059684 0.376194 0.864851
v -0.010128 0.372148 0.862450
v -0.008108 0.359510 0.834281
v -0.008108 0.375082 0.862116
v -0.059684 0.446707 0.864851
v -0.063210 0.446707 0.862116
v -0.010122 0.376194 0.864851
v -0.008108 0.375082 0.862116
v -0.008108 0.359510 0.834281
v -0.010128 0.357159 0.704587
v -0.008108 0.359510 0.706487
v -0.010048 0.401705 0.864851
v -0.008108 0.375082 0.862116
v -0.008108 0.401705 0.862116
v 0.060827 0.277942 0.388928
v 0.060827 0.251076 0.418157
v 0.060827 0.360147 0.432295
v 0.060827 0.257911 0.508875
v 0.060827 0.308703 0.605404
v 0.060827 0.360147 0.605404
v -0.060827 0.360147 0.605404
v -0.060827 0.308703 0.605404
v -0.060827 0.360147 0.432295
v -0.060827 0.257911 0.508875
v -0.060827 0.251076 0.418157
v -0.060827 0.277942 0.388928
v -0.056772 0.248463 0.419908
v -0.056772 0.255019 0.506918
v 0.056771 0.248463 0.419908
v 0.056771 0.255019 0.506918
v -0.056772 0.360147 0.429559
v -0.056772 0.279775 0.386804
v 0.056771 0.360147 0.429559
v 0.056771 0.279775 0.386804
v -0.056772 0.275509 0.387532
v -0.056772 0.250110 0.415165
v 0.056771 0.275509 0.387532
v 0.056771 0.250110 0.415165
v 0.056771 0.360147 0.608139
v 0.030695 0.360147 0.608139
v 0.060827 0.360147 0.605404
v 0.030918 0.360147 0.555348
v 0.060184 0.360147 0.432261
v 0.060827 0.360147 0.432295
v 0.056771 0.360147 0.429559
v -0.030918 0.360147 0.555348
v -0.060184 0.360147 0.432261
v -0.056772 0.360147 0.429559
v -0.060827 0.360147 0.432295
v -0.030695 0.360147 0.608139
v -0.056771 0.360147 0.608139
v -0.060827 0.360147 0.605404
v -0.056772 0.309786 0.608139
v -0.056771 0.360147 0.608139
v -0.030695 0.309786 0.608139
v -0.030695 0.360147 0.608139
v -0.030695 0.305777 0.605718
v -0.030695 0.279272 0.555348
v -0.056772 0.305777 0.605718
v -0.056772 0.256499 0.512068
v 0.030695 0.279272 0.555348
v 0.056771 0.256499 0.512068
v 0.030695 0.305777 0.605718
v 0.056771 0.305777 0.605718
v 0.056771 0.360147 0.608139
v 0.056771 0.309786 0.608139
v 0.030695 0.360147 0.608139
v 0.030695 0.309786 0.608139
v 0.030695 0.305777 0.605718
v 0.030695 0.279272 0.555348
v 0.030695 0.309786 0.608139
v 0.030918 0.360147 0.555348
v 0.030695 0.360147 0.608139
v -0.030695 0.279272 0.555348
v -0.030918 0.360147 0.555348
v 0.030695 0.279272 0.555348
v 0.030918 0.360147 0.555348
v -0.030695 0.309786 0.608139
v -0.030695 0.360147 0.608139
v -0.030695 0.305777 0.605718
v -0.030918 0.360147 0.555348
v -0.030695 0.279272 0.555348
v 0.060827 0.360147 0.605404
v 0.060827 0.308703 0.605404
v 0.056771 0.360147 0.608139
v 0.056771 0.309786 0.608139
v 0.056771 0.305777 0.605718
v 0.030695 0.309786 0.608139
v 0.030695 0.305777 0.605718
v 0.060827 0.257911 0.508875
v 0.056771 0.256499 0.512068
v 0.056771 0.255019 0.506918
v -0.056772 0.256499 0.512068
v 0.060827 0.251076 0.418157
v 0.056771 0.248463 0.419908
v -0.056772 0.255019 0.506918
v 0.056771 0.250110 0.415165
v -0.056772 0.248463 0.419908
v 0.060827 0.277942 0.388928
v -0.060827 0.257911 0.508875
v -0.060827 0.308703 0.605404
v -0.060827 0.251076 0.418157
v -0.056772 0.305777 0.605718
v -0.056772 0.250110 0.415165
v -0.056772 0.275509 0.387532
v 0.056771 0.275509 0.387532
v -0.060827 0.277942 0.388928
v -0.056772 0.309786 0.608139
v -0.030695 0.305777 0.605718
v -0.030695 0.309786 0.608139
v -0.056771 0.360147 0.608139
v -0.060827 0.360147 0.605404
v 0.056771 0.279775 0.386804
v 0.056771 0.360147 0.429559
v 0.060827 0.360147 0.432295
v -0.056772 0.279775 0.386804
v -0.056772 0.360147 0.429559
v -0.060827 0.360147 0.432295
v -0.053324 0.352227 0.831062
v -0.053324 0.352227 0.729331
v -0.049798 0.352227 0.833799
v 0.049798 0.352227 0.726596
v -0.049798 0.352227 0.726596
v 0.053324 0.352227 0.831062
v 0.049798 0.352227 0.833799
v 0.053324 0.352227 0.729331
v 0.053324 0.352227 0.831062
v 0.053324 0.352227 0.729331
v 0.053324 0.319290 0.812022
v 0.053324 0.319290 0.729331
v -0.049798 0.352227 0.833799
v 0.049798 0.352227 0.833799
v -0.049798 0.318936 0.814965
v 0.049798 0.318936 0.814965
v -0.053324 0.352227 0.729331
v -0.053324 0.352227 0.831062
v -0.053324 0.319290 0.729331
v -0.053324 0.319290 0.812022
v 0.049809 0.319290 0.726596
v 0.049798 0.352227 0.726596
v 0.026648 0.319290 0.726596
v 0.026648 0.346339 0.726596
v -0.049798 0.352227 0.726596
v -0.026649 0.346339 0.726596
v -0.049810 0.319290 0.726596
v -0.026649 0.319290 0.726596
v 0.026648 0.316555 0.729331
v 0.026648 0.316555 0.743714
v 0.049798 0.316555 0.729331
v 0.049798 0.316555 0.810882
v -0.026649 0.316555 0.743714
v -0.049798 0.316555 0.810882
v -0.026649 0.316555 0.729331
v -0.049798 0.316555 0.729331
v -0.026649 0.316555 0.743714
v 0.026648 0.316555 0.743714
v -0.026649 0.346339 0.743714
v 0.026648 0.346339 0.743714
v -0.026649 0.346339 0.726596
v -0.026649 0.346339 0.743714
v 0.026648 0.346339 0.726596
v 0.026648 0.346339 0.743714
v 0.026648 0.319290 0.726596
v 0.026648 0.346339 0.726596
v 0.026648 0.316555 0.729331
v 0.026648 0.346339 0.743714
v 0.026648 0.316555 0.743714
v -0.026649 0.316555 0.729331
v -0.026649 0.316555 0.743714
v -0.026649 0.319290 0.726596
v -0.026649 0.346339 0.743714
v -0.026649 0.346339 0.726596
v 0.053324 0.352227 0.831062
v 0.053324 0.319290 0.812022
v 0.049798 0.352227 0.833799
v 0.049798 0.318936 0.814965
v 0.049798 0.316555 0.810882
v -0.049798 0.318936 0.814965
v 0.053324 0.319290 0.729331
v -0.049798 0.316555 0.810882
v 0.049798 0.316555 0.729331
v -0.053324 0.319290 0.812022
v -0.049798 0.352227 0.833799
v -0.053324 0.352227 0.831062
v -0.049798 0.316555 0.729331
v -0.053324 0.319290 0.729331
v 0.049809 0.319290 0.726596
v 0.026648 0.316555 0.729331
v 0.026648 0.319290 0.726596
v 0.049798 0.352227 0.726596
v 0.053324 0.352227 0.729331
v -0.049810 0.319290 0.726596
v -0.026649 0.319290 0.726596
v -0.026649 0.316555 0.729331
v -0.049798 0.352227 0.726596
v -0.053324 0.352227 0.729331
v -0.007958 0.389930 0.644816
v -0.007958 0.384455 0.660304
v -0.007958 0.339315 0.569647
v -0.007958 0.368044 0.659551
v -0.007958 0.324023 0.570554
v -0.007958 0.317431 0.584384
v 0.007957 0.389930 0.644816
v 0.007957 0.339315 0.569647
v 0.007957 0.384455 0.660304
v 0.007957 0.368044 0.659551
v 0.007957 0.324023 0.570554
v 0.007957 0.317431 0.584384
v -0.007958 0.389930 0.644816
v -0.007958 0.339315 0.569647
v 0.007957 0.389930 0.644816
v 0.007957 0.339315 0.569647
v -0.007958 0.389930 0.644816
v 0.007957 0.389930 0.644816
v -0.007958 0.384455 0.660304
v 0.007957 0.384455 0.660304
v -0.007958 0.368044 0.659551
v 0.007957 0.368044 0.659551
v -0.007958 0.317431 0.584384
v -0.007958 0.368044 0.659551
v 0.007957 0.317431 0.584384
v 0.007957 0.368044 0.659551
v -0.007958 0.317431 0.584384
v 0.007957 0.317431 0.584384
v -0.007958 0.324023 0.570554
v 0.007957 0.324023 0.570554
v -0.007958 0.339315 0.569647
v 0.007957 0.339315 0.569647
v 0.006070 0.389416 0.735432
v 0.006070 0.389416 0.638654
v 0.006070 0.363486 0.735402
v 0.006070 0.376451 0.629839
v 0.006070 0.363486 0.638661
v -0.006070 0.363486 0.638661
v -0.006070 0.376451 0.629839
v -0.006070 0.363486 0.735402
v -0.006070 0.389416 0.638654
v -0.006070 0.389416 0.735432
v -0.006070 0.389416 0.735432
v -0.006070 0.389416 0.638654
v 0.006070 0.389416 0.735432
v 0.006070 0.389416 0.638654
v -0.006070 0.363486 0.735402
v -0.006070 0.389416 0.735432
v 0.006070 0.363486 0.735402
v 0.006070 0.389416 0.735432
v -0.006070 0.363486 0.638661
v -0.006070 0.363486 0.735402
v 0.006070 0.363486 0.638661
v 0.006070 0.363486 0.735402
v 0.006070 0.389416 0.638654
v -0.006070 0.389416 0.638654
v 0.006070 0.376451 0.629839
v -0.006070 0.376451 0.629839
v 0.006070 0.363486 0.638661
v -0.006070 0.363486 0.638661
v 0.010402 0.298704 0.577456
v 0.019366 0.298704 0.577456
v 0.005920 0.306308 0.575886
v 0.019366 0.313911 0.574317
v 0.010402 0.313911 0.574317
v 0.023848 0.306308 0.575886
v 0.011702 0.315297 0.646713
v 0.018067 0.315297 0.646713
v 0.008518 0.320695 0.645599
v 0.018067 0.326093 0.644484
v 0.011702 0.326093 0.644484
v 0.021249 0.320695 0.645599
v 0.021249 0.338460 0.731684
v 0.018067 0.333062 0.732799
v 0.018067 0.343859 0.730571
v 0.008518 0.338460 0.731684
v 0.011702 0.343859 0.730571
v 0.011702 0.333062 0.732799
v -0.023848 0.306308 0.575886
v -0.019367 0.298704 0.577456
v -0.019367 0.313911 0.574317
v -0.005921 0.306308 0.575886
v -0.010402 0.313911 0.574317
v -0.010402 0.298704 0.577456
v -0.021249 0.320695 0.645599
v -0.018067 0.315297 0.646713
v -0.018067 0.326093 0.644484
v -0.008519 0.320695 0.645599
v -0.011702 0.326093 0.644484
v -0.011702 0.315297 0.646713
v -0.011702 0.333062 0.732799
v -0.018067 0.333062 0.732799
v -0.008519 0.338460 0.731684
v -0.018067 0.343859 0.730571
v -0.011702 0.343859 0.730571
v -0.021249 0.338460 0.731684
v 0.066577 0.527853 0.042916
v 0.066577 0.527853 0.297623
v 0.066577 0.546770 0.042916
v 0.066577 0.546770 0.297623
v -0.066577 0.546771 0.297623
v -0.066577 0.527853 0.297623
v -0.066577 0.546771 0.042916
v -0.066577 0.527853 0.042916
v -0.056694 0.486305 0.336993
v -0.056694 0.468746 0.336993
v -0.056694 0.486305 0.126191
v -0.056694 0.468746 0.126191
v 0.056692 0.468746 0.336987
v 0.056692 0.486305 0.336987
v 0.056692 0.468746 0.126191
v 0.056692 0.486305 0.126191
v -0.056694 0.486305 0.336993
v -0.063555 0.489818 0.341579
v -0.056694 0.468746 0.336993
v -0.063555 0.465234 0.341579
v -0.056694 0.468746 0.336993
v -0.063555 0.465234 0.341579
v -0.056694 0.468746 0.126191
v -0.063555 0.465234 0.121604
v -0.056694 0.468746 0.126191
v -0.063555 0.465234 0.121604
v -0.056694 0.486305 0.126191
v -0.063555 0.489818 0.121604
v -0.056694 0.486305 0.126191
v -0.063555 0.489818 0.121604
v -0.056694 0.486305 0.336993
v -0.063555 0.489818 0.341579
v 0.056692 0.486305 0.336987
v 0.063555 0.489818 0.341573
v 0.056692 0.486305 0.126191
v 0.063555 0.489818 0.121604
v 0.056692 0.486305 0.126191
v 0.063555 0.489818 0.121604
v 0.056692 0.468746 0.126191
v 0.063555 0.465234 0.121604
v 0.056692 0.468746 0.126191
v 0.063555 0.465234 0.121604
v 0.056692 0.468746 0.336987
v 0.063555 0.465234 0.341573
v 0.056692 0.468746 0.336987
v 0.063555 0.465234 0.341573
v 0.056692 0.486305 0.336987
v 0.063555 0.489818 0.341573
v 0.073873 0.472773 0.014758
v 0.073873 0.418118 0.014768
v 0.073873 0.472773 0.100588
v 0.073873 0.418118 0.143018
v 0.073873 0.459764 0.111003
v 0.073873 0.459764 0.143018
v 0.067033 0.476524 0.010515
v 0.067033 0.476524 0.101327
v 0.067033 0.413673 0.010526
v 0.067033 0.413673 0.146220
v 0.067033 0.463055 0.112346
v 0.067033 0.463055 0.146220
v 0.067033 0.476524 0.010515
v 0.073873 0.472773 0.014758
v 0.067033 0.476524 0.101327
v 0.073873 0.472773 0.100588
v 0.067033 0.413673 0.010526
v 0.073873 0.418118 0.014768
v 0.067033 0.476524 0.010515
v 0.073873 0.472773 0.014758
v 0.067033 0.413673 0.146220
v 0.073873 0.418118 0.143018
v 0.067033 0.413673 0.010526
v 0.073873 0.418118 0.014768
v 0.067033 0.476524 0.101327
v 0.073873 0.472773 0.100588
v 0.067033 0.463055 0.112346
v 0.073873 0.459764 0.111003
v 0.067033 0.463055 0.146220
v 0.073873 0.459764 0.143018
v 0.067033 0.413673 0.146220
v 0.073873 0.418118 0.143018
v 0.067033 0.463055 0.112346
v 0.073873 0.459764 0.111003
v 0.067033 0.463055 0.146220
v 0.073873 0.459764 0.143018
v -0.073873 0.459764 0.143018
v -0.073873 0.418118 0.143018
v -0.073873 0.459764 0.111003
v -0.073873 0.472773 0.100588
v -0.073873 0.418118 0.014768
v -0.073873 0.472773 0.014758
v -0.067033 0.463055 0.146220
v -0.067033 0.463055 0.112346
v -0.067033 0.413673 0.146220
v -0.067033 0.476524 0.101327
v -0.067033 0.413673 0.010526
v -0.067033 0.476524 0.010515
v -0.073873 0.472773 0.100588
v -0.073873 0.472773 0.014758
v -0.067033 0.476524 0.101327
v -0.067033 0.476524 0.010515
v -0.073873 0.472773 0.014758
v -0.073873 0.418118 0.014768
v -0.067033 0.476524 0.010515
v -0.067033 0.413673 0.010526
v -0.073873 0.418118 0.014768
v -0.073873 0.418118 0.143018
v -0.067033 0.413673 0.010526
v -0.067033 0.413673 0.146220
v -0.073873 0.459764 0.111003
v -0.073873 0.472773 0.100588
v -0.067033 0.463055 0.112346
v -0.067033 0.476524 0.101327
v -0.073873 0.418118 0.143018
v -0.073873 0.459764 0.143018
v -0.067033 0.413673 0.146220
v -0.067033 0.463055 0.146220
v -0.073873 0.459764 0.143018
v -0.073873 0.459764 0.111003
v -0.067033 0.463055 0.146220
v -0.067033 0.463055 0.112346
v -0.123642 0.379908 -0.353223
v -0.123642 0.421331 -0.353223
v -0.120630 0.376400 -0.350487
v -0.125114 0.376462 -0.353223
v -0.136674 0.362281 -0.353223
v -0.134024 0.359784 -0.350487
v -0.119587 0.420047 -0.350487
v -0.137783 0.358440 -0.353223
v -0.136674 0.362281 -0.590734
v -0.129380 0.311326 -0.353223
v -0.124896 0.309289 -0.350487
v -0.127009 0.307728 -0.353223
v -0.129380 0.311326 -0.590734
v -0.127009 0.307728 -0.590734
v -0.124896 0.309289 -0.593400
v -0.137783 0.358440 -0.590734
v -0.134024 0.359784 -0.593412
v -0.125114 0.376462 -0.590734
v -0.120090 0.376400 -0.593425
v -0.123642 0.379908 -0.590734
v -0.120090 0.473821 -0.593425
v -0.123642 0.473821 -0.590734
v -0.119521 0.476557 -0.590734
v -0.089416 0.473821 -0.593432
v -0.119521 0.476557 -0.432610
v -0.089416 0.476557 -0.590734
v -0.123642 0.473821 -0.430714
v -0.084263 0.472466 -0.590013
v -0.089416 0.352252 -0.593410
v -0.089416 0.476557 -0.432610
v -0.084263 0.353881 -0.589990
v -0.060547 0.336376 -0.593406
v -0.056825 0.339092 -0.589988
v -0.000000 0.336376 -0.593406
v -0.000000 0.339092 -0.589988
v 0.060546 0.336376 -0.593406
v 0.056823 0.339092 -0.589988
v 0.089415 0.352252 -0.593410
v 0.084262 0.353880 -0.589990
v 0.089415 0.473821 -0.593432
v -0.084263 0.472466 -0.431113
v 0.084262 0.472466 -0.590013
v -0.089416 0.475022 -0.427609
v -0.084263 0.419195 -0.353907
v -0.119521 0.475022 -0.427609
v -0.119521 0.424316 -0.352752
v -0.089416 0.424316 -0.352752
v -0.089416 0.420045 -0.350487
v -0.084263 0.353881 -0.353907
v -0.089416 0.352179 -0.350487
v -0.056825 0.339092 -0.353907
v -0.060547 0.336727 -0.350487
v 0.056823 0.339092 -0.353907
v 0.058652 0.335672 -0.350487
v 0.084262 0.353881 -0.353907
v 0.088030 0.352179 -0.350487
v 0.084262 0.419195 -0.353907
v 0.089415 0.420045 -0.350487
v 0.089415 0.424316 -0.352752
v 0.084262 0.472466 -0.431113
v 0.089415 0.475022 -0.427609
v 0.119521 0.424316 -0.352752
v 0.119585 0.420047 -0.350487
v 0.123641 0.422966 -0.353217
v 0.120628 0.376400 -0.350487
v 0.123641 0.379908 -0.353104
v 0.125112 0.376462 -0.353223
v 0.123641 0.473794 -0.432540
v 0.134023 0.359784 -0.350487
v 0.119521 0.475022 -0.427609
v 0.136672 0.362281 -0.353223
v 0.119521 0.476557 -0.432610
v 0.089415 0.476557 -0.432610
v 0.123641 0.473794 -0.590734
v 0.089415 0.476557 -0.590699
v 0.120089 0.473821 -0.593425
v 0.119521 0.476557 -0.590699
v 0.123641 0.379908 -0.590734
v 0.120089 0.376400 -0.593425
v 0.125112 0.376462 -0.590734
v 0.136672 0.362281 -0.590734
v 0.134023 0.359784 -0.593412
v 0.137781 0.358440 -0.590734
v 0.137781 0.358440 -0.353223
v 0.129379 0.311326 -0.590734
v 0.124894 0.309289 -0.593400
v 0.127007 0.307728 -0.590734
v 0.124894 0.309289 -0.350487
v 0.129379 0.311326 -0.353223
v 0.127007 0.307728 -0.353223
v 0.084262 0.456637 -0.562856
v 0.093117 0.451682 -0.559997
v 0.084262 0.439253 -0.572893
v 0.084262 0.456637 -0.542783
v 0.093117 0.439253 -0.567172
v 0.093117 0.451682 -0.545644
v 0.093117 0.426822 -0.559997
v 0.084262 0.421869 -0.562856
v 0.084262 0.421869 -0.542783
v 0.093117 0.426822 -0.545644
v 0.084262 0.439253 -0.532746
v 0.093117 0.439253 -0.538467
v 0.084262 0.388190 -0.572893
v 0.093117 0.388190 -0.567172
v 0.084262 0.370806 -0.562856
v 0.084262 0.405574 -0.562856
v 0.093117 0.375760 -0.559997
v 0.093117 0.400620 -0.559997
v 0.084262 0.370806 -0.542783
v 0.093117 0.375760 -0.545644
v 0.084262 0.388190 -0.532746
v 0.093117 0.388190 -0.538467
v 0.084262 0.405574 -0.542783
v 0.093117 0.400620 -0.545644
v -0.084263 0.439253 -0.532746
v -0.093119 0.439253 -0.538467
v -0.084263 0.421869 -0.542783
v -0.084263 0.456637 -0.542783
v -0.093119 0.426822 -0.545644
v -0.093119 0.451682 -0.545644
v -0.084263 0.421869 -0.562856
v -0.093119 0.426822 -0.559997
v -0.093119 0.451682 -0.559997
v -0.084263 0.456637 -0.562856
v -0.084263 0.439253 -0.572893
v -0.093119 0.439253 -0.567172
v -0.084263 0.388191 -0.532746
v -0.093119 0.388191 -0.538467
v -0.084263 0.370807 -0.542783
v -0.084263 0.405574 -0.542783
v -0.093119 0.375761 -0.545644
v -0.093119 0.400620 -0.545644
v -0.093119 0.375761 -0.559997
v -0.084263 0.370807 -0.562856
v -0.093119 0.400620 -0.559997
v -0.084263 0.405574 -0.562856
v -0.084263 0.388191 -0.572893
v -0.093119 0.388191 -0.567172
v 0.022373 0.435134 -0.067666
v 0.031410 0.434282 -0.067666
v 0.026521 0.436636 -0.064268
v 0.020982 0.439303 -0.064282
v 0.016206 0.441604 -0.067666
v 0.016206 0.441604 -0.152697
v 0.022373 0.435134 -0.152697
v 0.031410 0.434282 -0.152697
v 0.020982 0.439303 -0.156605
v 0.026521 0.436636 -0.156618
v 0.052219 0.403994 -0.064285
v 0.051043 0.409149 -0.067666
v 0.049827 0.400310 -0.067666
v 0.053587 0.398002 -0.064265
v 0.054799 0.392695 -0.067666
v 0.049827 0.400310 -0.152697
v 0.051043 0.409149 -0.152697
v 0.054799 0.392695 -0.152697
v 0.052219 0.403994 -0.156603
v 0.053587 0.398002 -0.156620
v 0.044034 0.357570 -0.064286
v 0.047320 0.361692 -0.067666
v 0.039663 0.357146 -0.067666
v 0.040202 0.352764 -0.064263
v 0.036798 0.348497 -0.067666
v 0.039663 0.357146 -0.152697
v 0.047320 0.361692 -0.152697
v 0.036798 0.348497 -0.152697
v 0.044034 0.357570 -0.156602
v 0.040202 0.352764 -0.156622
v 0.003074 0.335076 -0.064275
v 0.008437 0.335076 -0.067666
v 0.000001 0.338228 -0.067666
v -0.003073 0.335076 -0.064275
v -0.008435 0.335076 -0.067666
v -0.008435 0.335076 -0.152697
v 0.000001 0.338228 -0.152697
v 0.008437 0.335076 -0.152697
v -0.003073 0.335076 -0.156610
v 0.003074 0.335076 -0.156610
v -0.040489 0.353127 -0.064278
v -0.037155 0.348947 -0.067666
v -0.039940 0.357494 -0.067666
v -0.044322 0.357933 -0.064273
v -0.047675 0.362138 -0.067666
v -0.039940 0.357494 -0.152697
v -0.037155 0.348947 -0.152697
v -0.047675 0.362138 -0.152697
v -0.040489 0.353127 -0.156609
v -0.044322 0.357933 -0.156613
v -0.053482 0.398454 -0.064279
v -0.054668 0.393256 -0.067666
v -0.049726 0.400743 -0.067666
v -0.052115 0.404447 -0.064270
v -0.054668 0.393256 -0.152697
v -0.050914 0.409707 -0.067666
v -0.049726 0.400743 -0.152697
v -0.053482 0.398454 -0.156608
v -0.050914 0.409707 -0.152697
v -0.052115 0.404447 -0.156615
v -0.021970 0.435328 -0.067666
v -0.015687 0.441852 -0.067666
v -0.020562 0.439504 -0.064269
v -0.026101 0.436837 -0.064280
v -0.030891 0.434530 -0.067666
v -0.021970 0.435328 -0.152697
v -0.015687 0.441852 -0.152697
v -0.030891 0.434530 -0.152697
v -0.020562 0.439504 -0.156616
v -0.026101 0.436837 -0.156606
v 0.053998 0.320079 -0.330465
v 0.053998 0.292180 -0.307054
v 0.068658 0.320477 -0.326236
v 0.053998 0.332513 -0.329376
v 0.068658 0.331504 -0.325262
v 0.053998 0.342738 -0.317191
v 0.068658 0.338511 -0.316911
v 0.053998 0.341651 -0.304756
v 0.068631 0.295867 -0.305593
v 0.068648 0.294617 -0.303360
v 0.053998 0.290912 -0.304824
v 0.053998 0.287211 -0.282146
v 0.071491 0.296858 -0.302857
v 0.071491 0.330282 -0.322498
v 0.071491 0.335577 -0.316188
v 0.071491 0.310431 -0.286682
v 0.071491 0.321221 -0.323299
v 0.071491 0.295095 -0.287596
v 0.068875 0.292072 -0.286243
v 0.068875 0.293239 -0.284855
v 0.053998 0.288358 -0.280778
v 0.053998 0.311336 -0.280485
v 0.071491 0.334792 -0.307126
v 0.068658 0.337555 -0.305882
v 0.068631 0.312953 -0.285230
v 0.053998 0.313751 -0.281347
v 0.068648 0.310538 -0.284388
v -0.053999 0.320079 -0.330465
v -0.068658 0.320477 -0.326236
v -0.053999 0.292180 -0.307054
v -0.053999 0.332513 -0.329376
v -0.068657 0.331504 -0.325262
v -0.053999 0.342738 -0.317191
v -0.068657 0.338511 -0.316911
v -0.053999 0.341651 -0.304756
v -0.068631 0.295867 -0.305593
v -0.068648 0.294617 -0.303360
v -0.053999 0.290912 -0.304824
v -0.053999 0.287211 -0.282146
v -0.071492 0.296858 -0.302857
v -0.071492 0.330282 -0.322498
v -0.071492 0.321221 -0.323299
v -0.071492 0.335577 -0.316188
v -0.071492 0.310431 -0.286682
v -0.071492 0.295095 -0.287596
v -0.068875 0.292072 -0.286243
v -0.068875 0.293239 -0.284855
v -0.053999 0.288358 -0.280778
v -0.053999 0.311336 -0.280485
v -0.071492 0.334792 -0.307126
v -0.068658 0.337555 -0.305882
v -0.068631 0.312953 -0.285230
v -0.053999 0.313751 -0.281347
v -0.068648 0.310538 -0.284388
v -0.090705 0.400739 0.867352
v -0.103269 0.447622 0.867352
v -0.090705 0.400739 0.903284
v -0.087454 0.400528 0.867352
v -0.103269 0.447622 0.903284
v -0.089432 0.499256 0.867352
v -0.089432 0.499256 0.903284
v -0.051634 0.537056 0.867352
v -0.051634 0.537056 0.903284
v -0.000000 0.550891 0.867352
v -0.000000 0.550891 0.903284
v 0.051634 0.537056 0.867352
v 0.051634 0.537056 0.903284
v 0.089432 0.499256 0.867352
v 0.089432 0.499256 0.903284
v 0.103268 0.447622 0.867352
v 0.103268 0.447622 0.903284
v 0.090706 0.400739 0.867352
v 0.090706 0.400739 0.903284
v 0.087454 0.400528 0.903284
v 0.087454 0.400528 0.867352
v 0.057197 0.417997 0.867352
v 0.087464 0.402610 0.865070
v 0.057012 0.420192 0.865070
v 0.099526 0.447622 0.865070
v 0.064362 0.447622 0.865070
v 0.086191 0.497386 0.865070
v 0.055740 0.479804 0.865070
v 0.049762 0.533814 0.865070
v 0.032182 0.503362 0.865070
v -0.000000 0.547148 0.865070
v -0.000000 0.511985 0.865070
v -0.049762 0.533814 0.865070
v -0.032182 0.503362 0.865070
v -0.086191 0.497386 0.865070
v -0.055739 0.479804 0.865070
v -0.099524 0.447622 0.865070
v -0.064362 0.447622 0.865070
v -0.087464 0.402610 0.865070
v -0.057012 0.420192 0.865070
v -0.057213 0.417988 0.867352
v -0.057268 0.417957 0.903284
v -0.087454 0.400528 0.903284
v -0.054581 0.421595 0.903284
v -0.054581 0.421595 0.867352
v -0.058632 0.419256 0.906234
v -0.087464 0.402610 0.906234
v -0.099524 0.447622 0.906234
v -0.066234 0.447622 0.906234
v -0.086191 0.497386 0.906234
v -0.061554 0.447622 0.903284
v -0.061554 0.447622 0.867352
v -0.057360 0.480739 0.906234
v -0.049762 0.533814 0.906234
v -0.053308 0.478401 0.903284
v -0.053308 0.478401 0.867352
v -0.033117 0.504983 0.906234
v -0.000000 0.547148 0.906234
v -0.030777 0.500931 0.903284
v -0.030777 0.500931 0.867352
v -0.000000 0.513856 0.906234
v 0.049762 0.533814 0.906234
v -0.000000 0.509178 0.903284
v -0.000000 0.509178 0.867352
v 0.033117 0.504983 0.906234
v 0.086191 0.497386 0.906234
v 0.030777 0.500931 0.903284
v 0.030777 0.500931 0.867352
v 0.057360 0.480739 0.906234
v 0.099526 0.447622 0.906234
v 0.053308 0.478401 0.903284
v 0.053308 0.478401 0.867352
v 0.066234 0.447622 0.906234
v 0.087464 0.402610 0.906234
v 0.061556 0.447622 0.903284
v 0.061556 0.447622 0.867352
v 0.058632 0.419256 0.906234
v 0.054581 0.421595 0.903284
v 0.054581 0.421595 0.867352
v 0.057268 0.417957 0.903284
v -0.034455 0.432472 -0.164855
v -0.026101 0.436837 -0.156606
v -0.030891 0.434530 -0.152697
v -0.034260 0.432228 -0.009122
v -0.030891 0.434530 -0.067666
v -0.026101 0.436837 -0.064280
v -0.020562 0.439504 -0.156616
v -0.049510 0.413107 -0.009122
v -0.049791 0.413243 -0.164855
v -0.012297 0.443143 -0.164855
v -0.015687 0.441852 -0.152697
v -0.020562 0.439504 -0.064269
v -0.015687 0.441852 -0.067666
v -0.012225 0.442839 -0.009122
v -0.010771 0.436450 -0.002315
v 0.012085 0.442988 -0.009122
v 0.012298 0.443143 -0.164855
v -0.030176 0.427103 -0.002315
v 0.010640 0.436582 -0.002315
v -0.043606 0.410265 -0.002315
v -0.043813 0.368450 -0.002315
v -0.054951 0.389263 -0.009122
v -0.048399 0.389264 -0.002315
v -0.049744 0.365630 -0.009122
v 0.048398 0.389264 -0.002315
v 0.030176 0.427103 -0.002315
v 0.034266 0.432228 -0.009122
v -0.034266 0.346161 -0.009122
v -0.044322 0.357933 -0.064273
v -0.040489 0.353127 -0.064278
v -0.047675 0.362138 -0.067666
v -0.037155 0.348947 -0.067666
v -0.047675 0.362138 -0.152697
v -0.037155 0.348947 -0.152697
v -0.049791 0.365285 -0.164855
v -0.044322 0.357933 -0.156613
v -0.055264 0.389264 -0.164855
v -0.034455 0.346056 -0.164855
v -0.040489 0.353127 -0.156609
v -0.012297 0.335385 -0.164855
v -0.012225 0.335686 -0.009122
v -0.030182 0.351305 -0.002315
v -0.010771 0.342080 -0.002315
v 0.012231 0.335686 -0.009122
v -0.003073 0.335076 -0.064275
v -0.008435 0.335076 -0.067666
v -0.008435 0.335076 -0.152697
v -0.003073 0.335076 -0.156610
v 0.003074 0.335076 -0.064275
v 0.012298 0.335385 -0.164855
v 0.008437 0.335076 -0.067666
v 0.003074 0.335076 -0.156610
v 0.008437 0.335076 -0.152697
v 0.034266 0.346297 -0.009122
v 0.034458 0.346056 -0.164855
v 0.010769 0.342080 -0.002315
v 0.030176 0.351426 -0.002315
v 0.049514 0.365419 -0.009122
v 0.043605 0.368265 -0.002315
v 0.054957 0.389263 -0.009122
v 0.049514 0.413106 -0.009122
v 0.043605 0.410265 -0.002315
v 0.036798 0.348497 -0.152697
v 0.040202 0.352764 -0.156622
v 0.036798 0.348497 -0.067666
v 0.040202 0.352764 -0.064263
v 0.044034 0.357570 -0.064286
v 0.049792 0.365285 -0.164855
v 0.047320 0.361692 -0.067666
v 0.047320 0.361692 -0.152697
v 0.044034 0.357570 -0.156602
v 0.055266 0.389264 -0.164855
v 0.054799 0.392695 -0.152697
v 0.053587 0.398002 -0.156620
v 0.054799 0.392695 -0.067666
v 0.053587 0.398002 -0.064265
v 0.052219 0.403994 -0.064285
v 0.049792 0.413243 -0.164855
v 0.052219 0.403994 -0.156603
v 0.051043 0.409149 -0.067666
v 0.051043 0.409149 -0.152697
v 0.034458 0.432472 -0.164855
v 0.031410 0.434282 -0.067666
v 0.031410 0.434282 -0.152697
v 0.026521 0.436636 -0.064268
v 0.026521 0.436636 -0.156618
v 0.020982 0.439303 -0.064282
v 0.020982 0.439303 -0.156605
v 0.016206 0.441604 -0.152697
v 0.016206 0.441604 -0.067666
v -0.050914 0.409707 -0.067666
v -0.050914 0.409707 -0.152697
v -0.052115 0.404447 -0.064270
v -0.052115 0.404447 -0.156615
v -0.053482 0.398454 -0.156608
v -0.054668 0.393256 -0.152697
v -0.053482 0.398454 -0.064279
v -0.054668 0.393256 -0.067666
v 0.076428 0.615403 0.860173
v 0.066729 0.601711 0.845894
v 0.076428 0.680094 0.618876
v 0.076428 0.611959 0.862817
v 0.066729 0.663076 0.617003
v 0.076428 0.679868 0.613662
v 0.076428 0.612985 0.418074
v 0.066729 0.491160 0.845894
v 0.076428 0.485876 0.862817
v 0.076428 0.481407 0.860699
v 0.066729 0.598679 0.428252
v 0.076428 0.609527 0.414448
v 0.076428 0.586148 0.404661
v 0.066729 0.470314 0.820416
v 0.076428 0.455123 0.828574
v 0.076428 0.453391 0.823721
v 0.066729 0.585637 0.422792
v 0.076428 0.581375 0.405162
v 0.076428 0.542903 0.431796
v 0.066729 0.470314 0.789989
v 0.076428 0.453391 0.785562
v 0.076428 0.455356 0.780921
v 0.066729 0.557577 0.442219
v 0.076428 0.540654 0.436088
v 0.076428 0.540654 0.695471
v 0.066729 0.557577 0.705370
v 0.076428 0.538690 0.700112
v 0.076428 0.283670 0.860173
v 0.076428 0.218980 0.618876
v 0.066729 0.297363 0.845894
v 0.076428 0.287116 0.862817
v 0.066729 0.235998 0.617003
v 0.076428 0.219207 0.613662
v 0.076428 0.286089 0.418074
v 0.066729 0.407915 0.845894
v 0.076428 0.413198 0.862817
v 0.076428 0.417667 0.860699
v 0.066729 0.300394 0.428252
v 0.076428 0.289548 0.414448
v 0.076428 0.312927 0.404661
v 0.066729 0.428761 0.820416
v 0.076428 0.443951 0.828574
v 0.076428 0.445683 0.823721
v 0.066729 0.313436 0.422792
v 0.076428 0.317699 0.405162
v 0.076428 0.356172 0.431796
v 0.066729 0.428761 0.789989
v 0.076428 0.445683 0.785562
v 0.076428 0.443719 0.780921
v 0.066729 0.341497 0.442219
v 0.076428 0.358421 0.436088
v 0.076428 0.358421 0.695471
v 0.066729 0.341497 0.705370
v 0.076428 0.360385 0.700112
v 0.084728 0.573885 -0.288821
v 0.084728 0.573885 -0.268128
v 0.069111 0.568325 -0.288821
v 0.084728 0.571832 -0.290873
v 0.069229 0.566189 -0.290873
v 0.084728 0.523690 -0.290873
v 0.069229 0.529333 -0.290873
v 0.084728 0.521638 -0.288821
v 0.069111 0.527199 -0.288821
v 0.084728 0.521638 -0.268128
v 0.067178 0.529939 -0.288821
v 0.067178 0.565583 -0.288821
v 0.069111 0.568325 -0.268128
v 0.069111 0.527199 -0.268128
v 0.084728 0.523690 -0.266076
v 0.067178 0.565583 -0.268128
v 0.069229 0.566189 -0.266076
v 0.084728 0.571832 -0.266076
v 0.067178 0.529939 -0.268128
v 0.069229 0.529333 -0.266076
v 0.084728 0.573885 -0.137753
v 0.084728 0.573885 -0.117061
v 0.069111 0.568325 -0.137753
v 0.084728 0.571832 -0.139806
v 0.069229 0.566189 -0.139806
v 0.084728 0.523690 -0.139806
v 0.069229 0.529333 -0.139806
v 0.084728 0.521638 -0.137753
v 0.069111 0.527199 -0.137753
v 0.084728 0.521638 -0.117061
v 0.067178 0.529939 -0.137753
v 0.067178 0.565583 -0.137753
v 0.069111 0.568325 -0.117061
v 0.069111 0.527199 -0.117061
v 0.084728 0.523690 -0.115008
v 0.067178 0.565583 -0.117061
v 0.069229 0.566189 -0.115008
v 0.084728 0.571832 -0.115008
v 0.067178 0.529939 -0.117061
v 0.069229 0.529333 -0.115008
v -0.076428 0.615403 0.860173
v -0.076428 0.680094 0.618876
v -0.066729 0.601711 0.845894
v -0.076428 0.611959 0.862817
v -0.066729 0.663076 0.617003
v -0.076428 0.679868 0.613662
v -0.076428 0.612985 0.418074
v -0.066729 0.491160 0.845894
v -0.076428 0.485876 0.862817
v -0.076428 0.481407 0.860699
v -0.066729 0.598679 0.428252
v -0.076428 0.609527 0.414448
v -0.076428 0.586148 0.404661
v -0.066729 0.470314 0.820416
v -0.076428 0.455123 0.828574
v -0.076428 0.453391 0.823721
v -0.066729 0.585637 0.422792
v -0.076428 0.581375 0.405162
v -0.076428 0.542903 0.431796
v -0.066729 0.470314 0.789989
v -0.076428 0.453391 0.785562
v -0.076428 0.455356 0.780921
v -0.066729 0.557577 0.442219
v -0.076428 0.540654 0.436089
v -0.076428 0.540654 0.695471
v -0.066729 0.557577 0.705370
v -0.076428 0.538690 0.700112
v -0.076428 0.283672 0.860173
v -0.066729 0.297363 0.845894
v -0.076428 0.218980 0.618876
v -0.076428 0.287116 0.862817
v -0.066729 0.235998 0.617003
v -0.076428 0.219207 0.613662
v -0.076428 0.286089 0.418074
v -0.066729 0.407915 0.845894
v -0.076428 0.413198 0.862817
v -0.076428 0.417667 0.860699
v -0.066729 0.300394 0.428252
v -0.076428 0.289548 0.414448
v -0.076428 0.312927 0.404661
v -0.066729 0.428761 0.820416
v -0.076428 0.443951 0.828574
v -0.076428 0.445683 0.823721
v -0.066729 0.313436 0.422792
v -0.076428 0.317699 0.405162
v -0.076428 0.356172 0.431796
v -0.066729 0.428761 0.789989
v -0.076428 0.445683 0.785562
v -0.076428 0.443719 0.780921
v -0.066729 0.341497 0.442219
v -0.076428 0.358421 0.436089
v -0.076428 0.358421 0.695471
v -0.066729 0.341497 0.705370
v -0.076428 0.360385 0.700112
v -0.084728 0.573885 -0.288821
v -0.069112 0.568325 -0.288821
v -0.084728 0.573885 -0.268128
v -0.084728 0.571832 -0.290873
v -0.069229 0.566189 -0.290873
v -0.084728 0.523690 -0.290873
v -0.069229 0.529333 -0.290873
v -0.084728 0.521638 -0.288821
v -0.069112 0.527199 -0.288821
v -0.084728 0.521638 -0.268128
v -0.067178 0.529939 -0.288821
v -0.067178 0.565583 -0.288821
v -0.069112 0.568325 -0.268128
v -0.069112 0.527199 -0.268128
v -0.084728 0.523690 -0.266076
v -0.067178 0.565583 -0.268128
v -0.069229 0.566189 -0.266076
v -0.084728 0.571832 -0.266076
v -0.067178 0.529939 -0.268128
v -0.069229 0.529333 -0.266076
v -0.084728 0.573885 -0.137753
v -0.069112 0.568325 -0.137753
v -0.084728 0.573885 -0.117061
v -0.084728 0.571832 -0.139806
v -0.069229 0.566189 -0.139806
v -0.084728 0.523690 -0.139806
v -0.069229 0.529333 -0.139806
v -0.084728 0.521638 -0.137753
v -0.069112 0.527199 -0.137753
v -0.084728 0.521638 -0.117061
v -0.067178 0.529939 -0.137753
v -0.067178 0.565583 -0.137753
v -0.069112 0.568325 -0.117061
v -0.069112 0.527199 -0.117061
v -0.084728 0.523690 -0.115008
v -0.067178 0.565583 -0.117061
v -0.069229 0.566189 -0.115008
v -0.084728 0.571832 -0.115008
v -0.067178 0.529939 -0.117061
v -0.069229 0.529333 -0.115008
v 0.008932 0.526809 0.847279
v -0.008932 0.526809 0.847279
v 0.008932 0.533258 0.836107
v -0.008932 0.533258 0.836107
v -0.008932 0.513909 0.847279
v 0.008932 0.526809 0.824936
v 0.008932 0.513909 0.847279
v -0.008932 0.526809 0.824936
v -0.008932 0.507458 0.836107
v 0.008932 0.513909 0.824936
v 0.008932 0.507458 0.836107
v -0.008932 0.513909 0.824936
v -0.116234 0.592243 0.007986
v -0.123642 0.585568 -0.029099
v -0.098391 0.608318 0.008019
v -0.096222 0.610271 -0.017313
v -0.123642 0.585568 0.398583
v -0.098391 0.608318 0.146237
v -0.116234 0.592243 0.146269
v -0.096222 0.610271 0.385045
v 0.116233 0.592243 0.146269
v 0.123641 0.585568 0.398583
v 0.098389 0.608318 0.146237
v 0.096220 0.610271 0.385045
v 0.123641 0.585568 -0.029099
v 0.098389 0.608318 0.008019
v 0.116233 0.592243 0.007986
v 0.096220 0.610271 -0.017313
v 0.029757 0.559418 0.745372
v -0.029757 0.559418 0.745372
v 0.029757 0.567364 0.742093
v -0.029757 0.567364 0.742093
v -0.029757 0.552605 0.740132
v 0.029757 0.568497 0.733572
v 0.029757 0.552605 0.740132
v -0.029757 0.568497 0.733572
v -0.029757 0.553737 0.731611
v 0.029757 0.561683 0.728330
v 0.029757 0.553737 0.731611
v -0.029757 0.561683 0.728330
v -0.111920 0.484063 0.128747
v -0.065253 0.484063 0.128747
v -0.111920 0.473998 0.134559
v -0.065253 0.473998 0.134559
v -0.065253 0.484063 0.117126
v -0.111920 0.463933 0.128747
v -0.111920 0.484063 0.117126
v -0.065253 0.463933 0.128747
v -0.065253 0.473998 0.111314
v -0.111920 0.463933 0.117126
v -0.111920 0.473998 0.111314
v -0.065253 0.463933 0.117126
v -0.113860 0.487876 0.130949
v -0.113860 0.473998 0.138961
v -0.237089 0.487876 0.130949
v -0.237089 0.473998 0.138961
v -0.113860 0.460120 0.130949
v -0.237089 0.487876 0.114924
v -0.113860 0.487876 0.114924
v -0.237089 0.460120 0.130949
v -0.113860 0.460120 0.114924
v -0.237089 0.473998 0.106912
v -0.113860 0.473998 0.106912
v -0.237089 0.460120 0.114924
v -0.239142 0.485823 0.129764
v -0.239142 0.485823 0.116109
v -0.239142 0.473998 0.136591
v -0.239142 0.462171 0.129764
v -0.239142 0.462171 0.116109
v -0.239142 0.473998 0.109282
v -0.200198 0.569206 -0.280623
v -0.200198 0.478735 -0.280623
v -0.208933 0.569206 -0.271888
v -0.208933 0.478735 -0.271888
v -0.208933 0.478735 -0.289358
v -0.217668 0.569206 -0.280623
v -0.208933 0.569206 -0.289358
v -0.217668 0.478735 -0.280623
v 0.032011 0.600308 0.578562
v -0.032011 0.600308 0.578562
v 0.032011 0.610633 0.566957
v -0.032011 0.610633 0.566957
v -0.032011 0.585098 0.575423
v 0.032011 0.605747 0.552214
v 0.032011 0.585098 0.575423
v -0.032011 0.605747 0.552214
v -0.032011 0.580212 0.560680
v 0.032011 0.590535 0.549075
v 0.032011 0.580212 0.560680
v -0.032011 0.590535 0.549075
v 0.008518 0.560614 0.731684
v 0.008518 0.578380 0.645599
v 0.011702 0.566012 0.732798
v 0.011702 0.583778 0.646713
v 0.011702 0.572981 0.644484
v 0.018067 0.566012 0.732798
v 0.011702 0.555214 0.730571
v 0.018067 0.583778 0.646713
v 0.018067 0.572981 0.644484
v 0.021249 0.560614 0.731684
v 0.018067 0.555214 0.730571
v 0.021249 0.578380 0.645599
v -0.011702 0.583778 0.646713
v -0.008518 0.578380 0.645599
v -0.011702 0.566012 0.732798
v -0.008518 0.560614 0.731684
v -0.018067 0.566012 0.732798
v -0.011702 0.572981 0.644484
v -0.018067 0.583778 0.646713
v -0.011702 0.555214 0.730571
v -0.021249 0.560614 0.731684
v -0.018067 0.572981 0.644484
v -0.021249 0.578380 0.645599
v -0.018067 0.555214 0.730571
v -0.040574 0.531752 -0.127751
v -0.040574 0.531752 -0.377658
v -0.028690 0.560443 -0.127751
v -0.028690 0.560443 -0.377658
v -0.000000 0.572327 -0.127751
v -0.000000 0.572327 -0.377658
v 0.028690 0.560443 -0.127751
v 0.028690 0.560443 -0.377658
v 0.040574 0.531752 -0.127751
v 0.040574 0.531752 -0.377658
v 0.028690 0.503062 -0.127751
v -0.028690 0.503062 -0.377658
v -0.028690 0.503062 -0.127751
v -0.000000 0.491178 -0.377658
v -0.000000 0.491178 -0.127751
v 0.028690 0.503062 -0.377658
v -0.040574 0.466013 -0.072489
v -0.040574 0.531752 -0.127751
v -0.028690 0.466013 -0.048982
v -0.028690 0.560443 -0.127751
v -0.028690 0.503062 -0.127751
v -0.000000 0.466013 -0.039244
v -0.028690 0.466013 -0.095996
v -0.000000 0.572327 -0.127751
v -0.000000 0.491178 -0.127751
v 0.028690 0.466013 -0.048982
v -0.000000 0.466013 -0.105732
v 0.028690 0.560443 -0.127751
v 0.028690 0.503062 -0.127751
v 0.040574 0.466013 -0.072489
v 0.028690 0.466013 -0.095996
v 0.040574 0.531752 -0.127751
v -0.014686 0.425313 -0.221915
v -0.014686 0.425313 -0.376281
v -0.000000 0.439999 -0.221915
v -0.000000 0.439999 -0.376281
v -0.000000 0.410626 -0.376281
v 0.014686 0.425313 -0.221915
v -0.000000 0.410626 -0.221915
v 0.014686 0.425313 -0.376281
v 0.052928 0.414752 -0.168695
v 0.049792 0.413243 -0.164855
v 0.036629 0.435193 -0.168695
v 0.034458 0.432472 -0.164855
v 0.055266 0.389264 -0.164855
v 0.013073 0.446536 -0.168695
v 0.058747 0.389264 -0.168695
v 0.012298 0.443143 -0.164855
v 0.049792 0.365285 -0.164855
v -0.013072 0.446536 -0.168695
v 0.052928 0.363775 -0.168695
v -0.012297 0.443143 -0.164855
v 0.034458 0.346056 -0.164855
v -0.036626 0.435193 -0.168695
v 0.036629 0.343335 -0.168695
v -0.034455 0.432472 -0.164855
v 0.012298 0.335385 -0.164855
v -0.052927 0.414752 -0.168695
v 0.013073 0.331992 -0.168695
v -0.049791 0.413243 -0.164855
v -0.012297 0.335385 -0.164855
v -0.058744 0.389264 -0.168695
v -0.013072 0.331992 -0.168695
v -0.055264 0.389264 -0.164855
v -0.034455 0.346056 -0.164855
v -0.052927 0.363775 -0.168695
v -0.036626 0.343335 -0.168695
v -0.049791 0.365285 -0.164855
v -0.015736 0.361619 -0.227204
v -0.015736 0.361619 -0.375324
v -0.000000 0.377356 -0.227204
v -0.000000 0.377356 -0.375324
v -0.000000 0.345883 -0.375324
v 0.015736 0.361619 -0.227204
v -0.000000 0.345883 -0.227204
v 0.015736 0.361619 -0.375324
v 0.031995 0.467600 -0.528739
v 0.043110 0.462996 -0.528739
v 0.031995 0.494106 -0.528739
v 0.043110 0.498710 -0.528739
v 0.017857 0.437742 -0.528739
v 0.013252 0.512849 -0.528739
v 0.013252 0.448857 -0.528739
v 0.017857 0.523964 -0.528739
v -0.017858 0.437742 -0.528739
v -0.013253 0.512849 -0.528739
v -0.013253 0.448857 -0.528739
v -0.017858 0.523964 -0.528739
v -0.043110 0.462996 -0.528739
v -0.031995 0.494106 -0.528739
v -0.031995 0.467600 -0.528739
v -0.043110 0.498710 -0.528739
v 0.031995 0.375105 -0.528739
v 0.043110 0.370501 -0.528739
v 0.031995 0.401611 -0.528739
v 0.043110 0.406215 -0.528739
v 0.017857 0.345247 -0.528739
v 0.013252 0.420354 -0.528739
v 0.013252 0.356362 -0.528739
v 0.017857 0.431469 -0.528739
v -0.017858 0.345247 -0.528739
v -0.013253 0.420354 -0.528739
v -0.013253 0.356362 -0.528739
v -0.017858 0.431469 -0.528739
v -0.043110 0.370501 -0.528739
v -0.031995 0.401611 -0.528739
v -0.031995 0.375105 -0.528739
v -0.043110 0.406215 -0.528739
v 0.008932 0.372266 0.847279
v 0.008932 0.365816 0.836107
v -0.008932 0.372266 0.847279
v -0.008932 0.365816 0.836107
v -0.008932 0.385166 0.847279
v 0.008932 0.372266 0.824936
v 0.008932 0.385166 0.847279
v -0.008932 0.372266 0.824936
v -0.008932 0.391616 0.836107
v 0.008932 0.385166 0.824936
v 0.008932 0.391616 0.836107
v -0.008932 0.385166 0.824936
v -0.032011 0.288442 0.566957
v -0.032011 0.298765 0.578562
v 0.032011 0.288442 0.566957
v 0.032011 0.298765 0.578562
v 0.032011 0.293328 0.552214
v -0.032011 0.313977 0.575423
v -0.032011 0.293328 0.552214
v 0.032011 0.313977 0.575423
v 0.032011 0.308538 0.549075
v -0.032011 0.318863 0.560680
v -0.032011 0.308538 0.549075
v 0.032011 0.318863 0.560680
v 0.008518 0.338460 0.731684
v 0.011702 0.333062 0.732799
v 0.008518 0.320695 0.645599
v 0.011702 0.315297 0.646713
v 0.011702 0.326093 0.644484
v 0.018067 0.333062 0.732799
v 0.011702 0.343859 0.730571
v 0.018067 0.315297 0.646713
v 0.018067 0.326093 0.644484
v 0.021249 0.338460 0.731684
v 0.018067 0.343859 0.730571
v 0.021249 0.320695 0.645599
v -0.008519 0.338460 0.731684
v -0.008519 0.320695 0.645599
v -0.011702 0.333062 0.732799
v -0.011702 0.315297 0.646713
v -0.011702 0.326093 0.644484
v -0.018067 0.333062 0.732799
v -0.011702 0.343859 0.730571
v -0.018067 0.315297 0.646713
v -0.018067 0.326093 0.644484
v -0.021249 0.338460 0.731684
v -0.018067 0.343859 0.730571
v -0.021249 0.320695 0.645599
v -0.029757 0.331711 0.742093
v -0.029757 0.339657 0.745373
v 0.029757 0.331711 0.742093
v 0.029757 0.339657 0.745373
v 0.029757 0.330578 0.733572
v -0.029757 0.346470 0.740132
v -0.029757 0.330578 0.733572
v 0.029757 0.346470 0.740132
v 0.029757 0.337392 0.728330
v -0.029757 0.345338 0.731611
v -0.029757 0.337392 0.728330
v 0.029757 0.345338 0.731611
v 0.063555 0.489702 0.370174
v 0.063555 0.554024 0.303607
v 0.063555 0.489818 0.341573
v 0.063555 0.489818 0.121604
v 0.063555 0.554024 0.003341
v 0.063555 0.465234 0.121604
v 0.063555 0.391644 0.044309
v 0.063555 0.465234 0.341573
v 0.063555 0.391644 0.456959
v 0.060135 0.493946 0.371376
v 0.060135 0.556424 0.303724
v 0.060135 0.554526 0.308432
v -0.060136 0.493946 0.371376
v -0.060136 0.554526 0.308432
v -0.063555 0.489702 0.370174
v -0.060136 0.492048 0.376085
v 0.060135 0.492048 0.376085
v 0.060135 0.492048 0.457644
v -0.060136 0.492048 0.457644
v -0.063555 0.489702 0.456959
v -0.063555 0.391644 0.456959
v -0.060136 0.489312 0.460381
v 0.063555 0.489702 0.456959
v 0.060135 0.489312 0.460381
v 0.060135 0.390960 0.460381
v -0.060136 0.390960 0.460381
v -0.060136 0.388224 0.457644
v -0.063555 0.391644 0.044309
v -0.063555 0.465234 0.121604
v -0.063555 0.465234 0.341579
v -0.063555 0.489818 0.341579
v -0.063555 0.489818 0.121604
v -0.063555 0.554024 0.303607
v 0.060135 0.388224 0.457644
v 0.060135 0.388224 0.050465
v -0.063555 0.554024 0.003341
v -0.060136 0.556424 0.303724
v -0.060136 0.556424 0.002946
v -0.060136 0.388224 0.050465
v -0.060136 0.385488 0.047729
v 0.060135 0.385488 0.047729
v 0.060135 0.556424 0.002946
v 0.060135 0.553688 0.000210
v -0.060136 0.553688 0.000210
v -0.060136 0.357242 0.000202
v -0.063556 0.357926 0.003622
v -0.063555 0.357926 0.044309
v -0.060136 0.357242 0.047729
v 0.060135 0.357242 0.047729
v -0.060136 0.354506 0.044993
v 0.063555 0.357926 0.044309
v 0.063555 0.357926 0.003622
v -0.060136 0.354506 0.002939
v 0.060135 0.354506 0.044993
v 0.060135 0.354506 0.002939
v 0.060135 0.357242 0.000202
v -0.019656 0.387130 0.500637
v -0.051462 0.410237 0.500637
v -0.020546 0.384394 0.503373
v -0.063610 0.447626 0.500637
v -0.053789 0.408546 0.503373
v 0.020546 0.384394 0.503373
v -0.066486 0.447626 0.503373
v 0.019656 0.387130 0.500637
v 0.053789 0.408546 0.503373
v 0.051462 0.410237 0.500637
v 0.066488 0.447626 0.503373
v 0.063610 0.447626 0.500637
v 0.053789 0.486707 0.503373
v 0.051462 0.485015 0.500637
v 0.020546 0.510859 0.503373
v -0.051462 0.485015 0.500637
v -0.053789 0.486707 0.503373
v -0.019656 0.508123 0.500637
v -0.020546 0.510859 0.503373
v 0.019656 0.508123 0.500637
v -0.051462 0.485015 0.545615
v -0.063610 0.447626 0.545615
v -0.053789 0.486707 0.542880
v -0.020546 0.510859 0.542880
v -0.066488 0.447626 0.542880
v -0.019656 0.508123 0.545615
v 0.020546 0.510859 0.542880
v 0.019656 0.508123 0.545615
v 0.053789 0.486707 0.542880
v 0.051462 0.485015 0.545615
v 0.066488 0.447626 0.542880
v 0.063610 0.447626 0.545615
v 0.053789 0.408546 0.542880
v 0.051462 0.410237 0.545615
v 0.020546 0.384394 0.542880
v -0.051462 0.410237 0.545615
v -0.053789 0.408546 0.542880
v -0.019656 0.387130 0.545615
v -0.020546 0.384394 0.542880
v 0.019656 0.387130 0.545615
v -0.019656 0.387130 0.462970
v -0.051462 0.410237 0.462970
v -0.020546 0.384394 0.465706
v -0.063610 0.447626 0.462970
v -0.053789 0.408546 0.465706
v 0.020546 0.384394 0.465706
v -0.066486 0.447626 0.465706
v 0.019656 0.387130 0.462970
v 0.053789 0.408546 0.465706
v 0.051462 0.410237 0.462970
v 0.066488 0.447626 0.465706
v 0.063610 0.447626 0.462970
v 0.053789 0.486707 0.465706
v 0.051462 0.485015 0.462970
v 0.020546 0.510859 0.465706
v -0.051462 0.485015 0.462970
v -0.053789 0.486707 0.465706
v -0.019656 0.508123 0.462970
v -0.020546 0.510859 0.465706
v 0.019656 0.508123 0.462970
v -0.051462 0.485015 0.498722
v -0.063610 0.447626 0.498722
v -0.053789 0.486707 0.495987
v -0.020546 0.510859 0.495987
v -0.066486 0.447626 0.495987
v -0.019656 0.508123 0.498722
v 0.020546 0.510859 0.495987
v 0.019656 0.508123 0.498722
v 0.053789 0.486707 0.495987
v 0.051462 0.485015 0.498722
v 0.066488 0.447626 0.495987
v 0.063610 0.447626 0.498722
v 0.053789 0.408546 0.495987
v 0.051462 0.410237 0.498722
v 0.020546 0.384394 0.495987
v -0.051462 0.410237 0.498722
v -0.053789 0.408546 0.495987
v -0.019656 0.387130 0.498722
v -0.020546 0.384394 0.495987
v 0.019656 0.387130 0.498722
v -0.113860 0.487876 0.130949
v -0.111920 0.484063 0.128747
v -0.113860 0.473998 0.138961
v -0.111920 0.473998 0.134559
v -0.111920 0.484063 0.117126
v -0.113860 0.460120 0.130949
v -0.113860 0.487876 0.114924
v -0.111920 0.463933 0.128747
v -0.111920 0.473998 0.111314
v -0.113860 0.460120 0.114924
v -0.113860 0.473998 0.106912
v -0.111920 0.463933 0.117126
v 0.139072 0.544456 -0.237822
v 0.133850 0.544456 -0.234367
v 0.139072 0.558885 -0.242511
v 0.133850 0.560917 -0.239715
v 0.133850 0.527996 -0.239715
v 0.139072 0.567803 -0.254785
v 0.133850 0.571089 -0.253716
v 0.139072 0.530028 -0.242511
v 0.133850 0.517824 -0.253716
v 0.139072 0.567803 -0.269955
v 0.133850 0.571089 -0.271022
v 0.139072 0.521110 -0.254785
v 0.140214 0.523196 -0.255462
v 0.133850 0.517824 -0.271022
v 0.140214 0.531317 -0.244285
v 0.140214 0.544456 -0.240016
v 0.140214 0.557596 -0.244285
v 0.140214 0.565717 -0.255462
v 0.139072 0.558885 -0.282229
v 0.133850 0.560917 -0.285025
v 0.139072 0.521110 -0.269955
v 0.133850 0.527996 -0.285025
v 0.140214 0.565717 -0.269278
v 0.140214 0.557596 -0.280455
v 0.139072 0.544456 -0.286917
v 0.133850 0.544456 -0.290373
v 0.139072 0.530028 -0.282229
v 0.140214 0.523196 -0.269278
v 0.140214 0.531317 -0.280455
v 0.140214 0.544456 -0.284724
v 0.005920 0.575277 0.660633
v 0.005920 0.592767 0.575886
v 0.010402 0.582880 0.662201
v 0.010402 0.600369 0.577456
v 0.010402 0.585164 0.574317
v 0.019367 0.582880 0.662201
v 0.019367 0.600369 0.577456
v 0.010402 0.567674 0.659063
v 0.019367 0.585164 0.574317
v 0.023848 0.575277 0.660633
v 0.023848 0.592767 0.575886
v 0.019367 0.567674 0.659063
v 0.007500 0.575000 0.661971
v 0.011192 0.581263 0.663265
v 0.018576 0.581263 0.663265
v 0.011192 0.568736 0.660679
v 0.018576 0.568736 0.660679
v 0.022269 0.575000 0.661971
v -0.010402 0.600369 0.577456
v -0.005920 0.592767 0.575886
v -0.010402 0.582880 0.662201
v -0.005920 0.575277 0.660633
v -0.010402 0.585164 0.574317
v -0.019367 0.582880 0.662201
v -0.019367 0.600369 0.577456
v -0.010402 0.567674 0.659063
v -0.019367 0.585164 0.574317
v -0.023848 0.575277 0.660633
v -0.023848 0.592767 0.575886
v -0.019367 0.567674 0.659063
v -0.011191 0.581263 0.663265
v -0.018576 0.581263 0.663265
v -0.007500 0.575000 0.661971
v -0.011191 0.568736 0.660679
v -0.018576 0.568736 0.660679
v -0.022269 0.575000 0.661971
v 0.052928 0.414752 -0.199370
v 0.052928 0.414752 -0.168695
v 0.036629 0.435193 -0.199370
v 0.036629 0.435193 -0.168695
v 0.058747 0.389264 -0.168695
v 0.013073 0.446536 -0.199370
v 0.013073 0.446536 -0.168695
v 0.058747 0.389264 -0.199370
v 0.049269 0.412990 -0.201144
v 0.052928 0.363775 -0.168695
v 0.034095 0.432017 -0.201144
v 0.012169 0.442575 -0.201144
v -0.034092 0.432017 -0.201144
v -0.034092 0.346511 -0.201144
v 0.049269 0.365538 -0.201144
v -0.013072 0.446536 -0.199370
v -0.013072 0.446536 -0.168695
v -0.012167 0.442575 -0.201144
v -0.036626 0.435193 -0.199370
v -0.036626 0.435193 -0.168695
v -0.052927 0.414752 -0.199370
v -0.052927 0.414752 -0.168695
v -0.049266 0.412990 -0.201144
v -0.054681 0.389264 -0.201144
v -0.058744 0.389264 -0.199370
v -0.058744 0.389264 -0.168695
v -0.049266 0.365538 -0.201144
v -0.052927 0.363775 -0.199370
v -0.052927 0.363775 -0.168695
v -0.036626 0.343335 -0.199370
v -0.036626 0.343335 -0.168695
v -0.013072 0.331992 -0.199370
v -0.013072 0.331992 -0.168695
v -0.012167 0.335953 -0.201144
v 0.012169 0.335953 -0.201144
v 0.013073 0.331992 -0.199370
v 0.013073 0.331992 -0.168695
v 0.034095 0.346511 -0.201144
v 0.036629 0.343335 -0.199370
v 0.036629 0.343335 -0.168695
v 0.052928 0.363775 -0.199370
v 0.054684 0.389264 -0.201144
v 0.031995 0.494106 -0.528739
v 0.021095 0.489590 -0.503997
v 0.031995 0.467600 -0.528739
v 0.021095 0.472116 -0.503997
v 0.008738 0.501948 -0.503997
v 0.013252 0.448857 -0.528739
v 0.013252 0.512849 -0.528739
v 0.008738 0.459758 -0.503997
v -0.008738 0.501948 -0.503997
v -0.013253 0.448857 -0.528739
v -0.013253 0.512849 -0.528739
v -0.008738 0.459758 -0.503997
v -0.021095 0.489590 -0.503997
v -0.031995 0.467600 -0.528739
v -0.031995 0.494106 -0.528739
v -0.021095 0.472116 -0.503997
v 0.031995 0.401611 -0.528739
v 0.021095 0.397097 -0.503997
v 0.031995 0.375105 -0.528739
v 0.021095 0.379621 -0.503997
v 0.008738 0.409453 -0.503997
v 0.013252 0.356362 -0.528739
v 0.013252 0.420354 -0.528739
v 0.008738 0.367264 -0.503997
v -0.008738 0.409453 -0.503997
v -0.013253 0.356362 -0.528739
v -0.013253 0.420354 -0.528739
v -0.008738 0.367264 -0.503997
v -0.021095 0.397097 -0.503997
v -0.031995 0.375105 -0.528739
v -0.031995 0.401611 -0.528739
v -0.021095 0.379621 -0.503997
v 0.079175 0.309748 -0.265416
v 0.055020 0.302847 -0.270030
v 0.079175 0.309748 -0.210396
v 0.055020 0.302847 -0.205783
v 0.055020 0.304900 -0.272083
v 0.079166 0.311799 -0.208342
v 0.055020 0.304900 -0.203730
v 0.079166 0.311799 -0.267471
v 0.055020 0.370230 -0.272083
v 0.082834 0.313529 -0.211779
v 0.078925 0.367783 -0.208296
v 0.055020 0.370230 -0.203730
v 0.078925 0.367783 -0.267516
v 0.055020 0.373733 -0.270631
v 0.082834 0.313529 -0.264033
v 0.082834 0.378915 -0.222394
v 0.082834 0.368301 -0.211779
v 0.078917 0.371286 -0.209745
v 0.055020 0.373733 -0.205182
v 0.078912 0.380919 -0.219378
v 0.055020 0.385298 -0.216746
v 0.078912 0.382371 -0.222881
v 0.055020 0.386748 -0.220249
v 0.082834 0.368301 -0.264033
v 0.078912 0.382371 -0.252933
v 0.055020 0.386748 -0.255564
v 0.082834 0.378915 -0.253419
v 0.078912 0.380919 -0.256434
v 0.055020 0.385298 -0.259067
v 0.078917 0.371286 -0.266068
v 0.074101 0.328307 -0.311579
v 0.071945 0.330478 -0.308990
v 0.074101 0.329338 -0.314414
v 0.071945 0.332666 -0.315001
v 0.071945 0.324178 -0.307879
v 0.074101 0.327398 -0.316725
v 0.071945 0.328555 -0.319901
v 0.074101 0.325334 -0.311054
v 0.071945 0.320066 -0.312780
v 0.074101 0.323395 -0.313367
v 0.071945 0.322254 -0.318791
v 0.074101 0.324426 -0.316201
v 0.147142 0.388814 0.812203
v 0.140277 0.388814 0.816050
v 0.147142 0.403181 0.806253
v 0.140277 0.405902 0.808974
v 0.140277 0.371727 0.808974
v 0.147142 0.374448 0.806253
v 0.140277 0.364650 0.791887
v 0.147142 0.368497 0.791887
v 0.140277 0.371727 0.774798
v 0.147142 0.374448 0.777520
v 0.140277 0.388814 0.767722
v 0.147142 0.409131 0.791887
v 0.140277 0.412979 0.791887
v 0.147142 0.403181 0.777520
v 0.140277 0.405902 0.774798
v 0.147142 0.388814 0.771569
v -0.055020 0.302847 -0.205783
v -0.055020 0.302847 -0.270030
v -0.079175 0.309748 -0.210396
v -0.079175 0.309748 -0.265416
v -0.055020 0.304900 -0.272083
v -0.079166 0.311799 -0.208342
v -0.055020 0.304900 -0.203730
v -0.082835 0.313529 -0.211779
v -0.079166 0.311799 -0.267471
v -0.055020 0.370230 -0.272083
v -0.078925 0.367783 -0.208296
v -0.055020 0.370230 -0.203730
v -0.082835 0.313529 -0.264033
v -0.082835 0.378915 -0.222394
v -0.078925 0.367783 -0.267516
v -0.055020 0.373733 -0.270631
v -0.082835 0.368301 -0.211779
v -0.078917 0.371286 -0.209745
v -0.055020 0.373733 -0.205182
v -0.078913 0.380919 -0.219378
v -0.055020 0.385298 -0.216746
v -0.078911 0.382371 -0.222881
v -0.055020 0.386748 -0.220249
v -0.078917 0.371286 -0.266068
v -0.055020 0.385298 -0.259067
v -0.078911 0.382371 -0.252933
v -0.055020 0.386748 -0.255564
v -0.078913 0.380919 -0.256434
v -0.082835 0.368301 -0.264033
v -0.082835 0.378915 -0.253419
v -0.071945 0.332666 -0.315001
v -0.071945 0.330479 -0.308990
v -0.074101 0.329338 -0.314414
v -0.074101 0.328307 -0.311579
v -0.071945 0.324178 -0.307879
v -0.074101 0.327398 -0.316725
v -0.071945 0.328555 -0.319901
v -0.074101 0.325334 -0.311054
v -0.071945 0.320066 -0.312780
v -0.074101 0.323395 -0.313367
v -0.071945 0.322254 -0.318791
v -0.074101 0.324426 -0.316201
v -0.140277 0.405902 0.808974
v -0.140277 0.388814 0.816050
v -0.147142 0.403181 0.806253
v -0.147142 0.388814 0.812203
v -0.140277 0.371727 0.808974
v -0.147142 0.374448 0.806253
v -0.140277 0.364650 0.791887
v -0.147142 0.368497 0.791887
v -0.140277 0.371727 0.774798
v -0.147142 0.374448 0.777520
v -0.140277 0.388814 0.767722
v -0.147142 0.409131 0.791887
v -0.140277 0.412979 0.791887
v -0.147142 0.403181 0.777520
v -0.140277 0.405902 0.774798
v -0.147142 0.388814 0.771569
v 0.010402 0.298704 0.577456
v 0.005920 0.306308 0.575886
v 0.010402 0.316195 0.662201
v 0.005920 0.323798 0.660633
v 0.010402 0.313911 0.574317
v 0.019366 0.316195 0.662201
v 0.019366 0.298704 0.577456
v 0.010402 0.331401 0.659063
v 0.019366 0.313911 0.574317
v 0.023848 0.323798 0.660633
v 0.023848 0.306308 0.575886
v 0.019366 0.331401 0.659063
v 0.007500 0.324075 0.661971
v 0.011192 0.317811 0.663265
v 0.018576 0.317811 0.663265
v 0.011192 0.330338 0.660679
v 0.018576 0.330338 0.660679
v 0.022269 0.324075 0.661971
v -0.005919 0.323798 0.660633
v -0.005921 0.306308 0.575886
v -0.010402 0.316195 0.662201
v -0.010402 0.298704 0.577456
v -0.010402 0.313911 0.574317
v -0.019367 0.316195 0.662201
v -0.019367 0.298704 0.577456
v -0.010402 0.331401 0.659063
v -0.019367 0.313911 0.574317
v -0.023848 0.323798 0.660633
v -0.023848 0.306308 0.575886
v -0.019367 0.331401 0.659063
v -0.011191 0.317811 0.663265
v -0.018576 0.317811 0.663265
v -0.007500 0.324075 0.661971
v -0.011191 0.330338 0.660679
v -0.018576 0.330338 0.660679
v -0.022269 0.324075 0.661971
v 0.034168 0.566351 -0.330465
v 0.048322 0.532181 -0.330465
v -0.000000 0.580503 -0.330465
v 0.036788 0.568969 -0.333201
v 0.052026 0.532181 -0.333201
v -0.048322 0.532181 -0.330465
v -0.000000 0.584207 -0.333201
v -0.034169 0.566351 -0.330465
v -0.036788 0.568969 -0.333201
v -0.000000 0.584207 -0.358504
v 0.036788 0.568969 -0.358504
v -0.036788 0.568969 -0.358504
v 0.036788 0.495394 -0.333201
v 0.052026 0.532181 -0.358504
v 0.034168 0.566351 -0.361239
v 0.048322 0.532181 -0.361239
v -0.000000 0.580503 -0.361239
v -0.052026 0.532181 -0.358504
v -0.052026 0.532181 -0.333201
v -0.034169 0.566351 -0.361239
v -0.048322 0.532181 -0.361239
v -0.000000 0.483860 -0.361239
v 0.034168 0.498012 -0.361239
v 0.036788 0.495394 -0.358504
v -0.036788 0.495394 -0.358504
v -0.034169 0.498012 -0.361239
v -0.000000 0.480157 -0.358504
v -0.000000 0.480157 -0.333201
v -0.036788 0.495394 -0.333201
v 0.034168 0.498012 -0.330465
v -0.000000 0.483860 -0.330465
v -0.034169 0.498012 -0.330465
v 0.034168 0.566351 -0.142104
v 0.048322 0.532181 -0.142104
v -0.000000 0.580503 -0.142104
v 0.036788 0.568969 -0.144840
v 0.052026 0.532181 -0.144840
v -0.048322 0.532181 -0.142104
v -0.000000 0.584207 -0.144840
v -0.034169 0.566351 -0.142104
v -0.036788 0.568969 -0.144840
v -0.000000 0.584207 -0.170143
v 0.036788 0.568969 -0.170143
v -0.036788 0.568969 -0.170143
v 0.036788 0.495394 -0.144840
v 0.052026 0.532181 -0.170143
v 0.034168 0.566351 -0.172878
v 0.048322 0.532181 -0.172878
v -0.000000 0.580503 -0.172878
v -0.052026 0.532181 -0.170143
v -0.052026 0.532181 -0.144840
v -0.034169 0.566351 -0.172878
v -0.048322 0.532181 -0.172878
v -0.000000 0.483860 -0.172878
v 0.034168 0.498012 -0.172878
v 0.036788 0.495394 -0.170143
v -0.036788 0.495394 -0.170143
v -0.034169 0.498012 -0.172878
v -0.000000 0.480157 -0.170143
v -0.000000 0.480157 -0.144840
v -0.036788 0.495394 -0.144840
v 0.034168 0.498012 -0.142104
v -0.000000 0.483860 -0.142104
v -0.034169 0.498012 -0.142104
v 0.082492 0.504665 -0.553885
v 0.082492 0.512553 -0.548988
v 0.125081 0.504665 -0.553885
v 0.082492 0.503503 -0.555975
v 0.080432 0.504871 -0.555369
v 0.125081 0.512553 -0.548988
v 0.125081 0.513717 -0.549633
v 0.127142 0.512348 -0.550725
v 0.082492 0.513717 -0.549633
v 0.080432 0.512348 -0.550725
v 0.125081 0.513717 -0.596644
v 0.127142 0.504871 -0.555369
v 0.125081 0.503503 -0.555975
v 0.125081 0.503503 -0.578954
v 0.082492 0.503503 -0.578954
v 0.080432 0.504874 -0.581683
v 0.080432 0.512348 -0.596644
v 0.127142 0.512348 -0.596644
v 0.082492 0.502135 -0.580322
v 0.082492 0.513717 -0.596644
v 0.127142 0.504874 -0.581683
v 0.125081 0.512348 -0.598013
v 0.082492 0.512348 -0.598013
v 0.080432 0.480301 -0.581690
v 0.125081 0.502135 -0.580322
v 0.125081 0.480301 -0.598013
v 0.080432 0.480301 -0.596644
v 0.082492 0.480301 -0.580322
v 0.127142 0.480301 -0.596644
v 0.082492 0.480301 -0.598013
v 0.082492 0.478933 -0.581690
v 0.125081 0.480301 -0.580322
v 0.127142 0.480301 -0.581690
v 0.125081 0.478933 -0.596644
v 0.082492 0.478933 -0.596644
v 0.125081 0.478933 -0.581690
v -0.082492 0.504665 -0.553885
v -0.125081 0.504665 -0.553885
v -0.082492 0.512553 -0.548988
v -0.080432 0.504871 -0.555369
v -0.082492 0.503503 -0.555975
v -0.125081 0.512553 -0.548988
v -0.127143 0.512348 -0.550725
v -0.125081 0.513717 -0.549633
v -0.082492 0.513717 -0.549633
v -0.080432 0.512348 -0.550725
v -0.125081 0.513717 -0.596644
v -0.127143 0.504871 -0.555369
v -0.125081 0.503503 -0.555975
v -0.125081 0.503503 -0.578954
v -0.082492 0.503503 -0.578954
v -0.080432 0.504874 -0.581683
v -0.080432 0.512348 -0.596644
v -0.127143 0.512348 -0.596644
v -0.082492 0.502135 -0.580322
v -0.082492 0.513717 -0.596644
v -0.127143 0.504874 -0.581683
v -0.125081 0.512348 -0.598013
v -0.082492 0.512348 -0.598013
v -0.080432 0.480301 -0.581690
v -0.125081 0.502135 -0.580322
v -0.125081 0.480301 -0.598013
v -0.080432 0.480301 -0.596644
v -0.082492 0.480301 -0.580322
v -0.127143 0.480301 -0.596644
v -0.082492 0.480301 -0.598013
v -0.082492 0.478933 -0.581690
v -0.125081 0.480301 -0.580322
v -0.127143 0.480301 -0.581690
v -0.125081 0.478933 -0.596644
v -0.082492 0.478933 -0.596644
v -0.125081 0.478933 -0.581690
v 0.051517 0.603840 -0.105392
v 0.051517 0.535069 -0.043880
v 0.051517 0.605377 -0.068082
v 0.051517 0.529059 -0.001322
v 0.046365 0.534489 -0.047949
v 0.046365 0.607028 -0.109228
v 0.046365 0.604266 -0.110362
v 0.046365 0.524393 0.004540
v 0.046365 0.531266 -0.042316
v 0.046365 0.606321 -0.064364
v 0.046365 0.608682 -0.070029
v 0.046365 0.526292 0.005642
v -0.046367 0.604266 -0.110362
v -0.046367 0.534489 -0.047949
v -0.046367 0.607028 -0.109228
v -0.046367 0.608682 -0.070029
v -0.046367 0.531266 -0.042316
v -0.046367 0.606321 -0.064364
v -0.046367 0.526292 0.005642
v -0.046367 0.524393 0.004540
v -0.051518 0.603840 -0.105392
v -0.051518 0.535069 -0.043880
v -0.051518 0.605377 -0.068081
v -0.051518 0.529059 -0.001322
v -0.026486 0.345444 -0.204442
v -0.026486 0.345444 -0.226449
v -0.026486 0.440699 -0.204442
v -0.026486 0.396669 -0.226449
v -0.022365 0.345444 -0.201706
v -0.022365 0.342708 -0.226449
v -0.022365 0.342708 -0.204442
v -0.022365 0.392757 -0.229185
v -0.022365 0.345444 -0.229185
v 0.022363 0.342708 -0.204442
v 0.022363 0.345444 -0.201706
v 0.022363 0.342708 -0.226449
v 0.022363 0.392757 -0.229185
v 0.022363 0.345444 -0.229185
v 0.026485 0.345444 -0.226449
v 0.026485 0.345444 -0.204442
v 0.026485 0.440699 -0.204442
v 0.026485 0.396669 -0.226449
v 0.022363 0.440699 -0.201706
v -0.022365 0.397375 -0.231172
v 0.022363 0.397375 -0.231172
v -0.022365 0.440699 -0.201706
v 0.026485 0.408437 -0.238870
v 0.022363 0.405378 -0.239620
v -0.022365 0.405378 -0.239620
v 0.022363 0.443435 -0.204442
v -0.026486 0.408437 -0.238870
v -0.022365 0.409996 -0.241605
v 0.022363 0.409996 -0.241605
v -0.022365 0.443435 -0.204442
v 0.026485 0.440699 -0.238870
v 0.022363 0.443435 -0.238870
v 0.022363 0.440699 -0.241605
v -0.026486 0.440699 -0.238870
v -0.022365 0.440699 -0.241605
v -0.022365 0.443435 -0.238870
v 0.115709 0.451974 -0.520647
v 0.115709 0.458461 -0.520647
v 0.115709 0.455218 -0.527133
v 0.115709 0.451974 -0.511593
v 0.115709 0.458461 -0.511593
v 0.115709 0.455218 -0.518079
v 0.115709 0.451974 -0.502437
v 0.115709 0.458461 -0.502437
v 0.115709 0.455218 -0.508924
v 0.093118 0.426859 -0.546167
v 0.093118 0.426859 -0.560520
v 0.093118 0.439289 -0.538991
v 0.093118 0.451718 -0.546167
v 0.093118 0.439289 -0.567696
v 0.093118 0.451718 -0.560520
v 0.093118 0.375797 -0.560520
v 0.093118 0.388227 -0.567696
v 0.093118 0.375797 -0.546167
v 0.093118 0.400657 -0.560520
v 0.093118 0.400657 -0.546167
v 0.093118 0.388227 -0.538991
v -0.093119 0.426859 -0.546167
v -0.093119 0.439289 -0.538990
v -0.093119 0.426859 -0.560520
v -0.093119 0.451718 -0.546167
v -0.093119 0.439289 -0.567696
v -0.093119 0.451718 -0.560520
v -0.093119 0.388227 -0.538990
v -0.093119 0.400657 -0.546167
v -0.093119 0.375797 -0.546167
v -0.093119 0.400657 -0.560520
v -0.093119 0.388227 -0.567696
v -0.093119 0.375797 -0.560520
v 0.021095 0.489627 -0.504520
v 0.008738 0.501984 -0.504520
v 0.021095 0.472152 -0.504520
v -0.008738 0.459795 -0.504520
v 0.008738 0.459795 -0.504520
v -0.021095 0.489627 -0.504520
v -0.008738 0.501984 -0.504520
v -0.021095 0.472152 -0.504520
v 0.021095 0.397133 -0.504520
v 0.008738 0.409490 -0.504520
v 0.021095 0.379657 -0.504520
v -0.008738 0.367300 -0.504520
v 0.008738 0.367300 -0.504520
v -0.021095 0.397133 -0.504520
v -0.008738 0.409490 -0.504520
v -0.021095 0.379657 -0.504520
v 0.118045 0.418600 -0.552037
v 0.118045 0.420066 -0.549301
v 0.118045 0.430405 -0.552037
v 0.118045 0.427669 -0.549301
v 0.118045 0.419408 -0.548641
v 0.118045 0.417941 -0.551377
v 0.118045 0.419408 -0.541916
v 0.118045 0.417941 -0.539180
v 0.118045 0.416475 -0.548641
v 0.118045 0.416475 -0.541916
v 0.118045 0.430405 -0.538521
v 0.118045 0.427669 -0.541257
v 0.118045 0.418600 -0.538521
v 0.118045 0.420066 -0.541257
v 0.118045 0.431064 -0.551377
v 0.118045 0.428328 -0.548641
v 0.118045 0.431064 -0.539180
v 0.118045 0.428328 -0.541916
v 0.118045 0.417283 -0.538521
v 0.118045 0.415816 -0.541257
v 0.118045 0.405477 -0.538521
v 0.118045 0.408214 -0.541257
v 0.118045 0.405477 -0.552037
v 0.118045 0.408214 -0.549301
v 0.118045 0.417283 -0.552037
v 0.118045 0.415816 -0.549301
v 0.118045 0.404818 -0.539180
v 0.118045 0.407554 -0.541916
v 0.118045 0.404818 -0.551377
v 0.118045 0.407554 -0.548641
v 0.118045 0.418600 -0.534464
v 0.118045 0.420066 -0.531728
v 0.118045 0.430405 -0.534464
v 0.118045 0.427669 -0.531728
v 0.118045 0.419408 -0.531069
v 0.118045 0.417941 -0.533805
v 0.118045 0.419408 -0.524343
v 0.118045 0.417941 -0.521607
v 0.118045 0.416475 -0.531069
v 0.118045 0.416475 -0.524343
v 0.118045 0.430405 -0.520948
v 0.118045 0.427669 -0.523684
v 0.118045 0.418600 -0.520948
v 0.118045 0.420066 -0.523684
v 0.118045 0.431064 -0.533805
v 0.118045 0.428328 -0.531069
v 0.118045 0.431064 -0.521607
v 0.118045 0.428328 -0.524343
v 0.118045 0.417283 -0.520948
v 0.118045 0.415816 -0.523684
v 0.118045 0.405477 -0.520948
v 0.118045 0.408214 -0.523684
v 0.118045 0.405477 -0.534464
v 0.118045 0.408214 -0.531728
v 0.118045 0.417283 -0.534464
v 0.118045 0.415816 -0.531728
v 0.118045 0.404818 -0.521607
v 0.118045 0.407554 -0.524343
v 0.118045 0.404818 -0.533805
v 0.118045 0.407554 -0.531069
v 0.118045 0.418600 -0.516673
v 0.118045 0.420066 -0.513936
v 0.118045 0.430405 -0.516673
v 0.118045 0.427669 -0.513936
v 0.118045 0.419408 -0.513277
v 0.118045 0.417941 -0.516013
v 0.118045 0.419408 -0.506552
v 0.118045 0.417941 -0.503816
v 0.118045 0.416475 -0.513277
v 0.118045 0.416475 -0.506552
v 0.118045 0.430405 -0.503157
v 0.118045 0.427669 -0.505893
v 0.118045 0.418600 -0.503157
v 0.118045 0.420066 -0.505893
v 0.118045 0.431064 -0.516013
v 0.118045 0.428328 -0.513277
v 0.118045 0.431064 -0.503816
v 0.118045 0.428328 -0.506552
v 0.118045 0.417283 -0.503157
v 0.118045 0.415816 -0.505893
v 0.118045 0.405477 -0.503157
v 0.118045 0.408214 -0.505893
v 0.118045 0.405477 -0.516673
v 0.118045 0.408214 -0.513936
v 0.118045 0.417283 -0.516673
v 0.118045 0.415816 -0.513936
v 0.118045 0.404818 -0.503816
v 0.118045 0.407554 -0.506552
v 0.118045 0.404818 -0.516013
v 0.118045 0.407554 -0.513277
v 0.118045 0.406823 -0.453957
v 0.118045 0.414752 -0.459858
v 0.118045 0.405785 -0.465730
v 0.118045 0.412399 -0.468326
v 0.118045 0.417024 -0.431220
v 0.118045 0.428172 -0.445172
v 0.118045 0.411876 -0.441190
v 0.118045 0.421887 -0.450700
v 0.118045 0.404840 -0.481033
v 0.118045 0.411300 -0.482315
v 0.118045 0.404833 -0.494897
v 0.118045 0.411300 -0.494897
v 0.118045 0.405644 -0.467577
v 0.118045 0.412087 -0.470143
v 0.118045 0.404900 -0.479182
v 0.118045 0.411365 -0.480465
v 0.118045 0.411097 -0.442869
v 0.118045 0.420609 -0.452032
v 0.118045 0.407258 -0.452177
v 0.118045 0.415583 -0.458245
v 0.118045 0.423900 -0.419417
v 0.118045 0.436997 -0.438446
v 0.118045 0.417918 -0.429598
v 0.118045 0.429608 -0.444004
v 0.070617 0.543597 0.271483
v 0.070617 0.531099 0.271483
v 0.070617 0.543597 0.290399
v 0.070617 0.531099 0.290399
v -0.070617 0.543597 0.271483
v -0.070617 0.543597 0.290399
v -0.070617 0.531099 0.271483
v -0.070617 0.531099 0.290399
v 0.070617 0.531098 0.144130
v 0.070617 0.531098 0.163523
v 0.070617 0.543597 0.144130
v 0.070617 0.543597 0.163523
v -0.070617 0.543597 0.144130
v -0.070617 0.543597 0.163523
v -0.070617 0.531099 0.144130
v -0.070617 0.531099 0.163523
v 0.070617 0.531098 0.080453
v 0.070617 0.531098 0.099846
v 0.070617 0.543597 0.080453
v 0.070617 0.543597 0.099846
v -0.070617 0.543597 0.080453
v -0.070617 0.543597 0.099846
v -0.070617 0.531099 0.080453
v -0.070617 0.531099 0.099846
v 0.070617 0.531098 0.207806
v 0.070617 0.531099 0.227200
v 0.070617 0.543597 0.207806
v 0.070617 0.543597 0.227200
v -0.070617 0.543597 0.207806
v -0.070617 0.543597 0.227200
v -0.070617 0.531099 0.207806
v -0.070617 0.531099 0.227200
v 0.070617 0.531098 0.112291
v 0.070617 0.531098 0.131685
v 0.070617 0.543597 0.112291
v 0.070617 0.543597 0.131685
v -0.070617 0.543597 0.112291
v -0.070617 0.543597 0.131685
v -0.070617 0.531099 0.112291
v -0.070617 0.531099 0.131685
v 0.070617 0.531098 0.175968
v 0.070617 0.531098 0.195362
v 0.070617 0.543597 0.175968
v 0.070617 0.543597 0.195362
v -0.070617 0.543597 0.175968
v -0.070617 0.543597 0.195362
v -0.070617 0.531099 0.175968
v -0.070617 0.531099 0.195362
v 0.070617 0.531098 0.049092
v 0.070617 0.531098 0.068008
v 0.070617 0.543597 0.049092
v 0.070617 0.543597 0.068008
v -0.070617 0.543597 0.049092
v -0.070617 0.543597 0.068008
v -0.070617 0.531098 0.049092
v -0.070617 0.531099 0.068008
v 0.070617 0.531099 0.239645
v 0.070617 0.531099 0.259039
v 0.070617 0.543597 0.239645
v 0.070617 0.543597 0.259039
v -0.070617 0.543597 0.239645
v -0.070617 0.543597 0.259039
v -0.070617 0.531099 0.239645
v -0.070617 0.531099 0.259039
v 0.020193 0.531489 -0.063546
v -0.020194 0.531489 -0.063546
v 0.020193 0.498780 -0.063546
v -0.020194 0.498780 -0.063546
v -0.022930 0.533768 -0.060810
v 0.022929 0.533768 -0.060810
v -0.022930 0.555099 -0.053841
v 0.022929 0.555099 -0.053841
v -0.132430 0.580019 -0.290933
v -0.214309 0.580019 -0.290933
v -0.222080 0.580019 -0.280623
v -0.214309 0.580019 -0.270311
v -0.132430 0.580019 -0.270311
v -0.222080 0.568768 -0.280623
v -0.222080 0.580019 -0.280623
v -0.200198 0.569206 -0.280623
v -0.200198 0.478735 -0.280623
v -0.208933 0.478735 -0.271888
v -0.208933 0.569206 -0.271888
v -0.208933 0.569206 -0.289358
v -0.217668 0.478735 -0.280623
v -0.217668 0.569206 -0.280623
v -0.208933 0.478735 -0.289358
v -0.222080 0.479197 -0.280623
v -0.222080 0.466577 -0.280623
v -0.189803 0.577109 -0.145903
v -0.131660 0.577109 -0.145903
v -0.131660 0.575112 -0.161040
v -0.189803 0.575112 -0.161040
v -0.191854 0.575057 -0.158944
v -0.191854 0.575057 -0.158944
v -0.191854 0.558837 -0.162818
v -0.191854 0.575057 -0.145903
v -0.189803 0.558837 -0.143850
v -0.189803 0.575057 -0.143850
v -0.189803 0.577109 -0.145903
v -0.084263 0.353881 -0.589990
v -0.084263 0.353881 -0.353907
v 0.084262 0.353881 -0.353907
v 0.084262 0.353880 -0.589990
v -0.119521 0.475022 -0.427609
v -0.119521 0.476557 -0.432610
v -0.136674 0.362281 -0.590734
v -0.137783 0.358440 -0.590734
v -0.123642 0.473821 -0.590734
v -0.129380 0.311326 -0.590734
v -0.127009 0.307728 -0.590734
v 0.136672 0.362281 -0.590734
v 0.137781 0.358440 -0.590734
v 0.129379 0.311326 -0.590734
v 0.127007 0.307728 -0.590734
v 0.089415 0.476557 -0.590699
v 0.084262 0.472466 -0.590013
v -0.119521 0.476557 -0.590734
v -0.089416 0.476557 -0.590734
v -0.084263 0.472466 -0.590013
v -0.084263 0.419195 -0.353907
v -0.089416 0.424316 -0.352752
v -0.119587 0.420047 -0.350487
v -0.119521 0.424316 -0.352752
v 0.084262 0.419195 -0.353907
v 0.089415 0.424316 -0.352752
v 0.136672 0.362281 -0.353223
v 0.137781 0.358440 -0.353223
v 0.129379 0.311326 -0.353223
v 0.127007 0.307728 -0.353223
v 0.119521 0.424316 -0.352752
v 0.123641 0.422966 -0.353217
v 0.123641 0.473794 -0.590734
v 0.119521 0.476557 -0.590699
v 0.089415 0.475022 -0.427609
v 0.089415 0.476557 -0.432610
v 0.089415 0.475022 -0.427609
v 0.089415 0.476557 -0.432610
v -0.129380 0.311326 -0.353223
v -0.137783 0.358440 -0.353223
v -0.136674 0.362281 -0.353223
v -0.127009 0.307728 -0.353223
v -0.123642 0.421331 -0.353223
v -0.119587 0.420047 -0.350487
v 0.084262 0.439253 -0.572893
v 0.093117 0.426822 -0.559997
v 0.093117 0.439253 -0.567172
v 0.084262 0.421869 -0.562856
v 0.049286 0.526060 -0.374698
v 0.049286 0.444117 -0.292704
v -0.049287 0.444117 -0.292704
v -0.049287 0.526060 -0.374698
v -0.049287 0.404849 -0.293006
v -0.049287 0.571161 -0.374749
v 0.049286 0.571159 -0.374749
v 0.049286 0.404849 -0.293006
v -0.032949 0.311676 -0.093732
v -0.032949 0.311676 -0.129243
v 0.032947 0.311676 -0.129243
v 0.032947 0.311676 -0.093732
v 0.032947 0.323241 -0.076040
v -0.032949 0.323241 -0.076040
v 0.032947 0.323723 0.000057
v -0.032949 0.323241 -0.000884
v 0.049286 0.339674 -0.323499
v -0.049287 0.339092 -0.240406
v -0.049287 0.339674 -0.323499
v 0.049286 0.339092 -0.240406
v -0.032949 0.323241 -0.146934
v 0.032947 0.323241 -0.146934
v -0.032949 0.323241 -0.200740
v 0.032947 0.323241 -0.200740
v 0.032947 0.292184 0.022129
v -0.032949 0.292184 0.021445
v 0.044357 0.405589 -0.290270
v -0.044358 0.405589 -0.290270
v 0.049286 0.404849 -0.293006
v 0.049286 0.380364 -0.323443
v -0.049287 0.380364 -0.323443
v -0.049287 0.404849 -0.293006
v -0.044358 0.343879 -0.321810
v 0.044357 0.343879 -0.321810
v 0.049286 0.339674 -0.323499
v -0.049287 0.339674 -0.323499
v 0.062283 0.635667 -0.428695
v -0.062284 0.635668 -0.428695
v 0.070777 0.633808 -0.432385
v -0.070777 0.633808 -0.432385
v 0.070777 0.613684 -0.472891
v 0.070777 0.602918 -0.508679
v 0.070777 0.604361 -0.525277
v 0.070777 0.602288 -0.420738
v 0.070777 0.633808 -0.432385
v -0.070777 0.613684 -0.472891
v -0.070777 0.633808 -0.432385
v -0.070777 0.602288 -0.420738
v -0.070777 0.602918 -0.508679
v -0.070777 0.604361 -0.525277
v -0.070777 0.581765 -0.529839
v -0.070777 0.577915 -0.521684
v 0.070777 0.581765 -0.529839
v 0.070777 0.577915 -0.521684
v -0.070777 0.564771 -0.511725
v 0.070777 0.564771 -0.511725
v -0.062284 0.604745 -0.529386
v 0.062283 0.604745 -0.529386
v 0.070777 0.604361 -0.525277
v -0.070777 0.604361 -0.525277
v 0.055935 0.582815 -0.372013
v -0.055937 0.582815 -0.372013
v 0.060864 0.582815 -0.374749
v -0.060864 0.582815 -0.374749
v 0.060864 0.613782 -0.443698
v 0.060864 0.583174 -0.409709
v 0.060864 0.571159 -0.374749
v 0.060864 0.582815 -0.374749
v -0.060864 0.613782 -0.443698
v -0.060864 0.583174 -0.409709
v -0.060864 0.571161 -0.374749
v -0.060864 0.582815 -0.374749
v -0.000000 0.410626 -0.376281
v -0.000000 0.410626 -0.221915
v -0.014686 0.425313 -0.376281
v -0.014686 0.425313 -0.221915
v 0.014686 0.425313 -0.221915
v -0.000000 0.439999 -0.376281
v -0.000000 0.439999 -0.221915
v 0.014686 0.425313 -0.376281
v -0.000000 0.377356 -0.227204
v -0.000000 0.377356 -0.375324
v 0.015736 0.361619 -0.375324
v 0.015736 0.361619 -0.227204
v -0.015736 0.361619 -0.227204
v -0.000000 0.345883 -0.375324
v -0.000000 0.345883 -0.227204
v -0.015736 0.361619 -0.375324
v 0.120690 0.541302 -0.525997
v 0.123354 0.536657 -0.522754
v 0.059239 0.527511 -0.590025
v 0.058603 0.527849 -0.508364
v 0.083460 0.565390 -0.540192
v 0.076388 0.567299 -0.541095
v 0.078651 0.564942 -0.536970
v 0.008557 0.567299 -0.541095
v 0.004436 0.563870 -0.590150
v 0.008557 0.567299 -0.590716
v 0.076388 0.567299 -0.590716
v 0.083460 0.565390 -0.590716
v 0.120684 0.537482 -0.593445
v 0.120690 0.541296 -0.590712
v 0.059496 0.530719 -0.509157
v 0.053733 0.528792 -0.509751
v 0.088383 0.480145 -0.437934
v 0.119521 0.481947 -0.437103
v 0.089882 0.481947 -0.437498
v 0.123354 0.482288 -0.440423
v 0.084731 0.481955 -0.440987
v 0.123354 0.482288 -0.590569
v 0.088686 0.482922 -0.593445
v 0.119575 0.482922 -0.593445
v 0.008557 0.530716 -0.509158
v 0.004436 0.531528 -0.515218
v 0.004436 0.563870 -0.540390
v 0.004436 0.537931 -0.523474
v -0.120691 0.541302 -0.525997
v -0.123281 0.536657 -0.522757
v -0.058608 0.527849 -0.508365
v -0.059243 0.527514 -0.590025
v -0.076388 0.567299 -0.541095
v -0.083462 0.565390 -0.540192
v -0.078653 0.564942 -0.536970
v -0.008559 0.567299 -0.590716
v -0.008559 0.567299 -0.541095
v -0.008559 0.564942 -0.536970
v -0.008559 0.564575 -0.593445
v -0.004437 0.537931 -0.523474
v -0.008559 0.564575 -0.593445
v -0.004437 0.563870 -0.590150
v -0.123281 0.536651 -0.590711
v -0.120691 0.541298 -0.590712
v -0.078951 0.564766 -0.593445
v -0.083462 0.565390 -0.590716
v -0.059494 0.530721 -0.509156
v -0.053734 0.528792 -0.509751
v -0.008559 0.530716 -0.509158
v -0.119521 0.481947 -0.437466
v -0.123281 0.482288 -0.440782
v -0.088385 0.480145 -0.437934
v -0.123281 0.482288 -0.590536
v -0.084793 0.481955 -0.441292
v -0.088688 0.483093 -0.593445
v -0.119577 0.483093 -0.593445
v -0.123281 0.482288 -0.590536
v -0.119577 0.483093 -0.593445
v -0.008559 0.530716 -0.509158
v -0.004437 0.531528 -0.515218
v -0.004437 0.531528 -0.590709
v 0.096711 0.370394 0.399300
v 0.107015 0.375484 0.399317
v -0.043110 0.462996 -0.528739
v -0.027898 0.469297 -0.490394
v -0.011555 0.508750 -0.490394
v -0.017858 0.523964 -0.528739
v 0.011555 0.452956 -0.490394
v 0.017857 0.437742 -0.528739
v -0.008738 0.459758 -0.503997
v -0.013253 0.448857 -0.528739
v -0.013253 0.512849 -0.528739
v -0.008738 0.501948 -0.503997
v 0.031995 0.467600 -0.528739
v 0.021095 0.489590 -0.503997
v 0.031995 0.494106 -0.528739
v 0.021095 0.472116 -0.503997
v -0.027898 0.399914 -0.490394
v -0.043110 0.406215 -0.528739
v -0.017858 0.345247 -0.528739
v -0.011556 0.360461 -0.490394
v 0.011555 0.360461 -0.490394
v 0.017857 0.345247 -0.528739
v -0.008738 0.367264 -0.503997
v -0.013253 0.356362 -0.528739
v 0.031995 0.375105 -0.528739
v 0.021095 0.379621 -0.503997
v 0.013252 0.420354 -0.528739
v 0.008738 0.409453 -0.503997
v -0.021095 0.397097 -0.503997
v -0.031995 0.401611 -0.528739
v -0.096711 0.370394 0.399300
v -0.107014 0.375484 0.399317
v 0.082834 0.313529 -0.211779
v 0.082834 0.313529 -0.264033
v 0.082834 0.368301 -0.264033
v 0.082834 0.378915 -0.253419
v 0.079166 0.311799 -0.267471
v 0.055020 0.304900 -0.272083
v 0.082834 0.313529 -0.264033
v 0.082834 0.378915 -0.222394
v 0.082834 0.368301 -0.211779
v 0.055020 0.304900 -0.203730
v 0.079166 0.311799 -0.208342
v 0.082834 0.313529 -0.211779
v 0.055020 0.385298 -0.216746
v 0.078912 0.380919 -0.219378
v 0.078912 0.380919 -0.256434
v 0.055020 0.385298 -0.259067
v 0.082834 0.378915 -0.253419
v 0.082834 0.378915 -0.222394
v 0.068658 0.320477 -0.326236
v 0.071491 0.296858 -0.302857
v 0.071491 0.321221 -0.323299
v 0.071491 0.295095 -0.287596
v 0.068658 0.331504 -0.325262
v 0.071491 0.310431 -0.286682
v 0.071491 0.334792 -0.307126
v 0.068875 0.293239 -0.284855
v 0.068658 0.331504 -0.325262
v 0.053998 0.332513 -0.329376
v 0.071491 0.335577 -0.316188
v 0.071491 0.330282 -0.322498
v 0.053998 0.341651 -0.304756
v 0.068658 0.337555 -0.305882
v 0.071491 0.334792 -0.307126
v 0.068875 0.293239 -0.284855
v 0.053998 0.287211 -0.282146
v 0.068875 0.292072 -0.286243
v 0.053998 0.288358 -0.280778
v 0.071491 0.295095 -0.287596
v 0.049465 0.375296 -0.289610
v 0.049465 0.374597 -0.287067
v 0.049465 0.377594 -0.293476
v 0.049465 0.378293 -0.296020
v 0.049465 0.378293 -0.321503
v 0.049465 0.374597 -0.221968
v 0.067178 0.529939 -0.288821
v 0.067178 0.565583 -0.288821
v 0.067178 0.565583 -0.268128
v 0.067178 0.529939 -0.268128
v 0.069111 0.527199 -0.288821
v 0.084728 0.521638 -0.288821
v 0.067178 0.529939 -0.268128
v 0.067178 0.529939 -0.288821
v 0.084728 0.523690 -0.266076
v 0.069229 0.529333 -0.266076
v 0.084728 0.573885 -0.268128
v 0.069111 0.568325 -0.268128
v 0.067178 0.565583 -0.288821
v 0.067178 0.565583 -0.268128
v 0.084728 0.571832 -0.290873
v 0.069229 0.566189 -0.290873
v 0.067178 0.529939 -0.137753
v 0.067178 0.565583 -0.137753
v 0.069229 0.529333 -0.115008
v 0.069229 0.566189 -0.115008
v 0.069111 0.568325 -0.117061
v 0.069111 0.527199 -0.137753
v 0.084728 0.521638 -0.137753
v 0.067178 0.529939 -0.117061
v 0.067178 0.529939 -0.137753
v 0.084728 0.523690 -0.115008
v 0.069229 0.529333 -0.115008
v 0.084728 0.573885 -0.117061
v 0.069111 0.568325 -0.117061
v 0.067178 0.565583 -0.137753
v 0.067178 0.565583 -0.117061
v 0.084728 0.571832 -0.139806
v 0.069229 0.566189 -0.139806
v 0.068674 0.437475 -0.460198
v 0.068674 0.525430 -0.460198
v 0.068919 0.434394 -0.457463
v 0.041147 0.411929 -0.457463
v 0.048812 0.544401 -0.457463
v 0.068902 0.528490 -0.457463
v 0.068674 0.525430 -0.423878
v 0.068674 0.437475 -0.423878
v 0.068902 0.528490 -0.426615
v 0.048812 0.544401 -0.426615
v 0.041147 0.411929 -0.426615
v 0.068919 0.434394 -0.426615
v -0.130392 0.457430 0.027339
v -0.130392 0.457430 -0.175007
v -0.122407 0.461671 -0.182017
v -0.130392 0.457790 -0.321158
v -0.130392 0.457790 -0.186277
v -0.126840 0.589888 -0.107171
v -0.126837 0.587928 -0.102525
v -0.126777 0.501325 0.028679
v -0.126782 0.497852 0.031313
v -0.077422 0.444545 0.045495
v -0.126850 0.454462 0.028552
v -0.130392 0.457790 -0.186277
v -0.130392 0.585908 -0.233088
v -0.077422 0.608594 -0.228052
v -0.126843 0.589886 -0.223006
v -0.130392 0.585908 -0.221708
v -0.126843 0.589886 -0.223006
v -0.077422 0.444545 -0.179252
v -0.126500 0.454392 -0.184893
v -0.130392 0.457790 -0.186277
v -0.122407 0.461671 -0.182017
v -0.127296 0.511087 -0.414764
v -0.130392 0.512563 -0.410033
v -0.077422 0.608594 -0.239129
v -0.126840 0.589888 -0.234368
v -0.126840 0.589888 -0.234368
v -0.130392 0.585908 -0.233088
v -0.082835 0.313529 -0.211779
v -0.082835 0.313529 -0.264033
v -0.082835 0.368301 -0.264033
v -0.082835 0.378915 -0.253419
v -0.079166 0.311799 -0.267471
v -0.055020 0.304900 -0.272083
v -0.082835 0.313529 -0.264033
v -0.082835 0.378915 -0.222394
v -0.082835 0.368301 -0.211779
v -0.055020 0.304900 -0.203730
v -0.079166 0.311799 -0.208342
v -0.082835 0.313529 -0.211779
v -0.055020 0.385298 -0.216746
v -0.078913 0.380919 -0.219378
v -0.078913 0.380919 -0.256434
v -0.055020 0.385298 -0.259067
v -0.082835 0.378915 -0.253419
v -0.082835 0.378915 -0.222394
v -0.068658 0.320477 -0.326236
v -0.071492 0.296858 -0.302857
v -0.071492 0.321221 -0.323299
v -0.071492 0.295095 -0.287596
v -0.068657 0.331504 -0.325262
v -0.071492 0.310431 -0.286682
v -0.071492 0.334792 -0.307126
v -0.068875 0.293239 -0.284855
v -0.068657 0.331504 -0.325262
v -0.053999 0.332513 -0.329376
v -0.071492 0.335577 -0.316188
v -0.071492 0.330282 -0.322498
v -0.053999 0.341651 -0.304756
v -0.068658 0.337555 -0.305882
v -0.071492 0.334792 -0.307126
v -0.053999 0.287211 -0.282146
v -0.068875 0.293239 -0.284855
v -0.068875 0.292072 -0.286243
v -0.053999 0.288358 -0.280778
v -0.071492 0.295095 -0.287596
v -0.049465 0.375296 -0.289610
v -0.049465 0.374597 -0.287067
v -0.049465 0.377594 -0.293476
v -0.049465 0.378293 -0.296020
v -0.049465 0.378293 -0.321503
v -0.049465 0.374597 -0.221968
v -0.067178 0.565583 -0.268128
v -0.067178 0.529939 -0.268128
v -0.067178 0.529939 -0.288821
v -0.067178 0.565583 -0.288821
v -0.084728 0.573885 -0.268128
v -0.069112 0.568325 -0.268128
v -0.067178 0.565583 -0.288821
v -0.067178 0.565583 -0.268128
v -0.084728 0.571832 -0.290873
v -0.069229 0.566189 -0.290873
v -0.069112 0.527199 -0.288821
v -0.084728 0.521638 -0.288821
v -0.067178 0.529939 -0.268128
v -0.067178 0.529939 -0.288821
v -0.084728 0.523690 -0.266076
v -0.069229 0.529333 -0.266076
v -0.067178 0.529939 -0.137753
v -0.067178 0.565583 -0.137753
v -0.069229 0.529333 -0.115008
v -0.069229 0.566189 -0.115008
v -0.069112 0.568325 -0.117061
v -0.084728 0.573885 -0.117061
v -0.069112 0.568325 -0.117061
v -0.067178 0.565583 -0.137753
v -0.067178 0.565583 -0.117061
v -0.084728 0.571832 -0.139806
v -0.069229 0.566189 -0.139806
v -0.069112 0.527199 -0.137753
v -0.084728 0.521638 -0.137753
v -0.067178 0.529939 -0.117061
v -0.067178 0.529939 -0.137753
v -0.084728 0.523690 -0.115008
v -0.069229 0.529333 -0.115008
v -0.068673 0.437475 -0.460198
v -0.068673 0.525430 -0.460198
v -0.068919 0.434394 -0.457463
v -0.041148 0.411929 -0.457463
v -0.048813 0.544401 -0.457463
v -0.068902 0.528490 -0.457463
v -0.068673 0.525430 -0.423878
v -0.068673 0.437475 -0.423878
v -0.068902 0.528490 -0.426615
v -0.048813 0.544401 -0.426615
v -0.041148 0.411929 -0.426615
v -0.068919 0.434394 -0.426615
v -0.060136 0.388224 0.457644
v 0.060135 0.388224 0.050465
v 0.060135 0.388224 0.457644
v -0.060136 0.388224 0.050465
v 0.060135 0.390960 0.460381
v -0.060136 0.390960 0.460381
v -0.060136 0.554526 0.308432
v 0.060135 0.554526 0.308432
v -0.060136 0.493946 0.371376
v 0.060135 0.493946 0.371376
v -0.060136 0.492048 0.376085
v 0.060135 0.492048 0.376085
v 0.063555 0.554024 0.303607
v -0.063555 0.554024 0.303607
v -0.060136 0.489312 0.460381
v 0.060135 0.489312 0.460381
v -0.063555 0.489702 0.456959
v -0.063555 0.489702 0.370174
v -0.063555 0.554024 0.003341
v 0.063555 0.489702 0.370174
v 0.063555 0.489702 0.456959
v 0.063555 0.554024 0.003341
v -0.060136 0.357242 0.000202
v 0.060135 0.357242 0.000202
v -0.063555 0.554024 0.003341
v -0.063556 0.357926 0.003622
v -0.060136 0.556424 0.002946
v 0.060135 0.556424 0.002946
v 0.063555 0.357926 0.003622
v 0.063555 0.554024 0.003341
v 0.060135 0.390960 0.460381
v -0.060136 0.489312 0.460381
v -0.060136 0.390960 0.460381
v 0.060135 0.489312 0.460381
v -0.060136 0.354506 0.002939
v 0.060135 0.354506 0.044993
v -0.060136 0.354506 0.044993
v 0.060135 0.354506 0.002939
v -0.060136 0.357242 0.000202
v 0.060135 0.357242 0.000202
v 0.060135 0.385488 0.047729
v -0.060136 0.357242 0.047729
v 0.060135 0.357242 0.047729
v -0.060136 0.385488 0.047729
v -0.060136 0.354506 0.044993
v 0.060135 0.354506 0.044993
v 0.060135 0.388224 0.050465
v -0.060136 0.388224 0.050465
v 0.028690 0.560443 -0.127751
v 0.028690 0.560443 -0.377658
v -0.028690 0.560443 -0.377658
v -0.028690 0.560443 -0.127751
v -0.028690 0.503062 -0.127751
v -0.028690 0.503062 -0.377658
v 0.028690 0.503062 -0.377658
v 0.028690 0.503062 -0.127751
v -0.000000 0.572327 -0.377658
v 0.040574 0.531752 -0.377658
v -0.040574 0.531752 -0.377658
v -0.000000 0.491178 -0.377658
v -0.028690 0.503062 -0.377658
v 0.028690 0.503062 -0.377658
v 0.028690 0.560443 -0.377658
v -0.028690 0.560443 -0.377658
v 0.028690 0.466013 -0.048982
v 0.028690 0.560443 -0.127751
v -0.028690 0.560443 -0.127751
v -0.028690 0.466013 -0.048982
v 0.028690 0.503062 -0.127751
v 0.028690 0.466013 -0.095996
v -0.028690 0.466013 -0.095996
v -0.028690 0.503062 -0.127751
v 0.036788 0.568969 -0.333201
v -0.000000 0.584207 -0.358504
v -0.000000 0.584207 -0.333201
v 0.036788 0.568969 -0.358504
v -0.036788 0.568969 -0.358504
v -0.036788 0.568969 -0.333201
v -0.000000 0.480157 -0.333201
v 0.036788 0.495394 -0.358504
v 0.036788 0.495394 -0.333201
v -0.000000 0.480157 -0.358504
v 0.052026 0.532181 -0.358504
v 0.052026 0.532181 -0.333201
v -0.000000 0.480157 -0.358504
v -0.036788 0.495394 -0.333201
v -0.036788 0.495394 -0.358504
v -0.000000 0.480157 -0.333201
v -0.052026 0.532181 -0.333201
v -0.052026 0.532181 -0.358504
v -0.036788 0.568969 -0.333201
v -0.052026 0.532181 -0.358504
v -0.052026 0.532181 -0.333201
v -0.036788 0.568969 -0.358504
v 0.036788 0.568969 -0.358504
v 0.052026 0.532181 -0.333201
v 0.052026 0.532181 -0.358504
v 0.036788 0.568969 -0.333201
v -0.000000 0.480157 -0.144840
v 0.036788 0.495394 -0.170143
v 0.036788 0.495394 -0.144840
v -0.000000 0.480157 -0.170143
v 0.052026 0.532181 -0.170143
v 0.052026 0.532181 -0.144840
v -0.036788 0.568969 -0.170143
v -0.000000 0.584207 -0.144840
v -0.000000 0.584207 -0.170143
v -0.036788 0.568969 -0.144840
v 0.036788 0.568969 -0.144840
v 0.036788 0.568969 -0.170143
v -0.036788 0.568969 -0.144840
v -0.052026 0.532181 -0.170143
v -0.052026 0.532181 -0.144840
v -0.036788 0.568969 -0.170143
v 0.036788 0.568969 -0.170143
v 0.052026 0.532181 -0.144840
v 0.052026 0.532181 -0.170143
v 0.036788 0.568969 -0.144840
v -0.036788 0.495394 -0.144840
v -0.000000 0.480157 -0.170143
v -0.000000 0.480157 -0.144840
v -0.036788 0.495394 -0.170143
v -0.052026 0.532181 -0.144840
v -0.052026 0.532181 -0.170143
v 0.082492 0.512348 -0.598013
v 0.125081 0.512348 -0.598013
v 0.127142 0.512348 -0.596644
v 0.080432 0.512348 -0.596644
v 0.127142 0.480301 -0.596644
v 0.127142 0.504874 -0.581683
v 0.127142 0.480301 -0.581690
v 0.127142 0.512348 -0.596644
v 0.127142 0.512348 -0.550725
v 0.080432 0.512348 -0.596644
v 0.080432 0.480301 -0.581690
v 0.080432 0.504874 -0.581683
v 0.080432 0.512348 -0.550725
v 0.080432 0.480301 -0.596644
v 0.082492 0.478933 -0.581690
v 0.125081 0.478933 -0.581690
v 0.127142 0.480301 -0.581690
v 0.127142 0.480301 -0.596644
v 0.080432 0.480301 -0.596644
v 0.080432 0.480301 -0.581690
v 0.082492 0.480301 -0.598013
v 0.125081 0.480301 -0.598013
v 0.125081 0.513717 -0.549633
v 0.082492 0.513717 -0.549633
v 0.127142 0.512348 -0.550725
v 0.127142 0.504871 -0.555369
v 0.080432 0.504871 -0.555369
v 0.080432 0.512348 -0.550725
v 0.127142 0.504874 -0.581683
v 0.080432 0.504874 -0.581683
v 0.082492 0.502135 -0.580322
v 0.125081 0.502135 -0.580322
v -0.082492 0.512348 -0.598013
v -0.125081 0.512348 -0.598013
v -0.127143 0.512348 -0.596644
v -0.080432 0.512348 -0.596644
v -0.080432 0.480301 -0.581690
v -0.080432 0.512348 -0.596644
v -0.080432 0.504874 -0.581683
v -0.080432 0.512348 -0.550725
v -0.080432 0.480301 -0.596644
v -0.127143 0.504874 -0.581683
v -0.127143 0.480301 -0.596644
v -0.127143 0.480301 -0.581690
v -0.127143 0.512348 -0.596644
v -0.127143 0.512348 -0.550725
v -0.082492 0.478933 -0.581690
v -0.125081 0.478933 -0.581690
v -0.127143 0.480301 -0.581690
v -0.127143 0.480301 -0.596644
v -0.080432 0.480301 -0.596644
v -0.080432 0.480301 -0.581690
v -0.082492 0.480301 -0.598013
v -0.125081 0.480301 -0.598013
v -0.125081 0.513717 -0.549633
v -0.082492 0.513717 -0.549633
v -0.127143 0.512348 -0.550725
v -0.127143 0.504871 -0.555369
v -0.080432 0.504871 -0.555369
v -0.080432 0.512348 -0.550725
v -0.127143 0.504874 -0.581683
v -0.080432 0.504874 -0.581683
v -0.082492 0.502135 -0.580322
v -0.125081 0.502135 -0.580322
v 0.051517 0.603840 -0.105392
v -0.051518 0.603840 -0.105392
v -0.051518 0.605377 -0.068081
v 0.051517 0.605377 -0.068082
v -0.051518 0.529059 -0.001322
v 0.051517 0.529059 -0.001322
v 0.046365 0.526292 0.005642
v -0.046367 0.526292 0.005642
v 0.051517 0.529059 -0.001322
v -0.046367 0.604266 -0.110362
v 0.046365 0.604266 -0.110362
v 0.051517 0.535069 -0.043880
v -0.051518 0.535069 -0.043880
v 0.051517 0.603840 -0.105392
v -0.051518 0.603840 -0.105392
v -0.051518 0.529059 -0.001322
v -0.046367 0.607028 -0.109228
v -0.046367 0.604266 -0.110362
v -0.051518 0.603840 -0.105392
v -0.046367 0.524393 0.004540
v -0.046367 0.526292 0.005642
v -0.051518 0.529059 -0.001322
v -0.026486 0.440699 -0.204442
v -0.026486 0.345444 -0.204442
v -0.022365 0.397375 -0.231172
v -0.022365 0.392757 -0.229185
v -0.026486 0.345444 -0.226449
v -0.026486 0.396669 -0.226449
v -0.022365 0.405378 -0.239620
v -0.022365 0.409996 -0.241605
v -0.022365 0.440699 -0.241605
v -0.022365 0.443435 -0.204442
v 0.022363 0.443435 -0.204442
v -0.026486 0.440699 -0.238870
v -0.026486 0.440699 -0.204442
v 0.026485 0.440699 -0.204442
v 0.026485 0.440699 -0.238870
v 0.022363 0.440699 -0.241605
v -0.022365 0.440699 -0.241605
v -0.022365 0.342708 -0.226449
v 0.022363 0.342708 -0.226449
v -0.026486 0.345444 -0.204442
v -0.026486 0.345444 -0.226449
v 0.026485 0.345444 -0.226449
v 0.026485 0.345444 -0.204442
v 0.022363 0.345444 -0.201706
v -0.022365 0.345444 -0.201706
v 0.026485 0.440699 -0.204442
v 0.026485 0.345444 -0.204442
v 0.026485 0.345444 -0.226449
v 0.026485 0.396669 -0.226449
v 0.026485 0.408437 -0.238870
v 0.026485 0.440699 -0.238870
v 0.130392 0.457430 0.027339
v 0.130392 0.457430 -0.175007
v 0.122407 0.461671 -0.182017
v 0.130392 0.457790 -0.321158
v 0.130392 0.457790 -0.186277
v 0.126840 0.589888 -0.107171
v 0.126837 0.587928 -0.102525
v 0.126777 0.501325 0.028679
v 0.126782 0.497852 0.031313
v 0.077422 0.444545 0.045495
v 0.126850 0.454462 0.028552
v 0.130392 0.457790 -0.186277
v 0.130392 0.585908 -0.233088
v 0.077422 0.608594 -0.228052
v 0.126843 0.589886 -0.223006
v 0.130392 0.585908 -0.221708
v 0.126843 0.589886 -0.223006
v 0.077422 0.444545 -0.179252
v 0.126500 0.454392 -0.184893
v 0.130392 0.457790 -0.186277
v 0.122407 0.461671 -0.182017
v 0.127296 0.511087 -0.414764
v 0.130392 0.512563 -0.410033
v 0.077422 0.608594 -0.239129
v 0.126840 0.589888 -0.234368
v 0.126840 0.589888 -0.234368
v 0.130392 0.585908 -0.233088
v -0.124540 0.293628 0.387297
v -0.124557 0.295449 0.390295
v -0.135862 0.370374 0.691805
v -0.135879 0.372345 0.696430
v -0.124457 0.293385 0.009281
v -0.124976 0.443788 0.777934
v -0.136789 0.371123 0.410207
v -0.125192 0.361748 0.426816
v 0.124540 0.293628 0.387297
v 0.124557 0.295449 0.390295
v 0.135862 0.370374 0.691805
v 0.135879 0.372345 0.696430
v 0.124457 0.293385 0.009281
v 0.124976 0.443788 0.777934
v 0.136788 0.371123 0.410207
v 0.125193 0.361748 0.426816
v -0.125798 0.442291 0.062158
v 0.125798 0.442291 0.062158
v 0.124902 0.445704 0.777147
v 0.125803 0.444975 0.065438
v 0.125798 0.442291 0.062158
v 0.119519 0.444043 0.060618
v -0.124902 0.445704 0.777147
v -0.125803 0.444975 0.065438
v -0.125798 0.442291 0.062158
v -0.119519 0.444043 0.060618
v -0.083317 0.392265 0.050039
v -0.082089 0.386970 0.049516
v 0.083316 0.392265 0.050039
v 0.082088 0.386970 0.049516
v 0.082088 0.388461 0.047080
v 0.083316 0.392265 0.050039
v 0.119519 0.392386 0.050064
v 0.119519 0.392386 0.050064
v 0.125660 0.390610 0.051655
v -0.082089 0.388461 0.047080
v -0.083317 0.392265 0.050039
v -0.119519 0.392386 0.050064
v -0.119519 0.392386 0.050064
v -0.125661 0.390610 0.051655
v -0.136909 0.334650 -0.015478
v -0.125256 0.346276 -0.030519
v -0.119519 0.345554 -0.030950
v -0.124490 0.295624 0.004975
v -0.125256 0.346276 -0.030519
v -0.082089 0.293226 0.006181
v -0.119519 0.290995 0.010500
v -0.124457 0.293385 0.009281
v 0.119521 0.349030 -0.030096
v 0.125256 0.346276 -0.030519
v 0.125256 0.346276 -0.030519
v 0.136909 0.334650 -0.015478
v 0.124491 0.295624 0.004975
v 0.082088 0.293226 0.006181
v 0.119519 0.290995 0.010500
v 0.124457 0.293385 0.009281
v -0.124902 0.445704 0.777147
v -0.119605 0.444759 0.780379
v -0.119519 0.446723 0.779545
v -0.124976 0.443788 0.777934
v 0.119605 0.444759 0.780379
v 0.124902 0.445704 0.777147
v 0.119521 0.446723 0.779545
v 0.124976 0.443788 0.777934
v 0.146241 0.340376 0.122643
v 0.142220 0.339552 0.124517
v 0.148708 0.342932 0.121503
v 0.146252 0.342430 0.124695
v 0.146234 0.387488 0.122642
v 0.148708 0.384917 0.121503
v -0.146241 0.340376 0.122643
v -0.142220 0.339552 0.124517
v -0.148707 0.342932 0.121503
v -0.146252 0.342430 0.124695
v -0.146234 0.387488 0.122642
v -0.148707 0.384917 0.121503
v 0.056771 0.305777 0.605718
v 0.056771 0.256499 0.512068
v 0.060827 0.308703 0.605404
v 0.056771 0.255019 0.506918
v -0.056772 0.256499 0.512068
v -0.060827 0.308703 0.605404
v -0.056772 0.305777 0.605718
v -0.056772 0.255019 0.506918
v -0.060827 0.251076 0.418157
v -0.056772 0.275509 0.387532
v -0.060827 0.277942 0.388928
v -0.056772 0.248463 0.419908
v 0.056771 0.248463 0.419908
v 0.060827 0.277942 0.388928
v 0.060827 0.251076 0.418157
v 0.056771 0.275509 0.387532
v 0.135834 0.463704 0.358491
v 0.124913 0.454329 0.777131
v 0.135826 0.465492 0.353684
v 0.125729 0.498463 0.053936
v -0.135835 0.463704 0.358491
v -0.124913 0.454329 0.777131
v -0.135826 0.465492 0.353684
v -0.125764 0.501194 0.051232
v -0.125730 0.498463 0.053936
v -0.135856 0.529570 0.691804
v -0.135890 0.527579 0.696417
v -0.124935 0.456270 0.777947
v -0.136208 0.531976 0.416638
v -0.125785 0.540278 0.424157
v -0.125483 0.574369 0.406540
v 0.125483 0.574369 0.406540
v -0.125461 0.576799 0.402548
v -0.125422 0.576856 -0.028745
v 0.125461 0.576799 0.402548
v 0.125422 0.576856 -0.028745
v -0.000000 0.499540 0.049516
v 0.119519 0.499540 0.049516
v -0.119519 0.499540 0.049516
v -0.119519 0.499540 0.049516
v -0.125764 0.501194 0.051232
v 0.125764 0.501194 0.051232
v 0.125729 0.498463 0.053936
v 0.119519 0.496805 0.052252
v -0.119519 0.496805 0.302113
v -0.126127 0.497057 0.304930
v -0.119519 0.496805 0.302113
v -0.126085 0.457218 0.350744
v -0.126077 0.455416 0.355544
v -0.119519 0.453346 0.779545
v 0.119519 0.579087 -0.029801
v 0.125517 0.574122 -0.031423
v 0.125422 0.576856 -0.028745
v 0.119519 0.507628 0.049516
v 0.079813 0.507628 0.049516
v 0.125874 0.508983 0.051322
v 0.119519 0.507628 0.049516
v 0.136117 0.515034 0.059601
v 0.125874 0.508983 0.051322
v -0.119519 0.579087 -0.029801
v -0.125517 0.574122 -0.031423
v -0.125422 0.576856 -0.028745
v -0.119519 0.507628 0.049516
v -0.079813 0.507628 0.049516
v -0.125874 0.508983 0.051322
v -0.119519 0.507628 0.049516
v -0.136117 0.515034 0.059601
v -0.125874 0.508983 0.051322
v -0.119519 0.455311 0.780377
v -0.119519 0.453346 0.779545
v -0.124935 0.456270 0.777947
v -0.124913 0.454329 0.777131
v 0.119519 0.453346 0.779545
v 0.124935 0.456270 0.777947
v 0.124913 0.454329 0.777131
v 0.126081 0.535604 0.699795
v 0.126105 0.537556 0.695140
v 0.119519 0.539575 0.429708
v 0.125810 0.537845 0.428149
v 0.119519 0.496805 0.302113
v 0.023884 0.610177 0.384606
v 0.028338 0.609527 0.387891
v -0.028340 0.609527 0.387891
v -0.023886 0.610177 0.384606
v -0.024254 0.610138 -0.016842
v -0.028710 0.609462 -0.020082
v 0.028708 0.609462 -0.020082
v 0.024253 0.610138 -0.016842
v 0.017912 0.596393 -0.023382
v 0.017850 0.596353 0.392144
v 0.056771 0.593298 0.605718
v 0.056771 0.642575 0.512068
v 0.060827 0.590371 0.605404
v 0.056771 0.644055 0.506918
v -0.056771 0.642575 0.512068
v -0.060827 0.590371 0.605404
v -0.056771 0.593298 0.605718
v -0.056771 0.644055 0.506918
v 0.060827 0.621131 0.388928
v 0.056771 0.623565 0.387532
v 0.060827 0.647999 0.418157
v 0.056771 0.650610 0.419908
v -0.060827 0.647999 0.418157
v -0.056771 0.623565 0.387532
v -0.060827 0.621131 0.388928
v -0.056771 0.650610 0.419908
v 0.134464 0.316509 0.846175
v 0.138249 0.315724 0.842434
v 0.138249 0.319098 0.440678
v 0.134763 0.319854 0.436078
v 0.134278 0.347759 0.711336
v 0.138249 0.345171 0.716257
v 0.134397 0.431031 0.794336
v 0.134523 0.429062 0.789606
v 0.134397 0.431031 0.816695
v 0.138249 0.427322 0.818073
v 0.138249 0.408748 0.842629
v 0.134464 0.407549 0.846175
v -0.134465 0.316509 0.846175
v -0.138249 0.315724 0.842434
v -0.138249 0.319098 0.440678
v -0.134763 0.319854 0.436078
v -0.134278 0.347759 0.711336
v -0.138249 0.345171 0.716257
v -0.134397 0.431031 0.794336
v -0.134523 0.429062 0.789606
v -0.134397 0.431031 0.816695
v -0.138249 0.427322 0.818073
v -0.138249 0.408748 0.842629
v -0.134464 0.407549 0.846175
v -0.082714 0.394383 0.906234
v -0.053882 0.411029 0.906234
v -0.030777 0.394315 0.903284
v -0.000000 0.386068 0.903284
v -0.049831 0.413368 0.903284
v 0.030777 0.394315 0.903284
v 0.049831 0.413368 0.903284
v 0.085956 0.392512 0.903284
v 0.082714 0.394383 0.906234
v 0.053882 0.411029 0.906234
v 0.082714 0.394383 0.906234
v -0.085955 0.392512 0.903284
v -0.082714 0.394383 0.906234
v -0.054341 0.412851 0.867352
v -0.084512 0.395433 0.867352
v -0.049831 0.413368 0.867352
v -0.085955 0.392512 0.867352
v 0.052263 0.411965 0.865070
v 0.049831 0.413368 0.867352
v 0.085956 0.392512 0.867352
v 0.082714 0.394383 0.865070
v 0.063210 0.375082 0.862116
v 0.059684 0.372148 0.862450
v 0.010122 0.376194 0.864851
v 0.010128 0.372148 0.862450
v 0.010128 0.357159 0.832242
v 0.010128 0.358468 0.837381
v -0.063210 0.375082 0.862116
v -0.059684 0.372148 0.862450
v -0.010128 0.372148 0.862450
v -0.010128 0.358468 0.837381
v -0.010122 0.376194 0.864851
v -0.010122 0.376194 0.864851
v -0.008932 0.385166 0.847279
v 0.008932 0.372266 0.847279
v 0.008932 0.385166 0.847279
v -0.008932 0.372266 0.847279
v 0.008932 0.391616 0.836107
v -0.008932 0.391616 0.836107
v -0.008932 0.365816 0.836107
v 0.008932 0.365816 0.836107
v 0.008932 0.385166 0.824936
v -0.008932 0.385166 0.824936
v -0.053324 0.319290 0.729331
v -0.049810 0.319290 0.726596
v 0.053324 0.319290 0.729331
v 0.049809 0.319290 0.726596
v 0.049798 0.318936 0.814965
v 0.049798 0.316555 0.810882
v 0.053324 0.319290 0.729331
v 0.049798 0.316555 0.729331
v 0.134278 0.551315 0.711336
v 0.138249 0.553903 0.716257
v 0.134397 0.468043 0.794336
v 0.134523 0.470011 0.789606
v 0.134397 0.468043 0.816695
v 0.138249 0.471753 0.818073
v 0.134437 0.486987 0.844013
v 0.138249 0.490326 0.842629
v 0.134763 0.579220 0.436078
v 0.138249 0.579976 0.440678
v 0.138249 0.583350 0.842434
v 0.135071 0.586291 0.843316
v -0.134277 0.551315 0.711336
v -0.138249 0.553903 0.716257
v -0.134397 0.468043 0.794336
v -0.134523 0.470011 0.789606
v -0.134397 0.468043 0.816695
v -0.138249 0.471753 0.818073
v -0.134437 0.486987 0.844013
v -0.138249 0.490326 0.842629
v -0.134763 0.579220 0.436078
v -0.138249 0.579976 0.440678
v -0.138249 0.583350 0.842434
v -0.135071 0.586291 0.843316
v 0.063210 0.452366 0.791080
v 0.063210 0.523993 0.862116
v 0.059684 0.526926 0.862450
v 0.010122 0.522881 0.864851
v 0.010128 0.526926 0.862450
v 0.010128 0.541916 0.832242
v 0.010128 0.540606 0.837381
v -0.063210 0.452366 0.791080
v -0.063210 0.523993 0.862116
v -0.059684 0.526926 0.862450
v -0.010122 0.522881 0.864851
v -0.010128 0.526926 0.862450
v -0.010128 0.540606 0.837381
v -0.010128 0.541916 0.832242
v 0.008932 0.507458 0.836107
v -0.008932 0.507458 0.836107
v 0.008932 0.526809 0.824936
v -0.008932 0.526809 0.824936
v -0.008932 0.526809 0.847279
v 0.008932 0.526809 0.847279
v -0.053324 0.579784 0.729331
v -0.049809 0.579784 0.726596
v 0.053324 0.579784 0.729331
v 0.049809 0.579784 0.726596
v 0.049798 0.580138 0.814965
v 0.049798 0.582520 0.810882
v 0.053324 0.579784 0.729331
v 0.049798 0.582520 0.729331
v -0.051634 0.537056 0.903284
v -0.051634 0.537056 0.867352
v 0.051634 0.537056 0.867352
v 0.051634 0.537056 0.903284
v 0.054581 0.421595 0.903284
v 0.087464 0.402610 0.906234
v 0.058632 0.419256 0.906234
v 0.090706 0.400739 0.867352
v 0.090706 0.400739 0.903284
v 0.087464 0.402610 0.865070
v 0.057012 0.420192 0.865070
v 0.087464 0.402610 0.865070
v 0.090706 0.400739 0.867352
v 0.053308 0.478401 0.903284
v 0.030777 0.500931 0.903284
v -0.000000 0.509178 0.903284
v 0.061556 0.447622 0.903284
v -0.054581 0.421595 0.903284
v -0.058632 0.419256 0.906234
v -0.087464 0.402610 0.906234
v -0.090705 0.400739 0.903284
v -0.090705 0.400739 0.867352
v -0.087464 0.402610 0.865070
v -0.057012 0.420192 0.865070
v -0.090705 0.400739 0.867352
v -0.087464 0.402610 0.865070
v -0.030777 0.500931 0.903284
v -0.053308 0.478401 0.903284
v -0.000000 0.509178 0.903284
v -0.000000 0.509178 0.867352
v -0.061554 0.447622 0.903284
v 0.090706 0.400739 0.903284
v 0.087464 0.402610 0.906234
v -0.087464 0.402610 0.906234
v -0.090705 0.400739 0.903284
v -0.057012 0.420192 0.865070
v -0.054581 0.421595 0.867352
v 0.054581 0.421595 0.867352
v 0.057012 0.420192 0.865070
v -0.029757 0.561683 0.728330
v 0.029757 0.561683 0.728330
v 0.029757 0.567364 0.742093
v -0.029757 0.567364 0.742093
v -0.029757 0.552605 0.740132
v 0.029757 0.552605 0.740132
v 0.034266 0.346297 -0.009122
v 0.043605 0.368265 -0.002315
v 0.048398 0.389264 -0.002315
v 0.043605 0.410265 -0.002315
v 0.030176 0.351426 -0.002315
v -0.054951 0.389263 -0.009122
v -0.030176 0.427103 -0.002315
v -0.043606 0.410265 -0.002315
v -0.048399 0.389264 -0.002315
v -0.010771 0.436450 -0.002315
v -0.049744 0.365630 -0.009122
v 0.012231 0.335686 -0.009122
v -0.049744 0.365630 -0.009122
v -0.049791 0.365285 -0.164855
v -0.030182 0.351305 -0.002315
v -0.010771 0.342080 -0.002315
v 0.010769 0.342080 -0.002315
v -0.043813 0.368450 -0.002315
v 0.034266 0.346297 -0.009122
v 0.034458 0.346056 -0.164855
v 0.049514 0.413106 -0.009122
v 0.049792 0.413243 -0.164855
v -0.012297 0.443143 -0.164855
v -0.012225 0.442839 -0.009122
v 0.030176 0.427103 -0.002315
v 0.010640 0.436582 -0.002315
v -0.010771 0.436450 -0.002315
v 0.043605 0.410265 -0.002315
v 0.058747 0.389264 -0.199370
v 0.052928 0.363775 -0.199370
v 0.036629 0.343335 -0.199370
v 0.052928 0.414752 -0.199370
v 0.036629 0.435193 -0.199370
v -0.013072 0.446536 -0.199370
v 0.013073 0.446536 -0.199370
v 0.036629 0.435193 -0.168695
v 0.036629 0.435193 -0.199370
v -0.036626 0.435193 -0.199370
v 0.013073 0.331992 -0.199370
v -0.013072 0.331992 -0.199370
v 0.036629 0.343335 -0.199370
v 0.036629 0.343335 -0.168695
v -0.036626 0.343335 -0.199370
v -0.052927 0.363775 -0.199370
v -0.058744 0.389264 -0.199370
v -0.052927 0.414752 -0.199370
v -0.036626 0.435193 -0.168695
v -0.036626 0.435193 -0.199370
v -0.036626 0.343335 -0.199370
v -0.036626 0.343335 -0.168695
v 0.014701 0.492874 0.379554
v 0.016137 0.497292 0.606612
v -0.014701 0.402379 0.379554
v -0.016137 0.397960 0.606612
v -0.052221 0.447626 0.606612
v -0.047576 0.447626 0.379554
v -0.042248 0.478322 0.606612
v -0.052221 0.447626 0.606612
v -0.016137 0.497292 0.606612
v 0.016137 0.497292 0.606612
v 0.042248 0.478322 0.606612
v 0.052221 0.447626 0.606612
v 0.042248 0.416931 0.606612
v 0.052221 0.447626 0.606612
v 0.016137 0.397960 0.606612
v -0.016137 0.397960 0.606612
v -0.042248 0.416931 0.606612
v 0.008518 0.578380 0.645599
v 0.008518 0.560614 0.731684
v 0.018067 0.555214 0.730571
v 0.018067 0.572981 0.644484
v 0.018067 0.583778 0.646713
v 0.018067 0.566012 0.732798
v -0.008518 0.578380 0.645599
v -0.008518 0.560614 0.731684
v -0.018067 0.555214 0.730571
v -0.018067 0.572981 0.644484
v -0.018067 0.583778 0.646713
v -0.018067 0.566012 0.732798
v 0.008518 0.320695 0.645599
v 0.008518 0.338460 0.731684
v 0.018067 0.343859 0.730571
v 0.018067 0.326093 0.644484
v 0.018067 0.315297 0.646713
v 0.018067 0.333062 0.732799
v -0.008519 0.338460 0.731684
v -0.008519 0.320695 0.645599
v -0.018067 0.343859 0.730571
v -0.018067 0.326093 0.644484
v -0.018067 0.315297 0.646713
v -0.018067 0.333062 0.732799
v -0.029757 0.337392 0.728330
v 0.029757 0.337392 0.728330
v -0.029757 0.346470 0.740132
v 0.029757 0.346470 0.740132
v 0.029757 0.331711 0.742093
v -0.029757 0.331711 0.742093
v -0.007958 0.514619 0.660304
v 0.007957 0.514619 0.660304
v 0.007957 0.575051 0.570554
v -0.007958 0.575051 0.570554
v 0.006070 0.522623 0.629839
v -0.006070 0.522623 0.629839
v 0.005920 0.575277 0.660633
v 0.010402 0.585164 0.574317
v 0.010402 0.567674 0.659063
v 0.005920 0.592767 0.575886
v 0.011192 0.568736 0.660679
v 0.023848 0.575277 0.660633
v 0.019367 0.600369 0.577456
v 0.019367 0.582880 0.662201
v 0.023848 0.592767 0.575886
v 0.018576 0.581263 0.663265
v 0.018576 0.568736 0.660679
v 0.018576 0.581263 0.663265
v 0.007500 0.575000 0.661971
v 0.011192 0.581263 0.663265
v 0.022269 0.575000 0.661971
v 0.011192 0.568736 0.660679
v 0.019367 0.567674 0.659063
v 0.023848 0.575277 0.660633
v 0.010402 0.582880 0.662201
v 0.005920 0.575277 0.660633
v -0.023848 0.592767 0.575886
v -0.023848 0.575277 0.660633
v -0.022269 0.575000 0.661971
v -0.010402 0.567674 0.659063
v -0.010402 0.585164 0.574317
v -0.005920 0.592767 0.575886
v -0.005920 0.575277 0.660633
v -0.007500 0.575000 0.661971
v -0.019367 0.582880 0.662201
v -0.019367 0.600369 0.577456
v -0.007500 0.575000 0.661971
v -0.018576 0.581263 0.663265
v -0.018576 0.568736 0.660679
v -0.011191 0.568736 0.660679
v -0.022269 0.575000 0.661971
v -0.011191 0.581263 0.663265
v -0.019367 0.567674 0.659063
v -0.010402 0.567674 0.659063
v -0.010402 0.582880 0.662201
v -0.019367 0.582880 0.662201
v -0.007958 0.384455 0.660304
v 0.007957 0.384455 0.660304
v 0.007957 0.324023 0.570554
v -0.007958 0.324023 0.570554
v 0.006070 0.376451 0.629839
v -0.006070 0.376451 0.629839
v 0.010402 0.313911 0.574317
v 0.005920 0.323798 0.660633
v 0.010402 0.331401 0.659063
v 0.005920 0.306308 0.575886
v 0.011192 0.330338 0.660679
v 0.019366 0.298704 0.577456
v 0.023848 0.323798 0.660633
v 0.019366 0.316195 0.662201
v 0.023848 0.306308 0.575886
v 0.018576 0.317811 0.663265
v 0.018576 0.330338 0.660679
v 0.007500 0.324075 0.661971
v 0.018576 0.317811 0.663265
v 0.022269 0.324075 0.661971
v 0.011192 0.330338 0.660679
v 0.011192 0.317811 0.663265
v 0.019366 0.331401 0.659063
v 0.023848 0.323798 0.660633
v 0.010402 0.316195 0.662201
v 0.005920 0.323798 0.660633
v -0.005921 0.306308 0.575886
v -0.005919 0.323798 0.660633
v -0.019367 0.316195 0.662201
v -0.019367 0.298704 0.577456
v -0.023848 0.306308 0.575886
v -0.023848 0.323798 0.660633
v -0.022269 0.324075 0.661971
v -0.010402 0.331401 0.659063
v -0.010402 0.313911 0.574317
v -0.007500 0.324075 0.661971
v -0.018576 0.330338 0.660679
v -0.018576 0.317811 0.663265
v -0.011191 0.317811 0.663265
v -0.022269 0.324075 0.661971
v -0.019367 0.331401 0.659063
v -0.010402 0.331401 0.659063
v -0.005919 0.323798 0.660633
v -0.010402 0.316195 0.662201
v -0.019367 0.316195 0.662201
v 0.032011 0.605747 0.552214
v -0.032011 0.605747 0.552214
v -0.032011 0.580212 0.560680
v 0.032011 0.580212 0.560680
v 0.032011 0.600308 0.578562
v -0.032011 0.600308 0.578562
v 0.032011 0.313977 0.575423
v -0.032011 0.313977 0.575423
v 0.032011 0.308538 0.549075
v -0.032011 0.308538 0.549075
v -0.032011 0.288442 0.566957
v 0.032011 0.288442 0.566957
v -0.113860 0.473998 0.138961
v -0.237089 0.473998 0.138961
v -0.239142 0.473998 0.136591
v -0.237089 0.487876 0.114924
v -0.113860 0.487876 0.114924
v -0.113860 0.473998 0.106912
v -0.237089 0.473998 0.106912
v -0.239142 0.473998 0.109282
v -0.237089 0.460120 0.130949
v -0.113860 0.460120 0.130949
v -0.111920 0.484063 0.117126
v -0.065253 0.484063 0.117126
v -0.065253 0.473998 0.134559
v -0.111920 0.473998 0.134559
v -0.111920 0.463933 0.117126
v -0.065253 0.463933 0.117126
v -0.239142 0.473998 0.136591
v -0.239142 0.485823 0.116109
v -0.239142 0.462171 0.116109
v -0.239142 0.473998 0.109282
v -0.239142 0.485823 0.129764
v -0.239142 0.462171 0.129764
v -0.237089 0.487876 0.130949
v -0.237089 0.487876 0.114924
v -0.237089 0.460120 0.114924
v -0.237089 0.460120 0.130949
vn -0.001000 -1.0000 -0.0000
vn -0.001000 -0.9433 0.3320
vn -0.000900 -1.0000 -0.0000
vn -0.001000 -0.9433 0.3319
vn -0.000900 -0.7829 0.6221
vn -0.001000 -0.7830 0.6221
vn -0.000900 0.7947 -0.6069
vn -0.000800 0.9472 -0.3205
vn -0.001000 0.7947 -0.6070
vn -0.001000 0.9472 -0.3206
vn -0.001000 1.0000 -0.0000
vn -0.000900 1.0000 -0.0000
vn -0.000900 -0.5718 -0.8204
vn -1.000000 0.0009 -0.0000
vn -1.000000 0.0011 -0.0000
vn 1.000000 -0.0009 -0.0000
vn -0.000900 -0.2141 0.9768
vn -0.001000 -0.2141 0.9768
vn -0.000700 -0.2141 0.9768
vn -0.001000 0.2493 -0.9684
vn -0.000800 0.2492 -0.9685
vn -1.000000 0.0010 -0.0000
vn -1.000000 0.0010 0.0001
vn -1.000000 0.0009 0.0001
vn -0.001000 0.3255 -0.9455
vn -0.000900 0.0010 -1.0000
vn -0.000900 -0.0000 -1.0000
vn -0.001000 0.0009 -1.0000
vn -0.001000 0.0010 -1.0000
vn -0.000900 0.3258 -0.9454
vn 1.000000 0.0010 -0.0000
vn 1.000000 -0.0000 -0.0001
vn 1.000000 0.0009 -0.0000
vn -0.000900 0.6598 0.7515
vn -0.000800 0.6597 0.7515
vn 0.000800 0.6597 0.7515
vn -0.000900 0.0009 -1.0000
vn -0.114400 -0.0000 -0.9934
vn -0.114400 0.0009 -0.9934
vn -0.114300 0.0010 -0.9934
vn 0.000000 1.0000 -0.0001
vn -0.001000 1.0000 0.0001
vn -0.114400 -0.0000 0.9934
vn -0.114400 0.0010 0.9934
vn 0.000000 0.0010 1.0000
vn -0.000900 0.0009 1.0000
vn 0.000000 0.0009 1.0000
vn -0.798600 0.0011 0.6018
vn -0.798600 0.0009 0.6018
vn -0.798600 0.0009 -0.6018
vn -0.001000 0.0010 1.0000
vn -0.000900 1.0000 -0.0001
vn -0.001000 0.0009 1.0000
vn -1.000000 -0.0000 -0.0000
vn -0.000900 0.2297 -0.9733
vn -0.001000 0.2297 -0.9733
vn -0.001000 0.2296 -0.9733
vn -0.001000 0.2290 -0.9734
vn -0.000800 -1.0000 -0.0000
vn -0.001000 0.2336 -0.9723
vn -0.000900 0.2337 -0.9723
vn 1.000000 0.0011 -0.0000
vn 0.000800 1.0000 -0.0000
vn 0.001000 1.0000 -0.0000
vn -0.000800 1.0000 -0.0000
vn -0.001000 -0.8475 -0.5308
vn -0.000900 -0.9609 -0.2768
vn 0.612900 -0.7889 -0.0453
vn 0.613100 -0.7887 -0.0453
vn -0.001000 0.8280 0.5608
vn -0.000900 0.8280 0.5608
vn -0.001000 1.0000 -0.0001
vn -0.000900 0.8279 0.5608
vn -0.001100 0.8280 0.5608
vn -0.000900 -0.0009 -1.0000
vn -0.001000 -0.0010 -1.0000
vn -0.001100 1.0000 -0.0000
vn -0.775100 0.6318 -0.0000
vn -0.774900 0.6321 -0.0000
vn -1.000000 0.0010 -0.0001
vn 0.775100 0.6318 -0.0000
vn 0.774900 0.6321 -0.0000
vn 0.774800 0.6322 -0.0000
vn -0.984400 -0.1750 -0.0205
vn 0.366600 -0.9296 -0.0379
vn 0.382300 -0.8807 -0.2796
vn 0.370500 -0.7576 -0.5374
vn 0.370400 -0.7577 -0.5373
vn 0.366500 0.0009 0.9304
vn 0.366600 0.0010 0.9304
vn 0.401700 0.0031 -0.9157
vn 0.399800 0.0031 -0.9166
vn 0.393800 0.0010 -0.9192
vn 0.390100 0.0009 -0.9208
vn 0.000900 -0.0009 -1.0000
vn -0.001000 -0.0009 -1.0000
vn -0.001100 -0.0010 -1.0000
vn 0.001000 0.0010 -1.0000
vn 0.984400 -0.1750 -0.0205
vn -0.613100 -0.7887 -0.0453
vn -0.612900 -0.7889 -0.0453
vn -0.613000 -0.7888 -0.0453
vn -0.001100 -1.0000 0.0001
vn 0.612900 -0.7888 -0.0453
vn -0.612900 -0.7889 -0.0454
vn -0.000900 0.0010 1.0000
vn -0.000900 -1.0000 -0.0001
vn 0.613000 -0.7888 -0.0454
vn 0.612900 -0.7889 -0.0454
vn -0.001100 -1.0000 -0.0000
vn 0.366600 0.9296 -0.0379
vn 0.370400 0.9289 0.0003
vn 0.444500 0.8958 -0.0000
vn 0.446700 0.8944 0.0209
vn -1.000000 -0.0009 -0.0000
vn -1.000000 -0.0010 -0.0000
vn 1.000000 -0.0010 -0.0000
vn 1.000000 0.0009 0.0002
vn 1.000000 0.0010 0.0001
vn 1.000000 0.0010 0.0003
vn -1.000000 0.0010 -0.0002
vn -1.000000 0.0009 -0.0001
vn -0.001000 -0.8260 -0.5637
vn -0.000900 -0.8260 -0.5637
vn -0.001000 -0.8260 -0.5636
vn -0.001000 -0.3333 -0.9428
vn 0.000900 -0.3334 -0.9428
vn 0.001000 -0.3333 -0.9428
vn -0.001000 -0.9374 -0.3482
vn -0.001000 -0.9374 -0.3481
vn -0.001100 0.0005 1.0000
vn 1.000000 0.0001 -0.0000
vn 1.000000 -0.0000 -0.0000
vn -0.001000 0.7087 0.7055
vn -0.000900 0.7087 0.7055
vn -0.001000 0.7087 0.7056
vn -1.000000 -0.0000 0.0001
vn -0.001000 -0.7791 0.6269
vn -0.000900 -0.7791 0.6269
vn 1.000000 0.0012 -0.0000
vn -0.000900 -0.0007 1.0000
vn 1.000000 0.0011 0.0001
vn -0.001100 0.9277 0.3734
vn -0.000900 0.9277 0.3734
vn 1.000000 0.0008 -0.0000
vn -0.001000 0.9277 0.3734
vn -0.001000 0.8377 0.5461
vn -0.000900 0.8378 0.5460
vn -0.000900 0.8377 0.5461
vn -0.000900 0.8377 -0.5461
vn -0.001000 0.8377 -0.5461
vn -0.001000 0.5738 0.8190
vn -0.001000 0.8378 -0.5461
vn -0.000900 0.5738 0.8190
vn -0.000900 0.5732 0.8194
vn -0.000900 1.0000 0.0001
vn 0.435000 0.8631 -0.2565
vn -0.000900 0.3458 0.9383
vn -0.000900 0.3451 0.9386
vn -0.001000 0.3451 0.9386
vn -0.001000 0.3450 0.9386
vn -0.001000 0.8964 -0.4433
vn -0.001000 0.3453 0.9385
vn -0.000900 0.9257 -0.3782
vn -0.001000 0.9257 -0.3782
vn -0.000900 0.9844 -0.1761
vn -0.000900 -0.6051 -0.7962
vn -0.001000 0.9844 -0.1762
vn 1.000000 0.0010 -0.0001
vn -0.000900 0.9961 0.0883
vn -0.001000 -0.7205 -0.6935
vn -0.000900 0.1984 -0.9801
vn 1.000000 0.0009 -0.0001
vn -0.000900 0.1979 -0.9802
vn -0.001000 0.9961 0.0883
vn -0.001000 0.1984 -0.9801
vn -0.001100 0.1984 -0.9801
vn -0.001000 -0.6060 -0.7954
vn -0.001000 -0.9042 -0.4271
vn -0.001000 -0.8788 0.4772
vn -0.000900 -0.8788 0.4773
vn 0.001000 -0.8788 0.4772
vn -0.001000 -0.9570 -0.2901
vn -0.000900 -0.9570 -0.2901
vn -0.000900 -0.8749 0.4844
vn -0.000800 -0.8748 0.4844
vn -0.001000 -0.8749 0.4843
vn -0.001000 0.7440 0.6681
vn -1.000000 -0.0005 -0.0000
vn -0.001000 0.7439 0.6683
vn -0.000900 0.7439 0.6683
vn -0.001000 -0.0000 1.0000
vn -0.000900 -0.0000 1.0000
vn -0.001000 -0.7067 -0.7075
vn -0.001100 -0.7068 -0.7075
vn -0.000900 -0.7067 -0.7075
vn 0.001000 -1.0000 -0.0000
vn 0.000900 -1.0000 -0.0000
vn -0.000800 0.2981 0.9545
vn -0.000600 0.2980 0.9546
vn -0.000900 0.2981 0.9545
vn -0.001100 -0.9590 0.2836
vn -0.001000 -0.9589 0.2836
vn -0.001000 -0.3334 -0.9428
vn -0.001000 0.5073 0.8617
vn -0.001000 0.5074 0.8617
vn -0.000900 0.5074 0.8617
vn -0.001000 0.8260 0.5637
vn -0.931500 -0.1103 0.3465
vn -0.931500 -0.1104 0.3465
vn -0.000900 0.8260 0.5637
vn -0.000900 0.8260 0.5636
vn 0.000900 0.8261 0.5635
vn -0.006900 0.8280 0.5607
vn -0.007000 0.8279 0.5608
vn -0.006800 0.8279 0.5608
vn -0.000900 -1.0000 0.0001
vn -0.000800 -1.0000 0.0001
vn -0.006800 0.8280 0.5607
vn -0.001000 -1.0000 -0.0001
vn -0.000900 -1.0000 0.0011
vn 0.467800 -0.8839 -0.0000
vn 0.467500 -0.8840 -0.0000
vn 0.467800 -0.8838 0.0025
vn 0.467900 -0.8838 -0.0000
vn 0.467800 -0.8838 -0.0000
vn -0.542500 0.8397 -0.0244
vn -1.000000 0.0009 0.0012
vn -0.468300 -0.8827 -0.0401
vn -0.468200 -0.8827 -0.0401
vn -0.468200 -0.8827 -0.0400
vn -0.001000 -1.0000 0.0001
vn 0.542500 0.8397 -0.0244
vn -1.000000 0.0010 -0.0020
vn -1.000000 0.0009 -0.0020
vn 0.003000 0.8260 0.5636
vn 0.006800 0.8240 0.5665
vn 0.003000 0.8260 0.5637
vn 0.001000 0.8260 0.5636
vn 0.000900 0.8260 0.5636
vn 0.000000 0.5073 0.8617
vn -0.000800 0.5074 0.8617
vn 0.002900 0.8260 0.5637
vn -0.001000 0.5073 0.8618
vn -0.542500 0.8397 -0.0245
vn -0.001100 0.0009 -1.0000
vn 1.000000 0.0009 0.0001
vn 0.001000 0.8260 0.5637
vn -0.001000 0.8260 0.5636
vn 0.467800 -0.8838 0.0001
vn 0.542600 0.8397 -0.0244
vn 0.000900 1.0000 -0.0000
vn 0.869000 -0.0010 -0.4948
vn 0.869000 -0.0011 -0.4948
vn 0.869000 -0.0009 -0.4948
vn -0.949200 -0.0010 0.3148
vn -0.988300 -0.0010 0.1527
vn 0.442800 -0.8964 -0.0203
vn 0.390000 -0.7869 -0.4781
vn 0.382200 -0.7732 -0.5061
vn 0.390000 -0.7870 -0.4781
vn 0.382200 -0.7732 -0.5060
vn 0.388100 -0.7888 -0.4766
vn 0.650100 0.3260 0.6864
vn 0.630500 0.3392 0.6982
vn 0.585500 0.3667 0.7230
vn 0.573800 0.3744 0.7284
vn 0.442800 0.8964 -0.0203
vn 0.425200 0.8612 0.2784
vn 0.397800 0.7986 0.4516
vn 0.448700 0.7752 0.4448
vn 0.485900 0.8338 0.2621
vn 0.480000 0.8240 -0.3010
vn 0.482100 0.8396 -0.2504
vn 0.382200 0.7361 -0.5587
vn 0.372400 0.7380 -0.5627
vn 0.671600 -0.2570 -0.6949
vn 0.642300 -0.2921 -0.7086
vn 0.624600 -0.3118 -0.7160
vn 0.597400 -0.3411 -0.7258
vn 1.000000 -0.0011 -0.0000
vn -0.001000 -0.7869 -0.6171
vn -0.001100 -0.9452 -0.3264
vn -0.001000 -0.9453 -0.3263
vn -0.000900 -0.0010 1.0000
vn -0.001000 -0.7810 -0.6245
vn -0.000900 -0.9433 -0.3318
vn -0.000900 -0.9433 -0.3319
vn -0.000900 0.7869 0.6171
vn -0.000900 0.9453 0.3263
vn -0.000900 -0.5405 -0.8414
vn -0.001100 -0.5406 -0.8413
vn -0.000900 -0.2806 -0.9598
vn 0.001000 0.9492 0.3148
vn 0.000900 0.9492 0.3147
vn -0.001000 -0.9707 -0.2404
vn -0.001000 -0.9922 -0.1248
vn -0.000900 0.6676 0.7445
vn -0.001100 0.6677 0.7445
vn -0.000700 0.0030 -1.0000
vn -0.000900 0.0030 -1.0000
vn -0.000800 0.0030 -1.0000
vn 0.849500 0.3509 0.3940
vn 0.849500 -0.3509 0.3940
vn 0.351000 -0.8494 0.3941
vn 0.351000 -0.8495 0.3940
vn 0.350900 -0.8495 0.3940
vn -0.350900 -0.8494 0.3941
vn -0.351100 -0.8493 0.3942
vn -0.849500 -0.3509 0.3940
vn -0.849500 -0.3509 0.3941
vn -0.849500 -0.3508 0.3940
vn -0.849400 0.3510 0.3941
vn -0.849500 0.3509 0.3940
vn -0.351000 0.8495 0.3940
vn -0.350900 0.8495 0.3940
vn 0.350900 0.8495 0.3940
vn 0.351000 0.8494 0.3941
vn 0.849500 0.3510 0.3940
vn 0.849400 0.3510 0.3940
vn 0.849500 0.3509 0.3941
vn 0.849400 -0.3510 0.3941
vn 0.350900 -0.8494 0.3941
vn -0.350900 -0.8495 0.3940
vn -0.351000 -0.8494 0.3940
vn -0.351000 -0.8495 0.3940
vn -0.849400 -0.3510 0.3941
vn -0.849400 0.3510 0.3940
vn -0.351000 0.8494 0.3941
vn -0.351100 0.8493 0.3942
vn 0.984400 -0.1748 -0.0205
vn -0.869000 -0.0011 -0.4948
vn -0.869000 -0.0010 -0.4948
vn -0.869000 -0.0009 -0.4948
vn 0.949200 -0.0009 0.3147
vn 0.988300 -0.0010 0.1527
vn -0.442800 -0.8964 -0.0203
vn -0.390000 -0.7870 -0.4781
vn -0.382300 -0.7732 -0.5060
vn -0.390000 -0.7869 -0.4781
vn -0.382200 -0.7732 -0.5060
vn -0.388100 -0.7889 -0.4766
vn -0.573700 0.3740 0.7287
vn -0.630500 0.3392 0.6982
vn -0.585500 0.3668 0.7230
vn -0.650100 0.3259 0.6864
vn -0.442800 0.8964 -0.0203
vn -0.425200 0.8612 0.2784
vn -0.397800 0.7986 0.4516
vn -0.448800 0.7752 0.4447
vn -0.485900 0.8338 0.2621
vn -0.480100 0.8240 -0.3010
vn -0.482000 0.8397 -0.2504
vn -0.382200 0.7361 -0.5587
vn -0.372300 0.7381 -0.5627
vn -0.597300 -0.3411 -0.7258
vn -0.642300 -0.2921 -0.7086
vn -0.624600 -0.3119 -0.7160
vn -0.671600 -0.2570 -0.6949
vn -0.000900 -0.9453 -0.3263
vn -0.001000 -0.0010 1.0000
vn -0.001000 -0.7810 -0.6246
vn 0.001000 -0.9433 -0.3319
vn 0.000900 -0.9433 -0.3319
vn 0.001000 0.7869 0.6171
vn 0.000900 0.9453 0.3263
vn 0.000900 0.7869 0.6171
vn 0.001000 -0.5406 -0.8413
vn -0.000800 -0.2807 -0.9598
vn 0.000900 -0.5405 -0.8413
vn -0.001000 0.9492 0.3148
vn 0.001000 -0.9707 -0.2404
vn 0.001000 -0.9922 -0.1248
vn 0.001000 0.6676 0.7445
vn 0.000900 0.6676 0.7445
vn -0.001100 0.0029 -1.0000
vn 0.000000 1.0000 -0.0000
vn -0.001000 0.8593 0.5115
vn -0.001000 0.8592 0.5116
vn 0.000000 0.8593 0.5115
vn 0.447900 -0.8941 -0.0000
vn 0.448300 -0.8939 -0.0000
vn 0.362600 0.0009 0.9319
vn 0.362700 0.0010 0.9319
vn 0.362600 -0.0009 0.9320
vn 0.362600 -0.0010 0.9319
vn 0.448100 0.8940 -0.0000
vn 0.362600 0.0009 -0.9319
vn 0.362500 0.0009 -0.9320
vn 0.362600 -0.0009 -0.9320
vn 0.362600 -0.0010 -0.9319
vn -1.000000 -0.0011 -0.0000
vn -0.886600 -0.4624 -0.0121
vn -0.886600 -0.4624 -0.0120
vn -0.896400 0.4428 -0.0203
vn -0.001000 0.0011 -1.0000
vn 0.620700 0.7830 -0.0403
vn 0.620700 0.7830 -0.0404
vn 0.620400 0.7833 -0.0404
vn 0.628600 -0.7771 -0.0317
vn -0.001100 0.0011 -1.0000
vn 0.620300 0.7833 -0.0404
vn -0.001000 0.0011 1.0000
vn 0.628600 -0.7771 -0.0318
vn 0.628500 -0.7771 -0.0318
vn -0.292300 0.8045 -0.5171
vn -0.337200 0.8006 -0.4953
vn -0.302100 0.8026 -0.5144
vn -0.350900 0.7986 -0.4889
vn -0.306000 -0.8104 -0.4997
vn -0.309900 -0.8084 -0.5004
vn -0.308100 -0.8103 -0.4985
vn -0.311800 -0.8084 -0.4992
vn -0.196600 -0.9804 -0.0107
vn -0.196500 -0.9804 -0.0108
vn -0.196500 -0.9805 -0.0107
vn -0.272800 -0.3899 0.8795
vn -0.182800 -0.4561 0.8709
vn -0.495500 0.0714 0.8657
vn -0.495500 0.0715 0.8656
vn -0.450600 0.4232 0.7860
vn -0.354500 0.9351 -0.0000
vn -0.354700 0.9350 -0.0000
vn -0.354700 0.9350 -0.0001
vn -0.220000 0.7439 0.6311
vn -0.354600 0.9350 -0.0000
vn -0.276600 0.6696 0.6893
vn -0.315900 0.6637 0.6780
vn -0.319600 0.6618 0.6781
vn -0.317700 0.6637 0.6772
vn -0.321600 0.6618 0.6772
vn -0.233600 0.9316 0.2786
vn -0.221900 0.9355 0.2750
vn -0.218000 0.9375 0.2714
vn -0.206300 0.9433 0.2601
vn -0.323600 0.0009 0.9462
vn -0.323500 0.0009 0.9462
vn -0.196400 -0.9805 -0.0108
vn -0.196500 -0.9805 -0.0108
vn -0.196500 -0.9804 -0.0107
vn -0.108400 -0.8357 -0.5384
vn -0.190600 -0.7498 -0.6336
vn -0.444800 -0.4546 -0.7717
vn -0.444800 -0.4545 -0.7717
vn -0.505400 -0.0812 -0.8591
vn -0.000900 0.8593 0.5116
vn -0.000900 0.8592 0.5116
vn -0.354300 0.9351 -0.0000
vn -0.341100 0.3823 -0.8588
vn -0.329500 0.6051 -0.7248
vn 0.597300 0.6833 0.4200
vn 0.612900 0.7615 0.2110
vn 0.597300 0.6832 0.4201
vn 0.608700 0.7695 -0.1931
vn 0.597200 0.7068 -0.3791
vn 0.597300 0.7067 -0.3793
vn 0.597300 -0.6735 0.4355
vn 0.612900 -0.7576 0.2246
vn 0.597100 -0.8022 -0.0000
vn 0.628500 -0.7166 -0.3025
vn 0.628500 -0.7166 -0.3024
vn 0.597300 -0.5620 -0.5722
vn 0.597300 -0.5621 -0.5721
vn -0.380200 -0.8690 0.3166
vn -0.380300 -0.8690 0.3166
vn -0.687300 0.2491 0.6824
vn -0.687200 0.2491 0.6824
vn -0.687200 0.2492 0.6824
vn -0.380400 0.8690 -0.3165
vn -0.380300 0.8690 -0.3166
vn -0.687300 -0.2491 -0.6824
vn -0.687200 -0.2494 -0.6824
vn -0.687200 -0.2492 -0.6824
vn -0.687200 -0.2493 -0.6824
vn -0.380400 -0.8690 0.3165
vn -0.380100 -0.8690 0.3166
vn -0.687200 0.2493 0.6824
vn -0.380200 0.8690 -0.3166
vn -0.448300 -0.8939 -0.0000
vn -0.448200 -0.8939 -0.0000
vn -0.447900 -0.8941 -0.0000
vn -0.362700 0.0010 0.9319
vn -0.362600 0.0009 0.9320
vn -0.362600 0.0009 0.9319
vn -0.362600 0.0010 0.9319
vn -0.448500 0.8938 -0.0000
vn -0.448100 0.8940 -0.0000
vn -0.448400 0.8938 -0.0000
vn -0.362600 0.0009 -0.9319
vn -0.362700 0.0010 -0.9319
vn -0.362600 0.0010 -0.9319
vn -0.505400 -0.0811 -0.8591
vn -0.341200 0.3821 -0.8588
vn -0.354600 0.9350 -0.0001
vn -0.317700 0.6637 0.6771
vn -0.317700 0.6638 0.6771
vn -0.315700 0.6638 0.6780
vn -0.206300 0.9433 0.2600
vn -0.323600 0.0010 0.9462
vn -0.196400 -0.9805 -0.0107
vn -0.276700 0.6695 0.6893
vn -0.450600 0.4233 0.7860
vn -0.351000 0.7986 -0.4889
vn -0.337300 0.8006 -0.4953
vn -0.302100 0.8026 -0.5145
vn -0.308000 -0.8104 -0.4985
vn -0.305900 -0.8104 -0.4997
vn 0.886600 -0.4624 -0.0121
vn 0.896400 0.4428 -0.0203
vn -0.620800 0.7830 -0.0403
vn -0.620700 0.7830 -0.0403
vn -0.620700 0.7830 -0.0404
vn -0.628500 -0.7771 -0.0317
vn -0.628500 -0.7771 -0.0318
vn -0.628600 -0.7771 -0.0317
vn -0.631600 -0.7746 -0.0318
vn -0.628600 -0.7771 -0.0318
vn -0.631600 -0.7747 -0.0319
vn -0.556200 0.0009 -0.8311
vn -0.556200 0.0010 -0.8310
vn -0.456000 0.8900 -0.0000
vn -0.456200 0.8899 -0.0000
vn -0.456400 0.8898 -0.0000
vn -0.556300 0.0011 0.8310
vn -0.556200 0.0011 0.8310
vn -0.556200 0.0009 0.8311
vn -0.456000 -0.8900 -0.0000
vn -0.456300 -0.8898 -0.0000
vn -0.456200 -0.8899 -0.0000
vn 0.456000 -0.8900 -0.0000
vn 0.456300 -0.8898 -0.0000
vn 0.456100 -0.8899 -0.0000
vn 0.556200 -0.0009 0.8311
vn 0.556200 -0.0010 0.8310
vn 0.456000 0.8900 -0.0000
vn 0.456100 0.8899 -0.0000
vn 0.556200 -0.0010 -0.8310
vn 0.480000 0.8768 -0.0283
vn 0.526900 -0.0009 -0.8499
vn 0.527000 -0.0007 -0.8499
vn 0.526900 -0.0011 -0.8500
vn 0.526900 -0.0010 -0.8499
vn 0.544500 -0.8377 -0.0418
vn 0.544400 -0.8378 -0.0418
vn 0.395700 0.5815 0.7108
vn 0.399800 0.5777 0.7116
vn 0.409600 0.5718 0.7108
vn 0.413500 0.5699 0.7101
vn 0.423300 0.0009 0.9060
vn 0.433000 0.9003 -0.0441
vn 0.433100 0.9002 -0.0441
vn -0.480000 0.8768 -0.0283
vn -0.526900 -0.0009 -0.8499
vn -0.526900 -0.0010 -0.8499
vn -0.544500 -0.8377 -0.0418
vn -0.544400 -0.8378 -0.0418
vn -0.413500 0.5698 0.7102
vn -0.399800 0.5778 0.7116
vn -0.409600 0.5719 0.7108
vn -0.395700 0.5815 0.7108
vn -0.423400 0.0008 0.9060
vn -0.423300 0.0009 0.9060
vn -0.433100 0.9002 -0.0441
vn -0.433000 0.9003 -0.0441
vn -0.774800 0.6322 -0.0000
vn -0.774800 0.6321 -0.0000
vn -0.984300 -0.1750 -0.0205
vn -0.612900 -0.7888 -0.0453
vn -0.984400 -0.1749 -0.0205
vn 0.001000 -0.0010 -1.0000
vn -0.000900 -0.0010 -1.0000
vn 0.001000 0.0009 -1.0000
vn -0.001000 0.8280 0.5607
vn -0.001000 0.8279 0.5608
vn -0.000900 0.8280 0.5607
vn 0.000900 0.0010 -1.0000
vn 0.774900 0.6321 0.0001
vn 0.612900 -0.7888 -0.0454
vn -0.542500 -0.7282 0.4188
vn -0.542500 -0.7282 0.4187
vn -0.542500 0.0009 0.8401
vn -0.542500 -0.7283 -0.4187
vn -0.542500 0.0009 0.8400
vn -0.542500 0.0010 0.8401
vn -0.542500 0.7282 0.4187
vn -0.542500 0.0010 0.8400
vn -0.542500 0.7283 0.4187
vn -0.542500 0.7282 -0.4187
vn -0.542500 0.7283 -0.4187
vn -0.542500 0.0010 -0.8400
vn -0.542500 0.0009 -0.8400
vn -0.542500 -0.0008 0.8400
vn -0.542500 -0.7283 0.4187
vn -0.542500 0.7282 0.4188
vn -0.542500 0.7282 -0.4188
vn -0.542500 -0.0008 -0.8400
vn -0.542500 -0.7282 -0.4187
vn -0.542500 -0.7282 -0.4188
vn 0.542500 -0.0011 -0.8401
vn 0.542500 0.0009 -0.8400
vn 0.542500 0.7282 -0.4187
vn 0.542500 -0.7282 -0.4187
vn 0.542500 0.7282 -0.4188
vn 0.542500 -0.7283 -0.4187
vn 0.542500 0.7282 0.4188
vn 0.542500 0.7282 0.4187
vn 0.542500 -0.7282 0.4188
vn 0.542500 -0.0010 0.8400
vn 0.542500 0.0008 0.8400
vn 0.542500 -0.0010 -0.8400
vn 0.542500 -0.0011 -0.8400
vn 0.542500 0.7283 -0.4187
vn 0.542500 -0.7283 0.4187
vn 0.542500 -0.0011 0.8400
vn 0.542500 0.0009 0.8400
vn 0.257100 -0.4584 -0.8507
vn 0.231700 -0.6247 -0.7457
vn 0.255200 -0.4800 -0.8394
vn 0.266800 0.4799 -0.8357
vn 0.266800 0.4917 -0.8289
vn 0.266800 0.4800 -0.8357
vn 0.266900 0.4917 -0.8289
vn 0.270800 0.9159 -0.2962
vn 0.270800 0.9179 -0.2901
vn 0.259000 0.7615 0.5942
vn 0.231700 -0.6246 -0.7457
vn 0.261000 -0.9531 -0.1534
vn 0.257100 -0.9531 -0.1599
vn 0.262900 -0.9531 -0.1500
vn 0.255100 -0.4800 -0.8393
vn 0.270900 -0.9511 -0.1485
vn 0.270800 -0.9511 -0.1485
vn 0.264900 -0.0146 0.9642
vn 0.264900 -0.0147 0.9642
vn 0.268800 -0.0127 0.9631
vn 0.263000 -0.0165 0.9647
vn 0.265000 -0.0147 0.9641
vn 0.255100 0.7458 0.6154
vn 0.231700 0.6246 0.7458
vn 0.259000 0.7614 0.5942
vn 0.257100 -0.0225 0.9661
vn -0.257100 -0.4584 -0.8507
vn -0.255100 -0.4799 -0.8394
vn -0.231700 -0.6247 -0.7457
vn -0.266900 0.4799 -0.8357
vn -0.266800 0.4917 -0.8289
vn -0.266800 0.4800 -0.8357
vn -0.270800 0.9159 -0.2962
vn -0.266900 0.4917 -0.8288
vn -0.270800 0.9179 -0.2901
vn -0.259100 0.7615 0.5942
vn -0.261000 -0.9531 -0.1534
vn -0.257100 -0.9531 -0.1599
vn -0.263000 -0.9531 -0.1500
vn -0.255100 -0.4800 -0.8394
vn -0.270900 -0.9511 -0.1485
vn -0.270700 -0.9511 -0.1485
vn -0.264900 -0.0146 0.9642
vn -0.264900 -0.0147 0.9642
vn -0.268700 -0.0127 0.9631
vn -0.268800 -0.0126 0.9631
vn -0.265000 -0.0146 0.9641
vn -0.263000 -0.0166 0.9647
vn -0.255100 0.7459 0.6153
vn -0.255200 0.7458 0.6153
vn -0.259000 0.7614 0.5942
vn -0.231700 0.6246 0.7458
vn -0.257100 -0.0225 0.9661
vn -0.335200 0.9414 -0.0381
vn -0.335300 0.9413 -0.0380
vn -0.335200 -0.9414 -0.0380
vn -0.335300 -0.9414 -0.0380
vn -0.335300 -0.9413 -0.0380
vn -0.335400 0.9413 -0.0380
vn -0.335400 0.9413 -0.0381
vn -0.335200 0.9414 -0.0380
vn -1.000000 0.0011 0.0001
vn -0.001100 0.0010 1.0000
vn -0.335300 0.9413 -0.0381
vn -0.335300 0.9414 -0.0381
vn 0.335300 0.9414 -0.0380
vn 0.335300 0.9413 -0.0381
vn 0.337400 0.9406 -0.0380
vn 0.337400 -0.9406 -0.0380
vn 0.335300 -0.9414 -0.0380
vn 0.335300 -0.9413 -0.0380
vn 0.335400 0.9413 -0.0380
vn 0.337500 0.9406 -0.0381
vn 0.335300 0.9414 -0.0381
vn 0.335300 0.9413 -0.0380
vn 0.337400 -0.9406 -0.0379
vn 0.335200 0.9414 -0.0380
vn 0.337400 0.9406 -0.0381
vn 0.000900 0.0010 1.0000
vn 0.000900 0.0009 1.0000
vn 0.000900 0.0009 -1.0000
vn 0.001000 0.0010 1.0000
vn -0.777100 -0.0010 -0.6293
vn -0.706800 0.7067 -0.0320
vn -0.548400 0.5484 -0.6313
vn -0.706700 0.7068 -0.0320
vn -0.000900 0.7770 -0.6295
vn -0.548400 0.5485 -0.6313
vn -0.777200 -0.0010 -0.6293
vn -0.000900 0.7771 -0.6294
vn 0.706700 0.7068 0.0320
vn 0.548400 0.5484 -0.6313
vn 0.706800 0.7067 0.0320
vn 0.548400 0.5485 -0.6312
vn 0.777100 0.0010 -0.6294
vn 0.548500 0.5484 -0.6312
vn 0.706800 -0.7067 -0.0320
vn -0.548400 -0.5485 -0.6312
vn -0.706800 -0.7067 -0.0320
vn -0.548500 -0.5484 -0.6312
vn 0.000900 -0.7771 -0.6294
vn -0.548400 -0.5484 -0.6313
vn -0.706700 -0.7068 -0.0320
vn 0.000900 -0.7770 -0.6295
vn 0.548300 -0.5484 -0.6314
vn 0.548300 -0.5484 -0.6313
vn 0.706700 -0.7068 -0.0320
vn 0.548400 -0.5483 -0.6314
vn -0.968700 0.1594 0.1904
vn -0.951100 0.1965 0.2382
vn -0.485800 0.5601 0.6710
vn -0.452600 0.5699 0.6858
vn -0.677400 -0.4761 -0.5608
vn -0.452600 0.5699 0.6859
vn -0.001000 0.6403 0.7681
vn -0.650100 -0.4956 -0.5759
vn -0.000900 0.6403 0.7682
vn -0.650100 -0.4956 -0.5760
vn 0.003200 -0.6559 -0.7548
vn 0.485800 0.5582 0.6726
vn 0.003000 -0.6559 -0.7548
vn 0.454500 0.5719 0.6829
vn 0.679400 -0.4800 -0.5551
vn 0.454600 0.5718 0.6829
vn 0.968700 0.1574 0.1919
vn 0.652000 -0.4917 -0.5772
vn 0.951100 0.1965 0.2383
vn 0.679400 -0.4800 -0.5550
vn 0.652100 -0.4916 -0.5772
vn 1.000000 0.0009 0.0003
vn -0.001000 0.7205 0.6935
vn -0.001100 0.7204 0.6936
vn 0.000000 0.7205 0.6935
vn -0.001000 0.7204 0.6936
vn -0.000900 0.7204 0.6935
vn 0.000000 -1.0000 0.0001
vn 0.000000 -1.0000 -0.0000
vn -0.001000 -0.0005 -1.0000
vn -0.833800 -0.3450 -0.4309
vn -0.833800 0.3449 -0.4310
vn -0.833900 0.3451 -0.4308
vn -0.833800 -0.3450 -0.4310
vn -0.833800 -0.3451 -0.4309
vn -0.345100 -0.8338 -0.4309
vn -0.833800 0.3450 -0.4310
vn -0.833800 0.3451 -0.4308
vn -0.345000 0.8338 -0.4310
vn -0.345100 -0.8338 -0.4308
vn 0.344900 -0.8338 -0.4310
vn 0.345000 0.8338 -0.4309
vn 0.344900 0.8338 -0.4310
vn 0.345000 -0.8338 -0.4310
vn 0.833800 -0.3451 -0.4308
vn 0.345100 0.8338 -0.4309
vn 0.345000 0.8338 -0.4310
vn 0.833800 0.3451 -0.4309
vn 0.833800 0.3450 -0.4310
vn -0.833900 -0.3452 -0.4307
vn -0.833800 -0.3452 -0.4308
vn -0.345100 -0.8338 -0.4310
vn -0.833800 0.3452 -0.4308
vn -0.345200 0.8339 -0.4307
vn -0.345000 -0.8338 -0.4310
vn -0.345000 0.8338 -0.4309
vn -0.344900 -0.8338 -0.4310
vn 0.345400 -0.8339 -0.4304
vn 0.345200 -0.8339 -0.4307
vn 0.833800 -0.3451 -0.4309
vn 0.833900 0.3452 -0.4307
vn 0.833800 -0.3450 -0.4309
vn 0.833800 0.3451 -0.4308
vn 0.274700 -0.9609 -0.0350
vn 0.274600 -0.9609 -0.0350
vn 0.274700 -0.9609 -0.0349
vn 0.186700 0.0010 -0.9824
vn 0.186600 0.0010 0.9824
vn 0.186700 0.0010 0.9824
vn 0.186700 0.0009 0.9824
vn 0.202300 0.6930 -0.6919
vn 0.202400 0.6930 0.6919
vn 0.202300 0.6931 0.6919
vn 0.202300 0.6930 0.6919
vn 0.202400 0.6931 0.6919
vn 0.180700 0.9835 -0.0000
vn 0.180700 0.9835 0.0001
vn 0.202400 0.6931 -0.6919
vn 0.202400 0.6930 -0.6919
vn 0.202300 0.6931 -0.6919
vn 0.843500 0.3452 0.4115
vn 0.843500 0.5290 -0.0932
vn 0.843600 -0.1847 0.5042
vn 0.843600 0.1847 -0.5042
vn 0.843700 -0.5287 0.0931
vn 0.843600 -0.3451 -0.4115
vn -0.274700 -0.9609 -0.0349
vn -0.274700 -0.9609 -0.0350
vn -0.274600 -0.9609 -0.0350
vn -0.186700 0.0010 -0.9824
vn -0.186700 0.0011 0.9824
vn -0.186800 0.0011 0.9824
vn -0.186800 0.0009 -0.9824
vn -0.186800 0.0010 0.9824
vn -0.186700 0.0010 0.9824
vn -0.202400 0.6930 -0.6919
vn -0.202400 0.6930 0.6919
vn -0.202300 0.6930 0.6919
vn -0.202300 0.6931 0.6919
vn -0.180800 0.9835 -0.0000
vn -0.202400 0.6931 0.6919
vn -0.180700 0.9835 0.0001
vn -0.180700 0.9835 -0.0000
vn -0.202300 0.6931 -0.6919
vn -0.843600 0.5289 -0.0932
vn -0.843600 0.3451 0.4114
vn -1.000000 0.0011 -0.0001
vn -0.843600 -0.1847 0.5042
vn -0.843600 0.1847 -0.5042
vn -0.843600 -0.5288 0.0931
vn -0.843500 -0.3452 -0.4115
vn 0.706800 0.7066 -0.0320
vn 0.706800 0.7067 -0.0320
vn 0.706900 0.7066 -0.0320
vn -0.706800 0.7067 -0.0319
vn 0.706700 -0.7067 -0.0320
vn 0.706800 0.7067 -0.0319
vn 1.000000 -0.0001 -0.0000
vn -0.706700 -0.7067 -0.0320
vn 0.001100 -1.0000 -0.0000
vn 0.706600 0.7068 -0.0320
vn 0.706700 0.7068 -0.0320
vn 0.706700 0.7068 -0.0319
vn -0.706700 0.7068 -0.0319
vn -0.001000 -0.5269 0.8499
vn -0.000900 -0.5269 0.8499
vn -0.001000 -0.0002 1.0000
vn -0.001000 -0.0000 -1.0000
vn -1.000000 0.0010 -0.0003
vn -0.001100 1.0000 0.0001
vn -0.001000 -0.6657 -0.7462
vn -0.000900 -0.6667 -0.7453
vn -0.001000 -0.6676 -0.7445
vn -0.001100 -0.9902 -0.1395
vn -0.000900 -0.9902 -0.1395
vn -0.000900 0.6579 0.7531
vn -0.001000 0.6578 0.7532
vn -0.001000 0.6584 0.7527
vn -0.001000 0.6579 0.7531
vn -0.001000 -0.9902 -0.1395
vn -0.000900 0.6578 0.7532
vn -0.001100 -0.6676 -0.7445
vn -0.000900 -0.9902 -0.1394
vn -0.259100 -0.3527 0.8991
vn -0.259100 -0.3528 0.8991
vn 0.259100 -0.3528 0.8991
vn 0.259100 -0.3527 0.8991
vn 0.259100 0.3527 0.8991
vn 0.000000 -0.7263 -0.6874
vn -0.000900 -0.7263 -0.6874
vn -0.259100 0.3527 0.8991
vn -0.001000 -0.7263 -0.6874
vn -0.001000 -0.7263 -0.6873
vn -1.000000 -0.0000 -0.0001
vn 0.351000 0.7986 -0.4889
vn 0.337200 0.8006 -0.4953
vn 0.302100 0.8025 -0.5145
vn 0.292200 0.8046 -0.5170
vn 0.305900 -0.8104 -0.4997
vn 0.307900 -0.8104 -0.4985
vn 0.309900 -0.8084 -0.5004
vn 0.311800 -0.8084 -0.4992
vn 0.196500 -0.9804 -0.0107
vn 0.196500 -0.9804 -0.0108
vn 0.196500 -0.9805 -0.0107
vn 0.196400 -0.9805 -0.0107
vn 0.272700 -0.3900 0.8795
vn 0.182800 -0.4565 0.8707
vn 0.495600 0.0713 0.8656
vn 0.495600 0.0714 0.8656
vn 0.450700 0.4232 0.7860
vn 0.354300 0.9351 -0.0000
vn 0.354500 0.9351 -0.0000
vn 0.354600 0.9350 -0.0000
vn 0.354700 0.9350 -0.0001
vn 0.220000 0.7439 0.6311
vn 0.276600 0.6696 0.6893
vn 0.315700 0.6637 0.6781
vn 0.317700 0.6639 0.6770
vn 0.319600 0.6618 0.6781
vn 0.321600 0.6618 0.6772
vn 0.233600 0.9316 0.2786
vn 0.221900 0.9355 0.2750
vn 0.218000 0.9375 0.2714
vn 0.206300 0.9433 0.2602
vn 0.323700 0.0008 0.9462
vn 0.323600 0.0009 0.9462
vn 0.323600 0.0010 0.9462
vn 0.323500 0.0009 0.9462
vn 0.196500 -0.9805 -0.0108
vn 0.108500 -0.8357 -0.5383
vn 0.190600 -0.7497 -0.6337
vn 1.000000 0.0011 -0.0006
vn 0.444700 -0.4546 -0.7718
vn 1.000000 0.0010 -0.0005
vn 0.444700 -0.4545 -0.7718
vn 0.505400 -0.0812 -0.8591
vn 0.354700 0.9350 -0.0000
vn 0.354000 0.9352 -0.0000
vn 0.341100 0.3823 -0.8588
vn 0.329500 0.6051 -0.7248
vn -0.597300 0.6833 0.4200
vn -0.612900 0.7615 0.2109
vn -0.608700 0.7695 -0.1931
vn -0.597200 0.7069 -0.3790
vn -0.597200 0.7068 -0.3791
vn -0.597300 -0.6735 0.4355
vn -0.612900 -0.7576 0.2246
vn -0.597100 -0.8022 -0.0000
vn -0.628500 -0.7165 -0.3026
vn -0.628500 -0.7166 -0.3025
vn -0.597300 -0.5620 -0.5722
vn -0.597200 -0.5620 -0.5722
vn 0.380200 -0.8690 0.3166
vn 0.380300 -0.8690 0.3166
vn 0.687200 0.2492 0.6824
vn 0.687200 0.2491 0.6824
vn 0.687200 0.2493 0.6824
vn 0.380400 0.8690 -0.3165
vn 0.380200 0.8690 -0.3166
vn 0.687200 -0.2493 -0.6824
vn 0.687200 -0.2492 -0.6824
vn 0.687300 -0.2491 -0.6823
vn 0.380300 -0.8690 0.3165
vn 0.380100 -0.8690 0.3166
vn 0.380400 -0.8690 0.3165
vn 0.687300 0.2491 0.6824
vn 0.380300 0.8690 -0.3166
vn 0.687300 -0.2491 -0.6824
vn 0.505400 -0.0811 -0.8591
vn 0.341200 0.3821 -0.8588
vn 0.317700 0.6637 0.6771
vn 0.317700 0.6638 0.6771
vn 0.315800 0.6637 0.6780
vn 0.354700 0.9350 0.0001
vn 0.206300 0.9433 0.2601
vn 0.323500 0.0010 0.9462
vn 0.217900 0.9375 0.2714
vn 0.354600 0.9350 -0.0001
vn 0.450600 0.4233 0.7860
vn 0.337300 0.8006 -0.4953
vn 0.302000 0.8026 -0.5145
vn 0.306000 -0.8103 -0.4997
vn 0.292300 0.8045 -0.5170
vn 0.308000 -0.8104 -0.4985
vn 0.309900 -0.8084 -0.5005
vn 0.552300 -0.0147 0.8335
vn 0.552300 -0.0127 0.8336
vn 0.552300 0.4780 0.6830
vn 0.552300 0.4800 0.6816
vn 0.552300 -0.5015 0.6660
vn 0.552400 0.7888 0.2696
vn 0.552300 0.7889 0.2696
vn 0.552300 -0.5014 0.6659
vn 0.552300 -0.7967 0.2455
vn 0.552300 0.7967 -0.2455
vn 0.552300 -0.7889 -0.2696
vn 0.552300 0.5015 -0.6659
vn 0.552300 -0.7888 -0.2696
vn 0.552300 -0.4799 -0.6816
vn 0.552300 0.0146 -0.8335
vn 0.552300 0.0127 -0.8336
vn 0.552400 -0.4780 -0.6829
vn -0.927200 0.3745 -0.0000
vn -0.927300 0.3742 -0.0000
vn -0.927300 0.3743 -0.0000
vn -0.819400 0.5733 -0.0000
vn -0.728200 0.6852 -0.0100
vn -0.927300 0.3743 -0.0002
vn -0.438900 0.8983 -0.0188
vn -0.413500 0.9101 -0.0283
vn -0.177000 0.9842 -0.0000
vn -0.223900 0.9746 -0.0087
vn -1.000000 -0.0010 -0.0001
vn -1.000000 -0.0088 -0.0000
vn -0.999900 -0.0108 -0.0000
vn -1.000000 -0.0089 -0.0000
vn -1.000000 -0.0094 -0.0001
vn -0.999200 -0.0401 -0.0000
vn -0.000900 0.8905 -0.4550
vn -0.000600 0.8905 -0.4550
vn -0.001100 0.8905 -0.4549
vn -0.001000 0.8905 -0.4550
vn 0.001000 0.2004 -0.9797
vn -0.540600 0.2063 -0.8156
vn -0.000900 0.8905 -0.4549
vn 0.000900 0.2003 -0.9797
vn -0.016600 0.1769 -0.9841
vn 0.000900 0.2004 -0.9797
vn 0.001200 0.2004 -0.9797
vn 0.001100 0.2004 -0.9797
vn -0.001000 -0.5777 -0.8162
vn -0.000900 -0.5777 -0.8162
vn -0.001000 -0.5777 -0.8163
vn -0.001100 -0.5776 -0.8163
vn -0.286400 -0.8592 -0.4239
vn 0.286200 -0.8593 -0.4240
vn 0.628400 0.7772 -0.0318
vn 0.628500 0.7771 -0.0318
vn 0.628500 -0.5406 0.5592
vn 0.628600 -0.5407 0.5591
vn 0.628600 -0.5406 0.5591
vn 0.628500 -0.7772 -0.0318
vn 0.628500 -0.7771 -0.0317
vn 0.865100 -0.2473 0.4364
vn 0.855300 -0.2669 0.4441
vn 0.872900 -0.2336 0.4283
vn 0.874900 -0.2297 0.4264
vn 0.946400 -0.3231 -0.0000
vn 0.946300 -0.3234 -0.0000
vn 0.833800 0.4799 -0.2727
vn 0.824100 0.4936 -0.2779
vn 0.538600 -0.6344 -0.5545
vn 0.833800 0.4800 -0.2728
vn 0.771300 0.5621 -0.2988
vn 0.824000 0.4937 -0.2779
vn 0.757600 0.5816 -0.2963
vn 0.687200 0.1437 -0.7121
vn 0.679400 0.1418 -0.7200
vn 0.655800 0.1379 -0.7422
vn 0.646100 0.1379 -0.7507
vn 0.004400 -0.4683 0.8836
vn 0.004900 -0.4624 0.8867
vn 0.002900 -0.4663 0.8846
vn 0.001000 -0.4702 0.8826
vn 0.038000 -0.4760 0.8786
vn -0.004900 -0.4683 0.8836
vn -0.037900 -0.4760 0.8786
vn -0.002900 -0.4663 0.8846
vn -0.002600 -0.4624 0.8867
vn -0.001500 -1.0000 0.0001
vn -0.003000 -0.6970 0.7171
vn -0.002900 -0.6969 0.7172
vn -0.001000 -0.6989 0.7152
vn 0.001000 -0.6969 0.7171
vn 0.001200 -0.6967 0.7173
vn 0.001000 -0.6969 0.7172
vn 0.001000 -0.6950 0.7190
vn 0.000800 -0.6953 0.7187
vn 0.000700 -0.6950 0.7190
vn 0.720400 -0.4897 0.4911
vn 0.720400 -0.4898 0.4911
vn 0.628500 -0.5404 0.5594
vn 0.364600 -0.9296 0.0535
vn 0.345100 -0.9355 0.0761
vn 0.395900 -0.9179 -0.0274
vn 0.661800 0.0011 0.7497
vn 0.661800 -0.0010 0.7497
vn 0.661800 -0.0008 0.7497
vn 0.554300 0.8319 0.0283
vn 0.571800 0.8084 0.1395
vn 0.567900 0.8182 0.0896
vn 0.577700 0.7126 0.3980
vn 0.585500 0.7458 0.3176
vn 0.587500 0.6207 0.5192
vn 0.593400 0.6070 0.5286
vn 0.882700 0.3274 -0.3370
vn 0.882700 0.3275 -0.3371
vn 0.880700 0.3294 -0.3403
vn 0.235600 -0.9472 0.2173
vn 0.241400 -0.9453 0.2195
vn 0.280500 -0.9433 0.1774
vn 0.282500 -0.9433 0.1743
vn 0.421300 0.0011 0.9069
vn 0.421400 0.0009 0.9069
vn 0.421300 0.0010 0.9069
vn 0.200200 -0.9797 -0.0000
vn 0.200200 -0.9798 -0.0000
vn 0.200300 -0.9797 -0.0000
vn 0.200600 -0.9797 -0.0000
vn 0.200300 -0.9797 -0.0001
vn 0.315700 -0.5543 -0.7701
vn 0.323600 -0.5523 -0.7683
vn 0.380300 -0.5327 -0.7560
vn 0.388100 -0.5309 -0.7533
vn 0.204300 0.9785 -0.0285
vn 0.255100 0.8104 -0.5274
vn 0.262900 0.8084 -0.5266
vn 0.262900 0.8085 -0.5266
vn -0.006800 1.0000 -0.0000
vn 0.006800 1.0000 -0.0000
vn 0.628600 -0.5406 0.5592
vn 0.628500 -0.7772 -0.0317
vn 0.855300 -0.2668 0.4440
vn 0.872900 -0.2336 0.4282
vn 0.865100 -0.2472 0.4364
vn 0.004900 -0.4623 0.8867
vn 0.946300 -0.3233 -0.0000
vn 0.946300 -0.3233 -0.0001
vn 0.946300 -0.3232 -0.0000
vn 0.001000 -0.6970 0.7171
vn 0.628500 -0.5405 0.5592
vn 0.771300 0.5620 -0.2987
vn 0.679400 0.1417 -0.7200
vn -0.946300 -0.3232 -0.0000
vn 0.655900 0.1378 -0.7421
vn 0.628600 0.7771 -0.0318
vn 0.628600 -0.5405 0.5592
vn 0.628500 0.7772 -0.0317
vn 0.001100 -0.6950 0.7190
vn 0.655900 0.1378 -0.7422
vn 0.824100 0.4936 -0.2780
vn 0.824000 0.4936 -0.2780
vn -0.001000 0.8905 -0.4549
vn -0.001000 -0.5778 -0.8162
vn 0.720500 -0.4897 0.4910
vn 0.720400 -0.4897 0.4910
vn 0.280600 -0.9433 0.1774
vn 0.282500 -0.9433 0.1742
vn 0.364600 -0.9296 0.0536
vn 0.345100 -0.9355 0.0762
vn 0.571800 0.8084 0.1396
vn 0.204200 0.9785 -0.0285
vn 0.204300 0.9785 -0.0284
vn 0.323500 -0.5523 -0.7683
vn 0.388000 -0.5308 -0.7534
vn 0.380300 -0.5328 -0.7560
vn 0.927300 0.3743 -0.0002
vn 0.728200 0.6852 -0.0100
vn 0.927300 0.3743 -0.0000
vn 0.819400 0.5733 -0.0000
vn 0.927300 0.3742 -0.0000
vn 0.927400 0.3742 -0.0000
vn 0.438900 0.8983 -0.0188
vn 0.413500 0.9101 -0.0283
vn 0.177000 0.9842 -0.0000
vn 0.223900 0.9746 -0.0087
vn 1.000000 -0.0010 -0.0015
vn 1.000000 -0.0088 -0.0000
vn 0.999900 -0.0108 -0.0000
vn 1.000000 -0.0094 -0.0000
vn 0.999200 -0.0401 -0.0000
vn -0.001000 0.2004 -0.9797
vn 0.540600 0.2062 -0.8156
vn -0.000900 0.2003 -0.9797
vn 0.016700 0.1769 -0.9841
vn 0.001300 0.2004 -0.9797
vn 0.000500 0.2004 -0.9797
vn -0.628500 0.7771 -0.0318
vn -0.628300 0.7773 -0.0318
vn -0.628600 -0.5406 0.5592
vn -0.628500 -0.5405 0.5593
vn -0.628600 -0.5407 0.5591
vn -0.628500 -0.5406 0.5592
vn -0.628300 -0.7774 -0.0318
vn -0.865100 -0.2473 0.4364
vn -0.855300 -0.2669 0.4441
vn -0.872900 -0.2336 0.4283
vn -0.874900 -0.2297 0.4264
vn -0.946400 -0.3231 -0.0000
vn -0.824100 0.4936 -0.2779
vn -0.833800 0.4799 -0.2727
vn -0.538600 -0.6344 -0.5545
vn -0.833800 0.4800 -0.2727
vn -0.771300 0.5621 -0.2987
vn -0.757600 0.5816 -0.2963
vn -0.687200 0.1437 -0.7121
vn -0.679400 0.1418 -0.7199
vn -0.656000 0.1377 -0.7421
vn -0.646300 0.1376 -0.7506
vn 0.002900 -0.6969 0.7171
vn 0.003000 -0.6970 0.7170
vn 0.001000 -0.6989 0.7152
vn -0.001000 -0.6970 0.7171
vn -0.000900 -0.6970 0.7171
vn -0.001000 -0.6951 0.7189
vn -0.001000 -0.6950 0.7190
vn -0.000800 -0.6953 0.7187
vn -0.000900 -0.6950 0.7190
vn -0.720400 -0.4897 0.4911
vn -0.628600 -0.5406 0.5591
vn -0.395900 -0.9179 -0.0274
vn -0.345100 -0.9355 0.0761
vn -0.364600 -0.9296 0.0535
vn -0.661800 -0.0010 0.7497
vn -0.661800 -0.0009 0.7497
vn -0.661800 0.0009 0.7497
vn -0.567900 0.8182 0.0895
vn -0.554300 0.8319 0.0283
vn -0.571900 0.8084 0.1395
vn -0.593400 0.6070 0.5286
vn -0.585500 0.7458 0.3176
vn -0.587500 0.6207 0.5192
vn -0.577700 0.7126 0.3980
vn -0.880800 0.3294 -0.3402
vn -0.882700 0.3275 -0.3370
vn -0.882600 0.3275 -0.3372
vn -0.282500 -0.9433 0.1743
vn -0.241400 -0.9453 0.2195
vn -0.280500 -0.9433 0.1774
vn -0.235600 -0.9472 0.2174
vn -0.421300 0.0010 0.9069
vn -0.421300 0.0009 0.9069
vn -0.200200 -0.9798 -0.0000
vn -0.200600 -0.9797 -0.0000
vn -0.200300 -0.9797 -0.0000
vn -0.318100 -0.5538 -0.7695
vn -0.323500 -0.5524 -0.7683
vn -0.380300 -0.5327 -0.7560
vn -0.388100 -0.5309 -0.7533
vn -0.204600 0.9784 -0.0285
vn -0.204300 0.9785 -0.0285
vn -0.255100 0.8104 -0.5274
vn -0.263000 0.8084 -0.5266
vn -0.628500 -0.7772 -0.0317
vn -0.855300 -0.2668 0.4440
vn -0.872900 -0.2336 0.4282
vn -0.004900 -0.4624 0.8867
vn -0.946300 -0.3233 0.0001
vn -0.946300 -0.3232 0.0001
vn 0.001100 -0.6990 0.7152
vn -0.001100 -0.6950 0.7190
vn -0.833800 0.4800 -0.2728
vn -0.771300 0.5620 -0.2987
vn -0.679400 0.1418 -0.7200
vn -0.646200 0.1379 -0.7506
vn -0.946300 -0.3232 -0.0001
vn -0.655900 0.1379 -0.7421
vn -0.655900 0.1378 -0.7421
vn -0.628500 0.7771 -0.0317
vn -0.824000 0.4937 -0.2779
vn -0.628600 -0.5405 0.5592
vn -0.628500 0.7772 -0.0317
vn -0.628500 -0.5406 0.5593
vn -0.628600 0.7771 -0.0317
vn -0.720400 -0.4897 0.4910
vn -0.720500 -0.4897 0.4910
vn -0.345100 -0.9355 0.0762
vn -0.364600 -0.9296 0.0536
vn -0.280600 -0.9433 0.1774
vn -0.585500 0.7459 0.3175
vn -0.567900 0.8182 0.0896
vn -0.571800 0.8084 0.1395
vn -0.204200 0.9785 -0.0285
vn -0.255100 0.8103 -0.5275
vn -0.200200 -0.9798 -0.0001
vn -0.200200 -0.9797 -0.0000
vn -0.323500 -0.5523 -0.7683
vn -0.388100 -0.5308 -0.7534
vn -0.262900 0.8084 -0.5266
vn -0.380200 -0.5328 -0.7560
vn -0.001000 -0.9980 0.0625
vn -0.286400 0.4487 -0.8466
vn -0.257100 0.1770 -0.9500
vn 0.286400 0.4487 -0.8466
vn 0.257100 0.1770 -0.9500
vn -0.257100 -0.4819 -0.8376
vn -0.260900 -0.8182 -0.5123
vn 0.257100 -0.4819 -0.8376
vn 0.260900 -0.8182 -0.5123
vn -0.001000 -0.8846 0.4663
vn -0.001000 -0.8847 0.4662
vn -0.000900 -0.8847 0.4662
vn -0.001000 -0.8847 0.4663
vn -1.000000 0.0029 -0.0001
vn -0.000900 -0.0009 1.0000
vn 1.000000 0.0029 -0.0000
vn -0.000900 -0.9980 0.0625
vn -0.000900 -0.9980 0.0626
vn -0.001000 -0.9980 0.0626
vn 0.261000 -0.8182 -0.5123
vn -0.261000 -0.8182 -0.5123
vn 0.257100 0.1769 -0.9501
vn 0.257100 -0.4819 -0.8377
vn -0.257100 -0.4819 -0.8377
vn 0.286400 0.4487 -0.8465
vn -0.257100 0.1769 -0.9501
vn -0.286400 0.4487 -0.8465
vn -0.968500 -0.2492 -0.0000
vn -0.970400 -0.2413 -0.0000
vn -0.442800 -0.8944 0.0626
vn 0.970400 -0.2413 -0.0000
vn 0.968500 -0.2492 -0.0000
vn 0.442800 -0.8944 0.0626
vn -0.907900 0.4192 -0.0001
vn -0.915900 0.3998 -0.0350
vn -0.907900 0.4192 -0.0000
vn -0.916000 0.3998 -0.0350
vn 0.907900 0.4193 -0.0000
vn 0.915900 0.3998 -0.0350
vn 0.915800 0.4001 -0.0350
vn 0.907900 0.4192 0.0002
vn -0.681300 0.7302 -0.0509
vn -0.681400 0.7302 -0.0509
vn 0.681400 0.7302 -0.0509
vn 0.681300 0.7302 -0.0509
vn -0.004800 0.4173 -0.9087
vn -0.001100 0.4329 -0.9014
vn -0.002600 0.4252 -0.9051
vn -0.001000 0.4331 -0.9014
vn -0.000900 0.4193 -0.9078
vn 0.000900 0.4175 -0.9087
vn 0.002900 0.4311 -0.9023
vn 0.000900 0.4234 -0.9059
vn 0.000900 0.4231 -0.9061
vn 0.005300 0.4371 -0.8994
vn -0.884800 -0.4659 -0.0000
vn -0.462400 0.4936 -0.7366
vn -0.456500 0.4897 -0.7428
vn -0.423300 0.4682 -0.7756
vn -0.421300 0.4662 -0.7779
vn -0.319600 0.9472 -0.0247
vn -0.419400 0.4467 0.7903
vn -0.427200 0.4605 0.7781
vn -0.449000 0.4955 0.7436
vn -0.450600 0.4995 0.7399
vn 0.884800 -0.4659 -0.0000
vn 0.462400 0.4936 0.7366
vn 0.456300 0.4896 0.7430
vn 0.423400 0.4681 0.7757
vn 0.421300 0.4662 0.7780
vn 0.319600 0.9472 -0.0247
vn 0.419500 0.4466 -0.7903
vn 0.427200 0.4605 -0.7781
vn 0.449000 0.4955 -0.7436
vn 0.450600 0.4995 -0.7399
vn -0.669100 0.7432 0.0001
vn -0.669000 0.7432 -0.0000
vn -0.001000 0.4330 -0.9014
vn -0.004900 0.4174 -0.9087
vn -0.004900 0.4858 0.8740
vn -0.002900 0.4800 0.8773
vn -0.669000 0.7432 -0.0001
vn -0.000900 0.4721 0.8815
vn 0.907900 0.4192 -0.0000
vn -0.002900 0.4252 -0.9051
vn 0.001000 0.4174 -0.9087
vn 0.001000 0.4232 -0.9060
vn -0.907900 0.4193 -0.0000
vn -0.001000 0.4721 0.8815
vn -0.001000 0.4682 0.8836
vn 0.001000 0.4682 0.8836
vn 0.002900 0.4741 0.8805
vn 0.000900 0.4233 -0.9060
vn 0.004900 0.4663 0.8846
vn 0.001000 0.4233 -0.9060
vn 0.004900 0.4369 -0.8995
vn 0.001000 0.4819 0.8762
vn 0.669000 0.7432 -0.0000
vn 0.669100 0.7432 -0.0000
vn 0.000900 0.4819 0.8762
vn 0.669000 0.7433 -0.0000
vn -0.005000 0.4859 0.8740
vn -0.003200 0.4800 0.8772
vn -0.001000 0.4722 0.8815
vn -0.000900 0.4682 0.8836
vn 0.001000 0.4818 0.8763
vn 0.000800 0.4683 0.8836
vn -0.001000 0.9980 0.0625
vn 0.257100 -0.1770 -0.9500
vn -0.257100 -0.1770 -0.9500
vn 0.286400 -0.4487 -0.8466
vn -0.286400 -0.4487 -0.8466
vn 0.260900 0.8182 -0.5123
vn -0.260900 0.8182 -0.5123
vn 0.257100 0.4819 -0.8376
vn -0.257100 0.4819 -0.8376
vn -0.001000 0.8847 0.4663
vn -0.000900 0.8847 0.4662
vn -0.001000 0.8846 0.4663
vn -1.000000 -0.0029 -0.0002
vn 1.000000 -0.0029 -0.0000
vn 1.000000 -0.0010 -0.0001
vn -0.001000 0.8847 0.4662
vn -0.000900 0.9980 0.0626
vn -0.001000 0.9980 0.0626
vn 0.261000 0.8182 -0.5123
vn -0.001000 0.9980 0.0624
vn -0.000900 0.9980 0.0625
vn -0.261000 0.8182 -0.5123
vn 0.257100 0.4819 -0.8377
vn 0.257100 -0.1769 -0.9501
vn -0.257100 0.4819 -0.8377
vn 0.286400 -0.4487 -0.8465
vn -0.257100 -0.1769 -0.9501
vn -0.286400 -0.4487 -0.8465
vn -0.001000 -0.7537 -0.6573
vn -0.001000 -0.7536 -0.6573
vn -0.000900 -0.7537 -0.6572
vn 0.000900 -0.7537 -0.6572
vn 0.001000 -0.7537 -0.6572
vn 0.000000 0.0011 -1.0000
vn 0.000000 0.0010 -1.0000
vn -0.001000 -0.9550 -0.2965
vn 0.000000 -0.9550 -0.2965
vn -0.001000 -0.9550 -0.2966
vn -0.001000 -0.6168 -0.7871
vn 0.000000 -0.6169 -0.7871
vn 0.000000 -0.6168 -0.7871
vn 0.000000 -0.0010 -1.0000
vn 0.000000 -0.9550 -0.2966
vn -0.001000 -0.6169 -0.7871
vn -0.259000 0.0007 -0.9659
vn 0.258900 0.0007 -0.9659
vn -0.411700 0.0009 -0.9113
vn -1.000000 0.0002 0.0001
vn 0.411700 0.0008 -0.9113
vn -0.927400 -0.3740 0.0004
vn -0.927400 -0.3741 0.0002
vn -0.817800 -0.5755 -0.0000
vn -0.927300 -0.3742 -0.0000
vn -0.927400 -0.3741 -0.0000
vn -0.648100 -0.7615 -0.0107
vn -0.425200 -0.9042 -0.0401
vn -0.348900 -0.9372 -0.0000
vn -0.175000 -0.9844 -0.0205
vn 0.628600 0.0004 -0.7777
vn 0.628600 0.0008 -0.7778
vn 0.628500 0.0009 -0.7778
vn 0.628500 0.0010 -0.7778
vn 0.627300 -0.7426 -0.2344
vn 0.628600 -0.7419 -0.2334
vn 0.628500 -0.7419 -0.2334
vn 0.628600 -0.4800 -0.6120
vn 0.630500 -0.4780 -0.6115
vn 0.630500 -0.4780 -0.6116
vn 0.632400 -0.4760 -0.6111
vn 0.509300 -0.0010 -0.8606
vn 0.620700 -0.7830 0.0404
vn 0.622400 -0.7827 -0.0000
vn 0.634300 -0.7731 -0.0000
vn 0.634400 -0.7713 0.0517
vn 0.635000 -0.5851 -0.5044
vn 0.636400 -0.5836 -0.5044
vn 0.642200 -0.5797 -0.5016
vn 0.642200 -0.5777 -0.5038
vn 0.648100 -0.7615 -0.0107
vn 0.646100 -0.7633 -0.0001
vn 0.610600 -0.7919 -0.0004
vn 0.610100 -0.7923 -0.0004
vn 0.642200 0.5327 0.5511
vn 0.640300 0.5327 0.5534
vn 0.632400 0.5386 0.5568
vn 0.632500 0.5389 0.5564
vn 0.634300 0.7731 -0.0000
vn 0.624600 0.7810 -0.0000
vn 0.624600 0.7809 -0.0000
vn 0.710700 0.3295 0.6216
vn 0.710700 0.3294 0.6216
vn 0.712500 0.3274 0.6205
vn 0.712800 0.3272 0.6204
vn 0.782600 0.6226 0.0001
vn 0.782500 0.6226 0.0001
vn 0.781000 0.6245 -0.0000
vn 0.781100 0.6244 -0.0000
vn 0.010700 0.4605 0.8876
vn 0.004900 0.4722 0.8815
vn 0.008800 0.4663 0.8846
vn 0.001000 0.4838 0.8752
vn 0.001000 0.4839 0.8751
vn -0.008700 0.4662 0.8846
vn -0.004900 0.4722 0.8815
vn -0.010700 0.4605 0.8876
vn 0.001000 0.6970 0.7171
vn 0.001000 0.6950 0.7190
vn 0.002900 0.6951 0.7189
vn 0.000600 0.6972 0.7169
vn -0.001000 0.6970 0.7170
vn -0.002900 0.6970 0.7171
vn -1.000000 0.0090 -0.0000
vn -1.000000 0.0088 -0.0000
vn -0.968500 -0.2491 -0.0000
vn -1.000000 0.0091 -0.0000
vn -0.970400 -0.2414 -0.0000
vn -0.001000 0.6970 0.7171
vn 0.624500 0.7810 -0.0000
vn 0.010800 0.4604 0.8876
vn 0.712600 0.3274 0.6205
vn 0.632400 0.5386 0.5567
vn 0.632500 0.5386 0.5567
vn 0.640300 0.5328 0.5534
vn 0.642200 0.5328 0.5511
vn 0.712700 0.3275 0.6204
vn 0.782700 0.6224 -0.0000
vn 0.782700 0.6224 0.0001
vn 0.781000 0.6246 -0.0000
vn -0.008800 0.4663 0.8846
vn 0.509200 -0.0010 -0.8606
vn 0.780900 0.6246 -0.0000
vn 0.632400 -0.4761 -0.6111
vn 0.781000 0.6246 0.0001
vn 0.509200 -0.0009 -0.8606
vn 0.620700 -0.7830 0.0403
vn 0.634400 -0.7730 -0.0000
vn 0.634400 -0.5855 -0.5046
vn 0.642200 -0.5796 -0.5015
vn 0.648100 -0.7614 -0.0107
vn 0.642200 -0.5797 -0.5015
vn 0.642200 -0.5778 -0.5038
vn 0.648100 -0.7615 -0.0108
vn 0.610400 -0.7921 -0.0000
vn 0.640200 0.5328 0.5534
vn 0.646000 -0.7633 -0.0000
vn 0.636400 -0.5836 -0.5045
vn -0.001000 -0.7537 -0.6572
vn 0.634400 -0.7713 0.0518
vn 0.622500 -0.7826 -0.0000
vn 0.628600 0.0010 -0.7778
vn 0.628600 0.0010 -0.7777
vn 0.628500 -0.7420 -0.2334
vn -0.000900 -0.9550 -0.2965
vn -0.000900 -0.6168 -0.7871
vn 0.628500 -0.4799 -0.6121
vn 0.001000 -0.7537 -0.6573
vn 0.927300 -0.3744 -0.0000
vn 0.927300 -0.3744 -0.0002
vn 0.927300 -0.3742 -0.0000
vn 0.817800 -0.5755 -0.0000
vn 0.927300 -0.3743 -0.0000
vn 0.425200 -0.9042 -0.0401
vn 0.348900 -0.9372 -0.0000
vn 0.175100 -0.9843 -0.0205
vn 0.175000 -0.9844 -0.0205
vn -0.628600 0.0008 -0.7778
vn -0.629900 0.0018 -0.7766
vn -0.628500 0.0009 -0.7778
vn -0.631700 0.0028 -0.7752
vn -0.628600 -0.7419 -0.2334
vn -0.628600 0.0010 -0.7778
vn -0.628500 -0.7419 -0.2334
vn -0.628600 -0.4800 -0.6120
vn -0.630500 -0.4780 -0.6115
vn -0.630500 -0.4780 -0.6116
vn -0.632400 -0.4760 -0.6111
vn -0.509300 -0.0010 -0.8606
vn -0.509200 -0.0010 -0.8606
vn -0.621000 -0.7828 0.0404
vn -0.634600 -0.7728 0.0001
vn -0.622400 -0.7827 0.0001
vn -0.634400 -0.7712 0.0518
vn -0.634400 -0.5855 -0.5046
vn -0.635500 -0.5843 -0.5047
vn -0.642200 -0.5796 -0.5016
vn -0.642200 -0.5777 -0.5038
vn -0.610400 -0.7921 -0.0000
vn -0.646000 -0.7633 0.0001
vn -0.610400 -0.7921 0.0001
vn -0.632500 0.5389 0.5564
vn -0.640300 0.5327 0.5534
vn -0.632500 0.5386 0.5566
vn -0.642200 0.5327 0.5511
vn -0.634300 0.7731 0.0001
vn -0.624600 0.7809 -0.0000
vn -0.634300 0.7731 -0.0000
vn -0.624600 0.7810 -0.0000
vn -0.710600 0.3295 0.6216
vn -0.710800 0.3295 0.6215
vn -0.712600 0.3274 0.6205
vn -0.710600 0.3294 0.6217
vn -0.712700 0.3273 0.6204
vn -0.781000 0.6246 -0.0000
vn -0.782500 0.6226 0.0001
vn -0.782600 0.6226 0.0001
vn 0.002900 0.6969 0.7171
vn -0.000800 0.6971 0.7170
vn 0.000900 0.6969 0.7171
vn -0.001100 0.6969 0.7172
vn -0.002900 0.6951 0.7189
vn -0.001000 0.6951 0.7189
vn 0.970400 -0.2414 -0.0000
vn 1.000000 0.0094 -0.0000
vn 0.968500 -0.2491 -0.0000
vn 1.000000 0.0091 -0.0000
vn 1.000000 0.0089 -0.0000
vn -0.710700 0.3294 0.6216
vn -0.010800 0.4604 0.8876
vn -0.712600 0.3275 0.6205
vn -0.632400 0.5386 0.5567
vn -0.640300 0.5328 0.5534
vn -0.782700 0.6225 -0.0000
vn -0.782700 0.6225 0.0001
vn -0.712600 0.3275 0.6204
vn -0.782700 0.6224 -0.0000
vn -0.712700 0.3274 0.6204
vn -0.780900 0.6246 -0.0000
vn -0.781000 0.6245 -0.0000
vn -0.624600 0.7810 0.0001
vn -0.632500 0.5386 0.5567
vn -0.642200 0.5328 0.5511
vn -0.632500 -0.4761 -0.6110
vn -0.509300 -0.0011 -0.8606
vn -0.628600 -0.7419 -0.2333
vn -0.628500 0.0010 -0.7778
vn -0.509300 -0.0009 -0.8606
vn -0.620700 -0.7830 0.0403
vn -0.634300 -0.7731 -0.0000
vn -0.634400 -0.5855 -0.5047
vn -0.642200 -0.5797 -0.5015
vn -0.622400 -0.7827 -0.0000
vn -0.642200 -0.5777 -0.5037
vn -0.640200 0.5328 0.5534
vn -0.646000 -0.7633 -0.0001
vn -0.646100 -0.7633 -0.0000
vn -0.001100 0.6970 0.7171
vn -0.000900 0.6950 0.7190
vn -0.646000 -0.7633 -0.0000
vn -0.642200 -0.5778 -0.5038
vn -0.636300 -0.5836 -0.5045
vn -0.634400 -0.7713 0.0518
vn -0.636400 -0.5835 -0.5045
vn -0.628600 0.0010 -0.7777
vn -0.001100 0.0010 -1.0000
vn -0.628500 -0.7420 -0.2334
vn -0.628500 -0.4800 -0.6120
vn -0.669000 0.7433 -0.0000
vn -0.669300 0.7430 -0.0000
vn -0.669400 0.7429 -0.0000
vn 0.669400 0.7429 -0.0000
vn 0.669300 0.7430 -0.0000
vn 0.446900 -0.3452 -0.8253
vn -0.447100 -0.3454 -0.8251
vn 0.274700 0.0009 0.9615
vn 0.274800 0.0009 0.9615
vn 0.274600 0.0010 0.9616
vn 0.478000 -0.8475 0.2307
vn 0.483900 -0.8455 0.2257
vn 0.479900 -0.8475 0.2268
vn 0.483900 -0.8436 0.2328
vn 0.249300 0.7498 0.6130
vn 0.251200 0.7537 0.6074
vn 0.257100 0.7576 0.6000
vn 0.265000 0.7654 0.5865
vn 0.244900 0.9688 -0.0372
vn 0.245400 0.9687 -0.0372
vn 0.272300 0.6698 -0.6908
vn 0.300100 0.6520 -0.6963
vn 0.284600 0.6619 -0.6935
vn 0.313800 0.6442 -0.6975
vn 0.180700 0.9835 -0.0001
vn 0.181200 0.9834 -0.0000
vn 0.495600 -0.8221 -0.2802
vn 0.599200 -0.7693 -0.2216
vn 0.524900 -0.8084 -0.2663
vn 0.618800 -0.7576 -0.2079
vn 0.386200 0.5249 -0.7585
vn 0.386100 0.5269 -0.7572
vn 0.384100 0.5289 -0.7568
vn 0.380400 0.5329 -0.7559
vn -0.583600 0.7849 -0.2081
vn -0.601100 0.7987 0.0278
vn -0.601200 0.7986 0.0279
vn -0.579400 0.7715 0.2629
vn -0.579600 0.7713 0.2629
vn -0.583600 0.0010 -0.8120
vn -0.583600 0.0010 -0.8121
vn -0.583500 -0.6286 -0.5142
vn -0.605200 -0.7497 -0.2678
vn -0.583700 -0.6285 -0.5141
vn -0.605300 -0.7496 -0.2677
vn -0.583500 -0.8121 -0.0000
vn -0.583400 -0.8122 -0.0000
vn -0.583600 -0.5660 0.5823
vn -0.583600 -0.5660 0.5824
vn -0.583600 -0.5660 0.5822
vn -0.583300 -0.8122 -0.0000
vn -0.583500 -0.4624 0.6676
vn -0.583600 -0.4624 0.6676
vn -0.583600 -0.4623 0.6675
vn -0.583400 0.3138 0.7491
vn -0.583500 0.3138 0.7491
vn -0.583600 0.3138 0.7490
vn 0.274700 0.0010 0.9615
vn 0.249300 0.7497 0.6130
vn 0.257100 0.7575 0.6000
vn 0.264900 0.7654 0.5865
vn 0.483900 -0.8456 0.2256
vn 0.480000 -0.8475 0.2266
vn 0.251200 0.7537 0.6073
vn 0.245300 0.9687 -0.0372
vn 0.618800 -0.7576 -0.2078
vn 0.284500 0.6618 -0.6936
vn 0.245400 0.9687 -0.0373
vn 0.272700 0.6696 -0.6908
vn 0.313800 0.6442 -0.6976
vn 0.180600 0.9836 -0.0000
vn 0.384200 0.5289 -0.7568
vn 0.386100 0.5250 -0.7585
vn 0.380300 0.5327 -0.7560
vn 0.380200 0.5328 -0.7560
vn 0.446800 -0.3450 -0.8254
vn 0.495600 -0.8221 -0.2803
vn 0.446800 -0.3451 -0.8254
vn 0.446700 -0.3451 -0.8254
vn -0.274700 0.0010 0.9615
vn -0.274800 0.0009 0.9615
vn -0.483900 -0.8436 0.2328
vn -0.483900 -0.8456 0.2256
vn -0.480000 -0.8475 0.2267
vn -0.478000 -0.8475 0.2307
vn -0.264700 0.7654 0.5866
vn -0.251300 0.7537 0.6073
vn -0.257100 0.7576 0.6000
vn -0.249200 0.7497 0.6130
vn -0.245400 0.9687 -0.0372
vn -0.244900 0.9688 -0.0372
vn -0.272700 0.6696 -0.6908
vn -0.284500 0.6618 -0.6935
vn -0.300100 0.6540 -0.6944
vn -0.313800 0.6442 -0.6975
vn -0.180700 0.9835 -0.0001
vn -0.181200 0.9834 -0.0000
vn -0.618800 -0.7576 -0.2079
vn -0.599200 -0.7693 -0.2216
vn -0.524900 -0.8084 -0.2663
vn -0.495600 -0.8221 -0.2802
vn -0.380500 0.5330 -0.7557
vn -0.386100 0.5269 -0.7572
vn -0.384100 0.5289 -0.7568
vn -0.386300 0.5249 -0.7584
vn 0.583600 0.7849 -0.2081
vn 0.600900 0.7989 0.0275
vn 0.601200 0.7986 0.0279
vn 0.579800 0.7711 0.2630
vn 0.579600 0.7713 0.2629
vn 0.583500 0.0009 -0.8121
vn 0.583600 0.0010 -0.8121
vn 0.583600 0.0010 -0.8120
vn 0.583700 -0.6285 -0.5141
vn 0.605200 -0.7497 -0.2678
vn 0.583500 -0.8121 -0.0000
vn 0.583600 -0.5660 0.5823
vn 0.583600 -0.5660 0.5822
vn 0.583500 -0.5660 0.5824
vn 0.583400 -0.8122 -0.0000
vn 0.583600 -0.4624 0.6676
vn 0.583500 -0.4624 0.6677
vn 0.583500 -0.4624 0.6676
vn 0.583600 -0.4623 0.6675
vn 0.583600 0.3138 0.7489
vn 0.583500 0.3138 0.7490
vn -0.249300 0.7497 0.6130
vn -0.257100 0.7575 0.6000
vn -0.264900 0.7654 0.5865
vn -0.480000 -0.8475 0.2266
vn -0.245300 0.9687 -0.0371
vn -0.245300 0.9687 -0.0372
vn -0.251200 0.7537 0.6073
vn -0.618800 -0.7576 -0.2078
vn -0.284500 0.6618 -0.6936
vn -0.245400 0.9687 -0.0373
vn -0.180600 0.9836 -0.0000
vn -0.384200 0.5289 -0.7568
vn -0.386100 0.5249 -0.7585
vn -0.380300 0.5327 -0.7560
vn -0.380200 0.5328 -0.7560
vn -0.446700 -0.3451 -0.8255
vn -0.495600 -0.8221 -0.2803
vn -0.446700 -0.3451 -0.8254
vn -0.446700 -0.3450 -0.8255
vn -0.487800 -0.8729 -0.0087
vn -0.487800 -0.8729 -0.0088
vn 0.487800 -0.8729 -0.0088
vn 0.489300 -0.8721 -0.0000
vn 0.706700 0.7067 -0.0320
vn -0.479900 0.8768 -0.0283
vn -0.479900 0.8769 -0.0283
vn -0.706700 0.7067 -0.0320
vn -0.499500 0.8651 -0.0456
vn -0.499500 0.8651 -0.0457
vn 0.499500 0.8651 -0.0456
vn 0.498600 0.8668 -0.0000
vn 0.499200 0.8665 -0.0000
vn 0.497600 0.8671 -0.0255
vn 0.706700 -0.7067 -0.0321
vn 0.499500 0.8651 -0.0457
vn 0.487800 -0.8729 -0.0087
vn -0.001000 -0.8768 0.4808
vn 0.014700 0.6931 -0.7207
vn 0.016600 0.6931 -0.7207
vn 0.016700 0.6931 -0.7207
vn 0.016600 0.6930 -0.7207
vn -0.949000 0.3123 0.0429
vn -0.949200 0.3118 0.0429
vn -0.806400 0.5914 -0.0000
vn -0.806600 0.5911 -0.0000
vn -0.307900 0.9511 -0.0235
vn 0.001000 0.0009 1.0000
vn -0.014700 0.6931 -0.7207
vn -0.016600 0.6931 -0.7207
vn -0.016700 0.6931 -0.7207
vn -0.016600 0.6930 -0.7207
vn 0.949200 0.3118 -0.0429
vn 0.806400 0.5914 -0.0000
vn 0.949200 0.3118 0.0429
vn 0.307900 0.9511 -0.0235
vn -0.000900 -0.8788 0.4772
vn -0.816300 0.0011 0.5777
vn -0.001000 -0.8769 0.4808
vn 0.659800 -0.7283 0.1851
vn 0.769300 -0.5601 0.3074
vn 0.802500 -0.5191 0.2941
vn 0.661800 -0.3822 0.6449
vn 0.757600 -0.6520 -0.0311
vn 0.806500 -0.0030 0.5913
vn 0.816200 -0.0010 0.5777
vn -0.000900 -0.4917 0.8707
vn -0.000800 -0.4918 0.8707
vn -0.001000 -0.4917 0.8708
vn -1.000000 0.0008 -0.0000
vn -0.894400 -0.3627 0.2616
vn -0.870900 -0.4898 0.0397
vn -0.910000 -0.2532 0.3282
vn -0.894500 -0.1573 0.4185
vn -0.876400 -0.4817 -0.0000
vn -0.871000 -0.4839 -0.0853
vn -0.874900 -0.4115 -0.2554
vn -0.886600 0.1984 0.4178
vn -0.876800 0.1104 0.4680
vn -0.876800 0.2924 0.3817
vn -0.884600 -0.3412 -0.3179
vn -0.874900 -0.2766 -0.3976
vn -0.880700 -0.0617 -0.4695
vn -0.878800 0.4487 0.1625
vn -0.871000 0.4272 0.2427
vn -0.871000 0.4839 0.0854
vn -0.892500 0.0478 -0.4485
vn -0.880800 0.1591 -0.4460
vn -0.878800 0.3607 -0.3124
vn -0.882700 0.4311 -0.1871
vn -0.874900 0.4761 -0.0893
vn -0.874800 0.4018 -0.2706
vn -0.890500 0.4018 -0.2134
vn -0.878800 0.4604 -0.1255
vn -0.882600 0.4644 -0.0724
vn -0.884700 0.4272 -0.1868
vn -0.882700 0.3744 -0.2840
vn 0.894400 -0.3627 0.2616
vn 0.910100 -0.2532 0.3281
vn 0.871000 -0.4897 0.0397
vn 0.894500 -0.1572 0.4184
vn 0.876400 -0.4817 -0.0000
vn 0.871000 -0.4839 -0.0853
vn 0.874900 -0.4115 -0.2555
vn 0.886700 0.1984 0.4177
vn 0.876800 0.1104 0.4680
vn 0.876800 0.2925 0.3816
vn 0.884600 -0.3412 -0.3178
vn 0.874900 -0.2767 -0.3974
vn 0.880800 -0.0618 -0.4695
vn 0.878800 0.4487 0.1625
vn 0.871000 0.4272 0.2427
vn 0.871000 0.4838 0.0853
vn 0.892500 0.0477 -0.4485
vn 0.880700 0.1594 -0.4460
vn 0.878800 0.3607 -0.3124
vn 0.882700 0.4311 -0.1871
vn 0.874900 0.4761 -0.0893
vn 0.874900 0.4018 -0.2706
vn 0.890500 0.4018 -0.2134
vn 0.878800 0.4604 -0.1255
vn 0.882800 0.4641 -0.0725
vn 0.884700 0.4272 -0.1868
vn 0.882700 0.3744 -0.2840
vn -0.001000 -0.4995 0.8663
vn -0.001000 0.4995 0.8663
vn 0.001100 -0.4995 -0.8663
vn 0.000900 -0.4996 -0.8663
vn 0.001000 0.4995 -0.8663
vn -0.000900 0.4995 -0.8663
vn 0.489700 -0.0009 0.8719
vn 0.489800 0.6168 0.6162
vn 0.489500 -0.6168 0.6164
vn 0.489200 -0.8722 -0.0000
vn 0.489500 -0.6168 -0.6164
vn 0.489600 0.0008 -0.8719
vn 0.488900 0.8723 -0.0000
vn 0.489800 0.6168 -0.6162
vn -0.489600 0.6168 0.6163
vn -0.489700 -0.0009 0.8719
vn -0.489500 -0.6168 0.6164
vn -0.489000 -0.8723 -0.0000
vn -0.489500 -0.6168 -0.6164
vn -0.489700 0.0009 -0.8719
vn -0.489500 0.8720 -0.0000
vn -0.489800 0.6168 -0.6161
vn 0.446700 0.3450 -0.8255
vn 0.446700 0.3451 -0.8254
vn 0.446800 0.3451 -0.8254
vn -0.446900 0.3452 -0.8253
vn -0.001000 0.8788 0.4772
vn -0.001000 0.8768 0.4808
vn -0.000900 -0.6970 -0.7171
vn 0.001000 -0.9218 -0.3877
vn -0.356800 -0.8045 -0.4748
vn -0.033900 -0.6775 -0.7347
vn -0.032300 -0.9179 -0.3955
vn -0.016700 -0.6736 -0.7389
vn -0.307900 -0.9511 -0.0235
vn -0.806400 -0.5913 -0.0000
vn -0.949200 -0.3118 0.0429
vn 0.092800 -0.9023 -0.4210
vn 0.001000 -0.6520 -0.7582
vn 0.000800 -0.6285 -0.7778
vn 0.001000 -0.9218 -0.3876
vn -0.000900 0.8788 0.4773
vn -0.000800 -0.6969 -0.7171
vn 0.356800 -0.8045 -0.4749
vn -0.001000 -0.9218 -0.3877
vn -0.008900 -0.6714 -0.7410
vn 0.032200 -0.9218 -0.3863
vn -0.085000 -0.9042 -0.4185
vn -0.016600 -0.6637 -0.7478
vn -0.000800 -0.6285 -0.7778
vn -0.073400 -0.6638 -0.7443
vn 0.307900 -0.9511 -0.0235
vn 0.806500 -0.5913 -0.0000
vn 0.949200 -0.3118 0.0429
vn 0.949200 -0.3118 -0.0429
vn -0.001000 -0.9218 -0.3876
vn -0.000900 0.8788 0.4772
vn -0.000900 0.8768 0.4808
vn -0.001000 0.8788 0.4773
vn -0.000900 0.4917 0.8707
vn -0.000800 0.4918 0.8707
vn -0.000900 0.4918 0.8707
vn -0.001000 0.4917 0.8708
vn -0.001100 0.4917 0.8708
vn 0.274800 0.0008 0.9615
vn 0.483900 0.8436 0.2328
vn 0.483900 0.8456 0.2256
vn 0.479900 0.8475 0.2269
vn 0.478000 0.8475 0.2307
vn 0.249400 -0.7498 0.6129
vn 0.257100 -0.7576 0.6000
vn 0.251200 -0.7537 0.6073
vn 0.264900 -0.7654 0.5865
vn 0.245300 -0.9687 -0.0372
vn 0.245400 -0.9687 -0.0372
vn 0.272700 -0.6696 -0.6908
vn 0.284500 -0.6618 -0.6936
vn 0.300100 -0.6520 -0.6963
vn 0.313800 -0.6442 -0.6975
vn 0.180700 -0.9835 -0.0000
vn 0.181200 -0.9834 -0.0000
vn 0.618800 0.7576 -0.2079
vn 0.599200 0.7693 -0.2216
vn 0.524900 0.8084 -0.2663
vn 0.495600 0.8221 -0.2803
vn 0.386100 -0.5269 -0.7572
vn 0.384100 -0.5289 -0.7568
vn 0.386300 -0.5249 -0.7584
vn -0.583600 -0.7849 -0.2081
vn -0.601100 -0.7987 0.0279
vn -0.601200 -0.7986 0.0278
vn -0.579800 -0.7711 0.2630
vn -0.579400 -0.7715 0.2629
vn -0.583500 0.0009 -0.8121
vn -0.583500 0.6286 -0.5142
vn -0.583600 0.6285 -0.5142
vn -0.605300 0.7496 -0.2677
vn -0.583500 0.8121 -0.0000
vn -0.583400 0.8122 -0.0000
vn -0.583500 0.5660 0.5824
vn -0.583600 0.5660 0.5823
vn -0.583300 0.8122 -0.0000
vn -0.583300 0.8123 -0.0000
vn -0.583700 0.4623 0.6675
vn -0.583500 0.4624 0.6676
vn -0.583600 0.4623 0.6675
vn -0.583600 -0.3138 0.7490
vn -0.583600 -0.3138 0.7489
vn 0.249300 -0.7497 0.6130
vn 0.483800 0.8436 0.2329
vn 0.274600 0.0010 0.9615
vn 0.483900 0.8436 0.2329
vn 0.480000 0.8475 0.2266
vn 0.284400 -0.6617 -0.6937
vn 0.284400 -0.6618 -0.6936
vn 0.272700 -0.6697 -0.6908
vn 0.180600 -0.9836 -0.0000
vn 0.618800 0.7576 -0.2078
vn 0.524900 0.8084 -0.2664
vn 0.384200 -0.5288 -0.7568
vn 0.386100 -0.5250 -0.7585
vn 0.380200 -0.5327 -0.7560
vn 0.380200 -0.5328 -0.7560
vn 0.446800 0.3450 -0.8254
vn -0.274700 0.0009 0.9615
vn -0.478000 0.8475 0.2308
vn -0.483900 0.8456 0.2256
vn -0.480000 0.8475 0.2267
vn -0.483900 0.8436 0.2328
vn -0.249300 -0.7498 0.6130
vn -0.251200 -0.7537 0.6073
vn -0.257100 -0.7575 0.6000
vn -0.264900 -0.7654 0.5865
vn -0.245400 -0.9687 -0.0371
vn -0.245400 -0.9687 -0.0372
vn -0.272700 -0.6696 -0.6908
vn -0.300100 -0.6540 -0.6944
vn -0.284500 -0.6618 -0.6936
vn -0.313800 -0.6442 -0.6975
vn -0.180700 -0.9835 -0.0000
vn -0.180800 -0.9835 -0.0000
vn -0.181200 -0.9834 -0.0000
vn -0.495600 0.8221 -0.2802
vn -0.599200 0.7693 -0.2216
vn -0.524900 0.8084 -0.2663
vn -0.618800 0.7576 -0.2079
vn -0.386100 -0.5249 -0.7586
vn -0.386100 -0.5269 -0.7572
vn -0.384200 -0.5288 -0.7568
vn 0.583600 -0.7849 -0.2080
vn 0.601000 -0.7988 0.0275
vn 0.583600 -0.7849 -0.2081
vn 0.601200 -0.7986 0.0279
vn 0.579800 -0.7711 0.2630
vn 0.579700 -0.7712 0.2630
vn 0.583700 0.6285 -0.5141
vn 0.605200 0.7497 -0.2678
vn 0.605100 0.7497 -0.2678
vn 0.583200 0.8124 -0.0000
vn 0.583500 0.8121 -0.0000
vn 0.583600 0.5660 0.5824
vn 0.583500 0.5660 0.5824
vn 0.583600 0.5660 0.5822
vn 0.583700 0.5660 0.5822
vn 0.583400 0.8122 -0.0000
vn 0.583600 0.4623 0.6675
vn 0.583600 0.4624 0.6676
vn 0.583500 0.4624 0.6676
vn 0.583600 0.4624 0.6675
vn 0.583700 -0.3138 0.7489
vn 0.583500 -0.3138 0.7490
vn 0.583600 -0.3138 0.7489
vn -0.249300 -0.7497 0.6130
vn -0.257100 -0.7576 0.6000
vn -0.245300 -0.9687 -0.0372
vn -0.480000 0.8475 0.2266
vn -0.618800 0.7576 -0.2078
vn -0.478000 0.8475 0.2307
vn -0.384200 -0.5289 -0.7567
vn -0.386100 -0.5250 -0.7585
vn -0.446700 0.3450 -0.8255
vn -0.495600 0.8221 -0.2803
vn -0.446700 0.3451 -0.8254
vn 0.499500 -0.8651 -0.0457
vn -0.965900 -0.2589 -0.0000
vn -0.999900 0.0128 -0.0000
vn -0.865100 0.4995 -0.0457
vn 0.865100 0.4995 -0.0457
vn 0.999900 0.0127 -0.0000
vn 0.965900 -0.2588 -0.0000
vn -0.499600 -0.8651 -0.0457
vn 0.965900 -0.2588 0.0001
vn -0.965900 -0.2588 -0.0001
vn -0.999900 0.0127 -0.0000
vn 0.865100 0.4995 -0.0456
vn 0.965900 -0.2589 -0.0000
vn -0.499500 -0.8651 -0.0456
vn 0.965900 0.2588 -0.0000
vn 0.965900 0.2588 0.0001
vn 0.999700 -0.0225 0.0001
vn 0.865100 -0.4995 -0.0456
vn -0.499500 -0.8651 -0.0457
vn -0.865100 -0.4995 -0.0456
vn -0.999700 -0.0224 -0.0000
vn -0.965900 0.2589 -0.0000
vn -0.965900 0.2588 0.0001
vn 0.499500 -0.8651 -0.0456
vn 0.999700 -0.0224 -0.0000
vn 0.999700 -0.0225 -0.0000
vn 0.865100 -0.4995 -0.0457
vn -0.865100 -0.4995 -0.0457
vn -0.999700 -0.0225 -0.0000
vn -0.965900 0.2588 -0.0000
vn -0.894400 0.3627 0.2617
vn -0.910100 0.2532 0.3281
vn -0.871000 0.4897 0.0397
vn -0.894500 0.1573 0.4185
vn -0.876400 0.4817 -0.0000
vn -0.871000 0.4839 -0.0853
vn -0.874900 0.4115 -0.2554
vn -0.886600 -0.1984 0.4178
vn -0.876800 -0.1104 0.4680
vn -0.876800 -0.2924 0.3817
vn -0.884700 0.3411 -0.3176
vn -0.874800 0.2766 -0.3977
vn -0.880700 0.0617 -0.4695
vn -0.878800 -0.4487 0.1625
vn -0.871000 -0.4272 0.2428
vn -0.871000 -0.4838 0.0853
vn -0.892500 -0.0478 -0.4485
vn -0.880800 -0.1590 -0.4461
vn -0.878800 -0.3607 -0.3124
vn -0.882700 -0.4311 -0.1871
vn -0.874900 -0.4760 -0.0893
vn -0.874800 -0.4018 -0.2706
vn -0.890500 -0.4018 -0.2134
vn -0.878800 -0.4604 -0.1255
vn -0.882800 -0.4642 -0.0725
vn -0.884700 -0.4272 -0.1868
vn -0.882700 -0.3744 -0.2840
vn 0.894400 0.3627 0.2617
vn 0.870900 0.4898 0.0397
vn 0.910100 0.2532 0.3282
vn 0.894500 0.1573 0.4185
vn 0.876400 0.4817 -0.0000
vn 0.871000 0.4839 -0.0853
vn 0.874900 0.4115 -0.2554
vn 0.886700 -0.1984 0.4177
vn 0.876800 -0.1104 0.4680
vn 0.876800 -0.2923 0.3817
vn 0.884900 0.3410 -0.3173
vn 0.874800 0.2766 -0.3977
vn 0.880800 0.0617 -0.4695
vn 0.878800 -0.4487 0.1625
vn 0.871000 -0.4272 0.2428
vn 0.871100 -0.4837 0.0852
vn 0.892500 -0.0479 -0.4486
vn 0.880700 -0.1592 -0.4460
vn 0.878800 -0.3607 -0.3125
vn 0.882700 -0.4311 -0.1871
vn 0.874900 -0.4760 -0.0893
vn 0.874900 -0.4018 -0.2705
vn 0.890500 -0.4018 -0.2134
vn 0.878800 -0.4604 -0.1255
vn 0.882800 -0.4641 -0.0725
vn 0.884700 -0.4272 -0.1868
vn 0.882700 -0.3744 -0.2840
vn -0.000900 0.4995 0.8663
vn -0.000900 0.4996 0.8663
vn -0.000900 -0.4996 0.8663
vn 0.000900 0.4995 -0.8663
vn -0.000900 -0.4995 0.8663
vn 0.000900 0.4996 -0.8663
vn 0.001000 -0.4995 -0.8663
vn -0.001000 -0.4995 -0.8663
vn -0.000800 -0.1319 0.9913
vn -0.000900 0.7927 0.6096
vn -0.001000 -0.9237 0.3830
vn -0.000900 0.9238 -0.3829
vn -0.001000 -0.9238 0.3830
vn -0.000800 -0.7928 -0.6095
vn -0.000900 0.1319 -0.9913
vn -0.000900 -0.7928 -0.6095
vn -0.000800 0.1320 -0.9913
vn 0.417400 0.8612 -0.2900
vn 0.092900 0.9844 -0.1497
vn 0.171100 0.8066 -0.5658
vn 0.527100 0.6347 -0.5651
vn 0.716500 0.6833 -0.1404
vn 0.716500 0.6833 0.1404
vn 0.421300 0.8690 0.2594
vn 0.092900 0.9863 0.1362
vn 0.538600 0.6637 0.5190
vn 0.186700 0.8358 0.5163
vn 0.824100 -0.0166 -0.5663
vn 0.980400 -0.1339 -0.1442
vn 0.933500 0.2101 -0.2905
vn 0.738200 0.3684 -0.5652
vn 0.828000 0.5406 -0.1493
vn 0.941400 0.2121 0.2623
vn 0.980500 -0.1359 0.1423
vn 0.829900 0.5407 0.1379
vn 0.855300 -0.0088 0.5180
vn 0.769200 0.3744 0.5179
vn 0.501500 -0.6559 -0.5641
vn 0.505400 -0.8514 -0.1403
vn 0.745800 -0.5992 -0.2910
vn 0.747800 -0.3471 -0.5659
vn 0.939400 -0.3118 -0.1426
vn 0.751800 -0.6051 0.2621
vn 0.505400 -0.8514 0.1403
vn 0.939400 -0.3118 0.1425
vn 0.526900 -0.6735 0.5185
vn 0.773200 -0.3685 0.5160
vn -0.198400 -0.8006 -0.5654
vn -0.347000 -0.9257 -0.1504
vn 0.001000 -0.9570 -0.2901
vn 0.198400 -0.8006 -0.5654
vn 0.347000 -0.9257 -0.1505
vn 0.346900 -0.9277 0.1379
vn 0.001000 -0.9648 0.2629
vn -0.347100 -0.9276 0.1379
vn 0.196500 -0.8338 0.5159
vn -0.196500 -0.8339 0.5158
vn -0.749800 -0.3451 -0.5646
vn -0.941300 -0.3060 -0.1423
vn -0.747800 -0.5953 -0.2940
vn -0.503400 -0.6540 -0.5647
vn -0.509300 -0.8475 -0.1495
vn -0.755400 -0.6013 0.2604
vn -0.941300 -0.3060 0.1423
vn -0.509800 -0.8492 0.1378
vn -0.773300 -0.3665 0.5174
vn -0.528800 -0.6716 0.5190
vn -0.736000 0.3725 -0.5652
vn -0.826000 0.5445 -0.1458
vn -0.931600 0.2141 -0.2938
vn -0.824100 -0.0128 -0.5663
vn -0.826100 0.5463 0.1383
vn -0.980400 -0.1300 -0.1478
vn -0.941300 0.2160 0.2593
vn -0.769300 0.3764 0.5163
vn -0.982400 -0.1300 0.1341
vn -0.855300 -0.0049 0.5181
vn -0.413500 0.8631 -0.2899
vn -0.712600 0.6853 -0.1504
vn -0.525000 0.6363 -0.5652
vn -0.167100 0.8084 -0.5644
vn -0.087000 0.9844 -0.1532
vn -0.417400 0.8709 0.2593
vn -0.712600 0.6872 0.1412
vn -0.088900 0.9863 0.1388
vn -0.536700 0.6657 0.5185
vn -0.182900 0.8358 0.5177
vn -0.622400 0.7827 -0.0000
vn -0.562100 0.8260 -0.0424
vn -0.624900 0.7807 0.0001
vn -0.378300 0.9257 -0.0000
vn -0.899600 0.4366 0.0001
vn -0.899600 0.4366 -0.0000
vn -0.222000 0.9746 -0.0308
vn -0.284400 0.9587 -0.0000
vn -0.221900 0.9746 -0.0308
vn 0.217800 0.9760 0.0001
vn 0.221900 0.9746 -0.0308
vn -1.000000 0.0029 0.0001
vn -1.000000 0.0029 -0.0000
vn -0.904200 -0.4272 -0.0000
vn 0.622400 0.7827 -0.0000
vn -0.624500 -0.7810 0.0001
vn -0.747800 -0.6637 -0.0159
vn -0.870800 -0.4916 -0.0000
vn -0.679200 -0.7339 -0.0000
vn -0.902200 -0.4311 -0.0107
vn -0.904200 -0.4271 -0.0000
vn -0.624600 -0.7810 -0.0000
vn -0.223900 -0.9746 -0.0087
vn -0.221800 -0.9751 -0.0087
vn 0.223800 -0.9746 -0.0087
vn -0.057800 -0.9980 -0.0239
vn -0.153400 -0.9882 -0.0000
vn -0.057700 -0.9980 -0.0241
vn 0.057700 -0.9980 -0.0241
vn 0.153400 -0.9882 -0.0000
vn 0.624500 -0.7810 -0.0000
vn 0.223900 -0.9746 -0.0088
vn 0.624600 -0.7809 -0.0000
vn 0.624600 -0.7810 -0.0000
vn 0.902200 -0.4311 -0.0106
vn 1.000000 0.0030 -0.0000
vn 0.899600 0.4366 -0.0000
vn 0.899600 0.4367 -0.0000
vn 0.671100 -0.7414 -0.0000
vn 0.741400 -0.6711 -0.0000
vn 0.812300 -0.5816 -0.0431
vn 0.902300 -0.4311 -0.0108
vn 0.865100 -0.5015 -0.0114
vn 0.997900 0.0655 -0.0000
vn 0.986300 0.1632 -0.0231
vn 0.960900 0.2747 -0.0350
vn 0.899700 0.4366 -0.0000
vn 0.931200 0.3645 -0.0000
vn 0.571800 0.8201 -0.0192
vn 0.571800 0.8202 -0.0192
vn 0.487800 0.8729 -0.0087
vn 0.386100 0.9218 -0.0346
vn 0.294300 0.9550 -0.0366
vn 0.294200 0.9550 -0.0366
vn -0.958900 0.2825 -0.0249
vn -0.984400 0.1730 -0.0332
vn -0.997200 0.0752 -0.0000
vn 0.900300 0.4330 -0.0442
vn 0.622700 0.7810 -0.0475
vn 0.622400 0.7827 -0.0001
vn 0.221900 0.9746 -0.0309
vn 0.902300 -0.4310 -0.0108
vn -0.221900 0.9746 -0.0309
vn 0.900300 -0.4330 -0.0442
vn 0.624600 -0.7810 -0.0001
vn -0.622600 0.7811 -0.0475
vn 0.622700 -0.7810 -0.0475
vn -0.622400 0.7827 -0.0001
vn -0.900300 0.4330 -0.0442
vn 0.221900 -0.9746 -0.0308
vn -0.899700 0.4366 -0.0001
vn -0.223900 -0.9746 -0.0088
vn -0.221900 -0.9746 -0.0309
vn -0.624500 -0.7810 -0.0001
vn -0.900300 -0.4330 -0.0442
vn -0.622700 -0.7810 -0.0476
vn -0.902300 -0.4311 -0.0108
vn 0.900100 0.4335 -0.0442
vn 0.622700 0.7810 -0.0474
vn 0.622600 0.7811 -0.0475
vn 0.622700 0.7811 -0.0475
vn 0.221900 0.9746 -0.0307
vn 0.900100 0.4334 -0.0442
vn 0.222000 0.9746 -0.0308
vn -0.622700 0.7810 -0.0476
vn -0.622600 0.7811 -0.0474
vn -0.622700 0.7810 -0.0475
vn -0.622700 0.7810 -0.0474
vn -0.900300 0.4330 -0.0441
vn -0.900300 -0.4331 -0.0442
vn -0.622700 -0.7810 -0.0475
vn -0.622700 -0.7811 -0.0475
vn -0.622600 -0.7811 -0.0475
vn -0.622600 -0.7811 -0.0474
vn -0.221900 -0.9746 -0.0308
vn 0.221900 -0.9746 -0.0307
vn 0.622600 -0.7811 -0.0475
vn 0.622700 -0.7811 -0.0475
vn 0.622700 -0.7810 -0.0474
vn 0.900300 -0.4330 -0.0441
vn 0.900300 -0.4331 -0.0442
vn 0.808400 -0.5875 -0.0365
vn 0.309700 -0.9508 -0.0000
vn -0.309700 -0.9508 -0.0000
vn -0.808400 -0.5875 -0.0365
vn -0.808400 0.5875 -0.0365
vn -0.309800 0.9508 -0.0000
vn 0.309700 0.9508 0.0001
vn 0.808400 0.5875 -0.0365
vn -0.808400 0.5874 -0.0366
vn -0.808400 0.5875 -0.0366
vn -0.309700 0.9508 -0.0000
vn 0.309700 0.9508 -0.0000
vn 0.309800 0.9508 -0.0000
vn 0.808400 0.5875 -0.0366
vn 0.808400 0.5874 -0.0366
vn 0.808400 -0.5874 -0.0366
vn 0.808400 -0.5875 -0.0366
vn 0.309800 -0.9508 -0.0000
vn -0.309800 -0.9508 -0.0000
vn -0.808400 -0.5875 -0.0366
vn -0.808400 -0.5874 -0.0366
vn 0.309800 -0.9508 -0.0001
vn -0.716500 0.0010 0.6976
vn -0.579700 0.4213 0.6975
vn -0.221900 0.6813 0.6976
vn -0.309800 -0.9508 -0.0001
vn 0.221900 0.6813 0.6975
vn -0.001100 0.0009 1.0000
vn 0.221900 0.6813 0.6976
vn 0.579600 0.4213 0.6975
vn 0.716500 0.0009 0.6976
vn 0.716500 0.0010 0.6976
vn 0.579700 -0.4213 0.6975
vn 0.221900 -0.6813 0.6976
vn 0.309800 0.9508 -0.0001
vn -0.221900 -0.6813 0.6975
vn -0.221900 -0.6813 0.6976
vn -0.579700 -0.4213 0.6975
vn -0.309800 -0.9508 0.0001
vn -0.309700 -0.9508 0.0001
vn 0.309700 -0.9508 0.0001
vn 0.309700 0.9508 -0.0001
vn 0.309700 -0.9508 -0.0001
vn -0.000900 0.2023 -0.9793
vn 0.000900 0.2023 -0.9793
vn -0.000800 0.2023 -0.9793
vn -0.001100 0.2024 -0.9793
vn -0.001000 -0.2024 0.9793
vn 0.001100 -0.2024 0.9793
vn -0.001100 -0.2024 0.9793
vn -0.000700 -0.2023 0.9793
vn -0.001000 -0.2023 0.9793
vn -0.000900 -0.2023 0.9793
vn 0.001000 0.2023 -0.9793
vn -0.001000 0.2024 -0.9793
vn 0.000900 -0.2023 0.9793
vn -0.000900 -0.2024 0.9793
vn 0.001000 -0.2023 0.9793
vn -0.000900 -0.2023 -0.9793
vn -0.001000 -0.2023 -0.9793
vn 0.000900 -0.2023 -0.9793
vn -0.000800 -0.2023 -0.9793
vn -0.001100 -0.2024 -0.9793
vn -0.001000 0.2024 0.9793
vn -0.000900 0.2023 0.9793
vn 0.001000 0.2023 0.9793
vn 0.001100 -0.2024 -0.9793
vn 0.000800 -0.2023 -0.9793
vn 0.000900 0.2023 0.9793
vn -0.000800 0.2023 0.9793
vn 0.000800 0.2023 0.9793
vn 0.001000 0.2024 0.9793
vn -0.499500 0.8475 0.1795
vn -0.499500 -0.8475 -0.1795
vn 0.499500 0.8475 0.1795
vn 0.499500 -0.8475 -0.1795
vn 1.000000 -0.0009 -0.0001
vn -0.499500 -0.8475 -0.1794
vn -1.000000 -0.0009 -0.0001
vn -0.499500 -0.8475 0.1795
vn -0.499500 0.8475 -0.1795
vn 0.499500 -0.8475 0.1795
vn 0.499500 0.8475 -0.1795
vn 1.000000 -0.0008 -0.0000
vn 0.499500 -0.8475 0.1794
vn 1.000000 -0.0009 0.0001
vn -1.000000 -0.0008 -0.0000
vn -0.000900 -0.7928 0.6095
vn -0.000800 0.1319 0.9913
vn -0.000900 -0.7927 0.6096
vn -0.001000 -0.9237 -0.3831
vn -0.000900 0.9238 0.3829
vn -0.001000 -0.9238 -0.3830
vn -0.001000 0.9237 0.3830
vn -0.000900 -0.1319 -0.9913
vn -0.000800 0.7928 -0.6095
vn -0.000800 -0.1319 -0.9913
vn -0.001000 -0.8299 -0.5579
vn -0.000900 -0.8299 -0.5579
vn -0.000900 -0.9433 0.3320
vn -0.000900 -0.5582 0.8297
vn -0.001000 -0.5581 0.8297
vn -0.000800 0.0459 0.9989
vn -0.001000 -0.5582 0.8297
vn -0.000900 0.0459 0.9989
vn -0.000900 0.8299 0.5579
vn -0.001000 0.8299 0.5579
vn 0.001100 0.8300 0.5578
vn 0.000900 0.8299 0.5579
vn 0.001000 0.9022 -0.4312
vn 0.001000 0.5581 -0.8297
vn -0.000900 0.5582 -0.8297
vn 0.001000 0.5582 -0.8297
vn -0.000800 0.0596 -0.9982
vn -0.001000 0.5582 -0.8297
vn -0.001000 0.0596 -0.9982
vn -0.000900 -0.5621 -0.8271
vn -0.001000 0.5621 -0.8271
vn -0.000900 0.5621 -0.8271
vn -0.000900 0.8299 -0.5579
vn -0.001000 0.8299 -0.5579
vn -0.000900 0.9433 0.3320
vn -0.001000 0.9433 0.3319
vn -0.001000 0.5581 0.8297
vn -0.001000 0.5582 0.8297
vn -0.000900 -0.0459 0.9989
vn 0.000900 -0.8299 0.5579
vn -0.000900 -0.8299 0.5579
vn 0.001000 -0.9022 -0.4312
vn 0.001000 -0.5581 -0.8297
vn -0.001000 -0.5582 -0.8297
vn 0.001000 -0.5582 -0.8297
vn -0.000900 -0.5582 -0.8297
vn -0.001000 -0.0596 -0.9982
vn -0.000900 -0.0596 -0.9982
vn -0.001000 -0.5621 -0.8271
vn -0.001000 -0.2024 -0.9793
vn -0.001000 0.3138 0.9495
vn 0.001000 0.3138 0.9495
vn -0.001000 0.9785 0.2062
vn 0.001000 0.9785 0.2062
vn -0.000900 -0.6656 0.7463
vn -0.001000 0.6657 -0.7462
vn 0.001000 0.6656 -0.7463
vn -0.001000 -0.9785 -0.2063
vn 0.000900 0.6656 -0.7463
vn -0.001000 -0.3137 -0.9495
vn -0.001000 -0.3138 -0.9495
vn 0.001000 -0.9785 0.2063
vn 0.001000 -0.3138 0.9495
vn -0.001000 -0.9785 0.2063
vn -0.001000 -0.3138 0.9495
vn -0.000900 -0.6656 -0.7463
vn -0.001000 0.6657 0.7462
vn 0.001000 -0.6657 -0.7462
vn -0.001000 0.3138 -0.9495
vn -0.000900 0.6657 0.7462
vn -0.001000 0.9785 -0.2063
vn -0.000900 0.3138 -0.9495
vn -0.001000 0.9785 -0.2062
vn -1.000000 0.0001 -0.0002
vn 0.499600 0.8475 0.1795
vn -0.500000 -0.8472 -0.1795
vn -0.500100 -0.8472 -0.1795
vn 0.499500 -0.8475 -0.1794
vn -0.442500 -0.1810 0.8783
vn -0.221800 0.1945 0.9555
vn -0.221800 0.1944 0.9555
vn 0.221900 0.1945 0.9555
vn -0.221900 -0.5562 0.8009
vn -0.442600 -0.1811 0.8783
vn 0.221900 -0.5562 0.8009
vn -0.221800 -0.5562 0.8009
vn 0.222000 -0.5561 0.8009
vn 0.442800 -0.1809 0.8782
vn 0.442700 -0.1810 0.8782
vn 0.499500 0.8475 0.1794
vn 0.500000 0.8472 0.1795
vn -0.499600 0.8475 0.1795
vn -0.500000 -0.8472 -0.1794
vn 0.221900 0.1946 0.9555
vn 0.499900 0.8473 0.1794
vn -0.221900 0.1946 0.9555
vn 0.442600 -0.1810 0.8782
vn 0.221800 -0.5562 0.8009
vn -0.442700 -0.1809 0.8782
vn -0.222000 0.1946 0.9554
vn -0.442700 -0.1810 0.8782
vn -0.500000 -0.8472 0.1795
vn -1.000000 0.0009 -0.0002
vn 0.500000 0.8472 -0.1794
vn -0.442700 0.1809 0.8782
vn -0.500100 -0.8472 0.1794
vn -0.221800 -0.1945 0.9555
vn -0.221900 -0.1944 0.9555
vn 0.221900 -0.1946 0.9555
vn 0.222000 -0.1946 0.9554
vn 0.221900 -0.1945 0.9555
vn -0.221800 0.5562 0.8009
vn 0.221900 0.5562 0.8009
vn 0.442800 0.1809 0.8782
vn 0.442700 0.1810 0.8782
vn 0.500000 0.8472 -0.1795
vn 1.000000 0.0001 0.0002
vn 1.000000 0.0001 0.0003
vn -0.499500 -0.8475 0.1796
vn 0.500000 0.8473 -0.1794
vn -0.499400 -0.8476 0.1794
vn -0.222000 -0.1946 0.9554
vn 0.442800 0.1808 0.8782
vn 1.000000 -0.0000 0.0002
vn 0.442700 0.1809 0.8782
vn 0.499900 0.8473 -0.1795
vn -0.221900 0.5562 0.8009
vn -0.442700 0.1810 0.8782
vn -0.442600 0.1810 0.8783
vn -0.442600 0.1810 0.8782
vn -0.000900 0.8651 0.5015
vn -0.000900 0.8652 0.5015
vn -0.001000 0.8651 -0.5016
vn -0.000900 -0.8652 0.5015
vn -0.001000 -0.8651 0.5016
vn -0.000900 -0.8651 -0.5016
vn -0.001000 -0.8651 -0.5016
vn -0.001000 0.8651 0.5016
vn -0.001000 0.8660 0.5000
vn -0.001000 0.8651 -0.5015
vn -0.001000 0.8651 -0.5017
vn -0.001000 -0.8660 -0.5000
vn -0.000900 0.8651 -0.5016
vn -0.000900 0.8660 0.5000
vn -0.000900 -0.8660 -0.5000
vn 0.915900 0.3490 0.1983
vn 0.915900 -0.0010 0.4013
vn 0.915900 0.0010 0.4014
vn 0.915900 0.3490 -0.1982
vn 0.915900 -0.3490 0.1982
vn 0.915900 -0.0010 -0.4013
vn 0.915900 -0.3490 -0.1982
vn 0.915900 -0.0010 -0.4014
vt 0.279692 0.182927
vt 0.217232 0.182927
vt 0.279692 0.172990
vt 0.217232 0.172990
vt 0.195376 0.182927
vt 0.195376 0.172990
vt 0.093815 0.242315
vt 0.087017 0.242547
vt 0.093835 0.231707
vt 0.087036 0.231939
vt 0.020399 0.242315
vt 0.020419 0.231707
vt 0.854488 0.305781
vt 0.844515 0.305781
vt 0.854488 0.294941
vt 0.844515 0.294941
vt 0.171804 0.110590
vt 0.151734 0.101626
vt 0.159214 0.113976
vt 0.151606 0.110770
vt 0.088200 0.127823
vt 0.091167 0.117915
vt 0.082937 0.101626
vt 0.079329 0.111706
vt 0.834612 0.303975
vt 0.831214 0.291430
vt 0.843608 0.283977
vt 0.834431 0.283849
vt 0.817316 0.220673
vt 0.827260 0.223629
vt 0.833492 0.211834
vt 0.843608 0.215428
vt 0.541704 0.973351
vt 0.523572 0.973351
vt 0.541704 0.983288
vt 0.523572 0.983288
vt 0.713962 0.425926
vt 0.713962 0.407859
vt 0.723935 0.425926
vt 0.723935 0.407859
vt 0.224388 0.136856
vt 0.244749 0.136856
vt 0.242230 0.156730
vt 0.244749 0.149202
vt 0.777932 0.484615
vt 0.786147 0.484643
vt 0.777425 0.483311
vt 0.246147 0.148399
vt 0.246147 0.136856
vt 0.799184 0.483348
vt 0.799184 0.468773
vt 0.787215 0.483348
vt 0.785251 0.483298
vt 0.787215 0.468774
vt 0.785251 0.468825
vt 0.777425 0.468813
vt 0.777924 0.467501
vt 0.976881 0.580196
vt 0.976881 0.568654
vt 0.975483 0.581000
vt 0.786147 0.467480
vt 0.975483 0.568654
vt 0.972964 0.588528
vt 0.955122 0.568654
vt 0.103875 0.603884
vt 0.102901 0.602922
vt 0.118247 0.603884
vt 0.119220 0.583107
vt 0.119220 0.602922
vt 0.102901 0.583107
vt 0.002267 0.842367
vt 0.018586 0.842367
vt 0.002267 0.869384
vt 0.017612 0.870370
vt 0.003240 0.870370
vt 0.018586 0.869384
vt 0.194439 0.191960
vt 0.197189 0.188347
vt 0.165458 0.191960
vt 0.194439 0.184734
vt 0.165458 0.184734
vt 0.624207 0.640925
vt 0.624698 0.641825
vt 0.624207 0.635497
vt 0.628740 0.641825
vt 0.628740 0.634598
vt 0.624698 0.634598
vt 0.990480 0.957091
vt 0.995014 0.957091
vt 0.990480 0.985962
vt 0.995014 0.985962
vt 0.671351 0.370931
vt 0.671351 0.400631
vt 0.672369 0.371089
vt 0.672369 0.400632
vt 0.995014 0.990515
vt 0.990480 0.990515
vt 0.675434 0.368972
vt 0.675430 0.368112
vt 0.678498 0.371089
vt 0.678498 0.400632
vt 0.526292 0.145890
vt 0.526292 0.141337
vt 0.521759 0.145890
vt 0.679510 0.370931
vt 0.521759 0.141337
vt 0.679510 0.400631
vt 0.521759 0.112466
vt 0.526292 0.112466
vt 0.504533 0.649955
vt 0.504533 0.645438
vt 0.509066 0.649955
vt 0.509066 0.645438
vt 0.529012 0.849594
vt 0.533545 0.849594
vt 0.529012 0.854110
vt 0.533545 0.854110
vt 0.092898 0.308491
vt 0.095648 0.304878
vt 0.063917 0.308491
vt 0.092898 0.301265
vt 0.063917 0.301265
vt 0.712149 0.327462
vt 0.712149 0.356338
vt 0.719402 0.327462
vt 0.715775 0.359079
vt 0.719402 0.356338
vt 0.361287 0.240741
vt 0.361287 0.236224
vt 0.368540 0.240741
vt 0.368540 0.236224
vt 0.200816 0.387986
vt 0.200816 0.383469
vt 0.229828 0.387986
vt 0.229828 0.383469
vt 0.582502 0.827913
vt 0.582502 0.822493
vt 0.577969 0.827913
vt 0.577969 0.822493
vt 0.751133 0.614725
vt 0.756573 0.614725
vt 0.751133 0.619241
vt 0.756573 0.619241
vt 0.658658 0.100723
vt 0.663191 0.100723
vt 0.658658 0.129630
vt 0.663191 0.129630
vt 0.312330 0.210930
vt 0.291478 0.210930
vt 0.312330 0.217060
vt 0.291478 0.217060
vt 0.312330 0.218157
vt 0.704962 0.007678
vt 0.711242 0.007678
vt 0.704962 0.006620
vt 0.711242 0.006620
vt 0.291478 0.218157
vt 0.703989 0.007149
vt 0.871714 0.225384
vt 0.892412 0.225384
vt 0.871714 0.230418
vt 0.704962 0.001864
vt 0.893472 0.225414
vt 0.893351 0.230755
vt 0.711242 0.005155
vt 0.711242 0.000452
vt 0.892380 0.230402
vt 0.871716 0.231707
vt 0.656845 0.010388
vt 0.656859 0.004238
vt 0.657879 0.010231
vt 0.892515 0.231651
vt 0.657879 0.004065
vt 0.663507 0.004065
vt 0.678604 0.010231
vt 0.678604 0.004065
vt 0.299637 0.179313
vt 0.299637 0.164058
vt 0.293835 0.179313
vt 0.293835 0.164058
vt 0.291478 0.179313
vt 0.291478 0.158372
vt 0.293835 0.157633
vt 0.292275 0.157633
vt 0.147325 0.298555
vt 0.147325 0.303071
vt 0.151859 0.298555
vt 0.151859 0.303071
vt 0.106528 0.257001
vt 0.101995 0.257001
vt 0.106528 0.253388
vt 0.101995 0.253388
vt 0.365820 0.253274
vt 0.361287 0.254291
vt 0.365820 0.249774
vt 0.361287 0.249774
vt 0.754760 0.603884
vt 0.759293 0.603884
vt 0.754760 0.608401
vt 0.759293 0.608401
vt 0.662285 0.510840
vt 0.657752 0.510840
vt 0.662285 0.507340
vt 0.657752 0.506323
vt 0.075703 0.583107
vt 0.075703 0.587624
vt 0.080236 0.583107
vt 0.080236 0.587624
vt 0.254306 0.453026
vt 0.277879 0.453026
vt 0.254306 0.457543
vt 0.277879 0.457543
vt 0.700363 0.905601
vt 0.700363 0.929088
vt 0.705802 0.905601
vt 0.705802 0.929088
vt 0.515413 0.381662
vt 0.491840 0.381662
vt 0.515413 0.377145
vt 0.491840 0.377145
vt 0.428377 0.324752
vt 0.404805 0.324752
vt 0.428377 0.319332
vt 0.404805 0.319332
vt 0.806437 0.338302
vt 0.806437 0.344625
vt 0.813690 0.338302
vt 0.813690 0.344625
vt 0.018586 0.451219
vt 0.025839 0.451219
vt 0.018586 0.444896
vt 0.025839 0.444896
vt 0.043064 0.470190
vt 0.043064 0.465673
vt 0.049411 0.470190
vt 0.049411 0.465673
vt 0.564370 0.169377
vt 0.564370 0.164860
vt 0.557117 0.169377
vt 0.557117 0.164860
vt 0.441070 0.674345
vt 0.441070 0.678862
vt 0.434723 0.674345
vt 0.434723 0.678862
vt 0.606074 0.534327
vt 0.610607 0.534327
vt 0.606074 0.541554
vt 0.610607 0.541554
vt 0.757480 0.945348
vt 0.739377 0.916577
vt 0.757480 0.788166
vt 0.739347 0.788170
vt 0.337715 0.246161
vt 0.179964 0.246161
vt 0.308840 0.264198
vt 0.179968 0.264228
vt 0.738441 0.989612
vt 0.706709 0.989612
vt 0.738441 0.832430
vt 0.706709 0.832430
vt 0.702829 0.641895
vt 0.735721 0.641825
vt 0.702176 0.672255
vt 0.735068 0.672184
vt 0.702829 0.802620
vt 0.735721 0.802549
vt 0.617860 0.052846
vt 0.586129 0.052846
vt 0.617860 0.034779
vt 0.586129 0.034779
vt 0.905258 0.192846
vt 0.897132 0.192862
vt 0.905258 0.106143
vt 0.897132 0.106159
vt 0.911108 0.742366
vt 0.911778 0.710682
vt 0.899833 0.742213
vt 0.900479 0.710479
vt 0.383537 0.608612
vt 0.381233 0.607780
vt 0.381317 0.609627
vt 0.899819 0.744094
vt 0.900173 0.799910
vt 0.911164 0.744068
vt 0.911538 0.799847
vt 0.918263 0.837007
vt 0.918901 0.805056
vt 0.907078 0.836874
vt 0.907688 0.804863
vt 0.505024 0.152884
vt 0.512466 0.152884
vt 0.513371 0.146793
vt 0.516872 0.149434
vt 0.548957 0.149434
vt 0.548957 0.146793
vt 0.584543 0.146793
vt 0.581043 0.149434
vt 0.585449 0.152884
vt 0.592891 0.152884
vt 0.907072 0.838783
vt 0.907910 0.894761
vt 0.918259 0.838692
vt 0.919121 0.894609
vt 0.257026 0.055556
vt 0.257026 0.046383
vt 0.202635 0.055556
vt 0.237277 0.032069
vt 0.202629 0.032069
vt 0.044452 0.354587
vt 0.039146 0.354565
vt 0.044452 0.439474
vt 0.039146 0.439452
vt 0.037880 0.354562
vt 0.037880 0.439449
vt 0.022971 0.439453
vt 0.004080 0.411763
vt 0.004080 0.354572
vt 0.269716 0.121123
vt 0.183631 0.121123
vt 0.269719 0.126589
vt 0.183633 0.126589
vt 0.269719 0.127884
vt 0.183590 0.127884
vt 0.262137 0.133869
vt 0.203952 0.133521
vt 0.183631 0.143599
vt 0.203905 0.144904
vt 0.262142 0.159987
vt 0.269718 0.162150
vt 0.212380 0.162150
vt 0.225086 0.159987
vt 0.062663 0.439454
vt 0.062663 0.354567
vt 0.045854 0.439476
vt 0.045854 0.354589
vt 0.397552 0.022890
vt 0.399063 0.019422
vt 0.433353 0.026649
vt 0.433284 0.023015
vt 0.458296 0.022887
vt 0.457070 0.019422
vt 0.581596 0.995935
vt 0.556210 0.995935
vt 0.580382 0.999548
vt 0.557424 0.999548
vt 0.979601 0.506323
vt 0.980189 0.509937
vt 0.991387 0.506323
vt 0.989739 0.509921
vt 0.714869 0.193667
vt 0.629681 0.193667
vt 0.714864 0.229103
vt 0.629672 0.264539
vt 0.714860 0.264539
vt 0.570255 0.162440
vt 0.548957 0.162440
vt 0.580410 0.168042
vt 0.596102 0.170699
vt 0.591200 0.176561
vt 0.591200 0.210930
vt 0.580410 0.210930
vt 0.527660 0.162440
vt 0.517504 0.168041
vt 0.501813 0.170699
vt 0.506715 0.176561
vt 0.517504 0.210930
vt 0.506715 0.210930
vt 0.895578 0.192864
vt 0.878060 0.192854
vt 0.895578 0.106161
vt 0.878060 0.106151
vt 0.629677 0.191234
vt 0.714865 0.191234
vt 0.629646 0.183830
vt 0.714834 0.183830
vt 0.865367 0.146662
vt 0.864281 0.145890
vt 0.861184 0.156180
vt 0.860384 0.154215
vt 0.859927 0.156688
vt 0.859933 0.191958
vt 0.861190 0.191958
vt 0.861195 0.227736
vt 0.859938 0.227227
vt 0.860395 0.229701
vt 0.865367 0.237258
vt 0.864281 0.238031
vt 0.478032 0.528004
vt 0.479148 0.527231
vt 0.474171 0.519654
vt 0.475004 0.517689
vt 0.473718 0.517181
vt 0.474994 0.446172
vt 0.473708 0.446681
vt 0.474160 0.444207
vt 0.478032 0.435863
vt 0.479148 0.436635
vt 0.714855 0.266938
vt 0.629668 0.266938
vt 0.394972 0.934206
vt 0.398459 0.935411
vt 0.394832 0.879818
vt 0.398459 0.878500
vt 0.818223 0.917704
vt 0.818224 0.907130
vt 0.833678 0.918070
vt 0.842254 0.907130
vt 0.839561 0.922764
vt 0.857441 0.919565
vt 0.847725 0.897011
vt 0.857441 0.832016
vt 0.848099 0.855233
vt 0.839561 0.828817
vt 0.842254 0.844936
vt 0.833678 0.833511
vt 0.818223 0.833877
vt 0.818224 0.844451
vt 0.712149 0.393405
vt 0.712149 0.387985
vt 0.716682 0.396116
vt 0.721215 0.393405
vt 0.716682 0.385276
vt 0.721215 0.387985
vt 0.441070 0.299458
vt 0.436537 0.302168
vt 0.441070 0.294038
vt 0.432004 0.299458
vt 0.432004 0.294038
vt 0.436537 0.291328
vt 0.607887 0.009485
vt 0.610607 0.004968
vt 0.602448 0.009485
vt 0.607887 0.000452
vt 0.599728 0.004968
vt 0.602448 0.000452
vt 0.176337 0.444896
vt 0.173617 0.440379
vt 0.173617 0.449413
vt 0.168177 0.440379
vt 0.165458 0.444896
vt 0.168177 0.449413
vt 0.528105 0.122706
vt 0.555379 0.141373
vt 0.528105 0.099819
vt 0.591283 0.129735
vt 0.594829 0.135826
vt 0.611514 0.141373
vt 0.601920 0.135826
vt 0.605466 0.129735
vt 0.611506 0.099819
vt 0.605466 0.111842
vt 0.601920 0.123643
vt 0.601920 0.117933
vt 0.601920 0.105751
vt 0.594829 0.117933
vt 0.594829 0.123643
vt 0.591283 0.111842
vt 0.594829 0.105751
vt 0.800091 0.770021
vt 0.809947 0.770096
vt 0.800091 0.685185
vt 0.809947 0.685261
vt 0.830429 0.770098
vt 0.850911 0.770099
vt 0.850911 0.685265
vt 0.860834 0.685191
vt 0.860834 0.770026
vt 0.679510 0.152213
vt 0.762911 0.152213
vt 0.746234 0.146282
vt 0.679510 0.129326
vt 0.753325 0.146282
vt 0.756871 0.140191
vt 0.742688 0.140191
vt 0.762919 0.110659
vt 0.742688 0.122298
vt 0.746234 0.128389
vt 0.746234 0.134099
vt 0.753325 0.134099
vt 0.753325 0.128389
vt 0.756871 0.122298
vt 0.753325 0.116206
vt 0.746234 0.116206
vt 0.706785 0.110659
vt 0.863554 0.840333
vt 0.863554 0.911248
vt 0.782462 0.552394
vt 0.784252 0.553117
vt 0.762383 0.552395
vt 0.784252 0.587729
vt 0.760615 0.587730
vt 0.760615 0.553359
vt 0.784252 0.593967
vt 0.760615 0.593968
vt 0.760615 0.606488
vt 0.784252 0.606487
vt 0.784252 0.612724
vt 0.760615 0.612725
vt 0.784252 0.631695
vt 0.760615 0.631696
vt 0.619674 0.025745
vt 0.655032 0.025745
vt 0.619674 0.064589
vt 0.655032 0.064589
vt 0.949683 0.785456
vt 0.914325 0.785456
vt 0.949683 0.729449
vt 0.914325 0.729449
vt 0.201723 0.022132
vt 0.172711 0.022132
vt 0.201723 0.057362
vt 0.172711 0.057362
vt 0.790118 0.645893
vt 0.790118 0.684280
vt 0.754760 0.645894
vt 0.754760 0.684282
vt 0.233454 0.518641
vt 0.243872 0.499915
vt 0.256031 0.535712
vt 0.262145 0.503670
vt 0.283253 0.508806
vt 0.274439 0.495483
vt 0.312366 0.536630
vt 0.830920 0.099612
vt 0.830938 0.097683
vt 0.846492 0.099748
vt 0.845957 0.097736
vt 0.845969 0.066601
vt 0.830941 0.066641
vt 0.846511 0.064589
vt 0.830916 0.064705
vt 0.059282 0.521448
vt 0.050507 0.508130
vt 0.038209 0.516280
vt 0.847438 0.097753
vt 0.323347 0.517008
vt 0.887450 0.099636
vt 0.847451 0.066587
vt 0.886777 0.097741
vt 0.886791 0.066645
vt 0.888000 0.097749
vt 0.330920 0.528675
vt 0.901632 0.099819
vt 0.326747 0.541860
vt 0.333499 0.568654
vt 0.334668 0.553899
vt 0.365513 0.547380
vt 0.888013 0.066640
vt 0.901372 0.097795
vt 0.887466 0.064753
vt 0.801909 0.048473
vt 0.803765 0.049232
vt 0.803765 0.047830
vt 0.801923 0.034667
vt 0.901376 0.066606
vt 0.837202 0.049232
vt 0.099315 0.529716
vt 0.088305 0.549286
vt 0.901627 0.064589
vt 0.106855 0.541379
vt 0.837202 0.047830
vt 0.839062 0.048473
vt 0.803777 0.034975
vt 0.032036 0.548259
vt 0.009519 0.531170
vt 0.019964 0.512494
vt 0.837214 0.034975
vt 0.803777 0.033572
vt 0.801904 0.021229
vt 0.102659 0.554536
vt 0.839075 0.034667
vt 0.837214 0.033572
vt 0.110547 0.566571
vt 0.109349 0.581301
vt 0.135099 0.550581
vt 0.141371 0.560123
vt 0.156121 0.556507
vt 0.803762 0.022934
vt 0.837199 0.022934
vt 0.839057 0.021229
vt 0.748553 0.185969
vt 0.746600 0.184734
vt 0.748746 0.184987
vt 0.779807 0.184993
vt 0.780001 0.185976
vt 0.781958 0.184734
vt 0.779966 0.213284
vt 0.781905 0.214167
vt 0.746626 0.214145
vt 0.359214 0.537836
vt 0.150088 0.547329
vt 0.171946 0.546042
vt 0.748562 0.213265
vt 0.374215 0.534534
vt 0.380273 0.543714
vt 0.748820 0.214598
vt 0.752245 0.229271
vt 0.779706 0.214623
vt 0.774478 0.228327
vt 0.776238 0.229299
vt 0.165913 0.536864
vt 0.177149 0.542601
vt 0.390035 0.524020
vt 0.396094 0.533201
vt 0.397493 0.523983
vt 0.401296 0.529744
vt 0.411737 0.522806
vt 0.754007 0.228307
vt 0.754285 0.229800
vt 0.752405 0.248234
vt 0.774195 0.229823
vt 0.774113 0.247378
vt 0.776015 0.248275
vt 0.754313 0.247349
vt 0.754282 0.248655
vt 0.752110 0.255641
vt 0.774139 0.248682
vt 0.774243 0.254720
vt 0.754165 0.254689
vt 0.754140 0.256171
vt 0.776295 0.255708
vt 0.173363 0.536840
vt 0.183807 0.529933
vt 0.187593 0.535693
vt 0.192796 0.532252
vt 0.186763 0.523074
vt 0.776249 0.267976
vt 0.775944 0.275380
vt 0.774057 0.274953
vt 0.221668 0.513157
vt 0.774255 0.256212
vt 0.752082 0.267906
vt 0.407935 0.517044
vt 0.774221 0.267443
vt 0.754119 0.267399
vt 0.410881 0.510168
vt 0.416939 0.519349
vt 0.754137 0.268890
vt 0.752373 0.275334
vt 0.774190 0.268925
vt 0.432979 0.495483
vt 0.445603 0.500301
vt 0.752186 0.315914
vt 0.752337 0.302161
vt 0.754129 0.316509
vt 0.754254 0.274917
vt 0.754298 0.276218
vt 0.754265 0.302738
vt 0.754274 0.301617
vt 0.773949 0.302637
vt 0.773901 0.316621
vt 0.775791 0.316210
vt 0.773960 0.301654
vt 0.775808 0.302438
vt 0.209050 0.508130
vt 0.774009 0.276246
vt 0.774989 0.275487
vt 0.722406 0.285253
vt 0.721682 0.280488
vt 0.718937 0.289676
vt 0.709301 0.280488
vt 0.742067 0.997742
vt 0.742259 0.994707
vt 0.754617 0.997742
vt 0.711083 0.296448
vt 0.723028 0.315392
vt 0.754760 0.994707
vt 0.742259 0.950190
vt 0.958651 0.346327
vt 0.960562 0.343310
vt 0.958636 0.343038
vt 0.754760 0.950190
vt 0.960562 0.299006
vt 0.942320 0.343090
vt 0.942336 0.346410
vt 0.754617 0.947155
vt 0.742067 0.947154
vt 0.958639 0.299277
vt 0.958651 0.296000
vt 0.942329 0.299209
vt 0.929241 0.343095
vt 0.710234 0.309686
vt 0.929125 0.346432
vt 0.841923 0.158537
vt 0.829542 0.158537
vt 0.832287 0.167724
vt 0.828818 0.163302
vt 0.840141 0.174496
vt 0.942352 0.295891
vt 0.828196 0.193441
vt 0.717214 0.317090
vt 0.123708 0.361789
vt 0.123753 0.367920
vt 0.120247 0.362031
vt 0.929141 0.295845
vt 0.840990 0.187734
vt 0.929246 0.299188
vt 0.923239 0.346069
vt 0.707616 0.315033
vt 0.923728 0.342910
vt 0.120223 0.367483
vt 0.714842 0.319332
vt 0.123006 0.371339
vt 0.921587 0.343094
vt 0.123379 0.379855
vt 0.119925 0.379848
vt 0.923724 0.299365
vt 0.923233 0.296190
vt 0.834010 0.195139
vt 0.843608 0.193082
vt 0.921578 0.299180
vt 0.119789 0.372124
vt 0.075875 0.379837
vt 0.072076 0.367913
vt 0.072112 0.361789
vt 0.075592 0.367482
vt 0.075569 0.362031
vt 0.072415 0.379844
vt 0.076021 0.372113
vt 0.119907 0.369970
vt 0.836382 0.197380
vt 0.072799 0.371335
vt 0.075903 0.369965
vt 0.518132 0.616802
vt 0.519606 0.613821
vt 0.518132 0.660524
vt 0.524479 0.663505
vt 0.519606 0.663505
vt 0.524479 0.613821
vt 0.140979 0.777326
vt 0.091115 0.777326
vt 0.140979 0.783650
vt 0.091115 0.783650
vt 0.793744 0.031165
vt 0.743880 0.031165
vt 0.793744 0.057684
vt 0.746872 0.059169
vt 0.790753 0.059169
vt 0.743880 0.057684
vt 0.317770 0.222278
vt 0.315244 0.219061
vt 0.300380 0.228997
vt 0.299909 0.224061
vt 0.006801 0.025745
vt 0.008636 0.026411
vt 0.006800 0.041632
vt 0.286945 0.222859
vt 0.008635 0.040822
vt 0.011112 0.026411
vt 0.047819 0.026411
vt 0.288626 0.219061
vt 0.505440 0.958843
vt 0.505440 0.954381
vt 0.503677 0.958898
vt 0.050294 0.040822
vt 0.050295 0.026411
vt 0.052129 0.041632
vt 0.052131 0.025745
vt 0.008635 0.042715
vt 0.006801 0.053711
vt 0.446930 0.680036
vt 0.451949 0.695315
vt 0.441976 0.680505
vt 0.448720 0.697832
vt 0.448136 0.667118
vt 0.050294 0.042715
vt 0.008636 0.053336
vt 0.503677 0.954436
vt 0.008636 0.054652
vt 0.050295 0.053336
vt 0.451949 0.668794
vt 0.052130 0.053711
vt 0.461922 0.958844
vt 0.463684 0.958898
vt 0.461922 0.954381
vt 0.463684 0.954436
vt 0.050295 0.054652
vt 0.195376 0.772809
vt 0.195468 0.779531
vt 0.208976 0.772809
vt 0.207900 0.780036
vt 0.989574 0.099819
vt 0.989574 0.113369
vt 0.982828 0.099911
vt 0.982321 0.112298
vt 0.604261 0.030262
vt 0.560743 0.030262
vt 0.604261 0.011292
vt 0.560743 0.011292
vt 0.408432 0.496438
vt 0.409433 0.498193
vt 0.408432 0.456588
vt 0.424751 0.498193
vt 0.424751 0.454833
vt 0.409433 0.454833
vt 0.498187 0.247967
vt 0.454669 0.247967
vt 0.498187 0.234417
vt 0.454669 0.234417
vt 0.979601 0.580397
vt 0.979601 0.537037
vt 0.985947 0.580397
vt 0.985947 0.537037
vt 0.247053 0.108853
vt 0.247053 0.065492
vt 0.234361 0.108853
vt 0.234361 0.065492
vt 0.720308 0.275971
vt 0.728468 0.275971
vt 0.720309 0.267841
vt 0.728468 0.267841
vt 0.606981 0.182927
vt 0.606981 0.174797
vt 0.598821 0.182926
vt 0.598821 0.174797
vt 0.390299 0.333785
vt 0.390299 0.341915
vt 0.382140 0.333785
vt 0.382140 0.341915
vt 0.488214 0.961608
vt 0.488214 0.969738
vt 0.480055 0.961608
vt 0.480054 0.969738
vt 0.371864 0.486076
vt 0.371864 0.468067
vt 0.347688 0.486346
vt 0.347688 0.468336
vt 0.895593 0.535490
vt 0.893536 0.535719
vt 0.894520 0.537049
vt 0.900976 0.543992
vt 0.876011 0.553443
vt 0.872939 0.568843
vt 0.902271 0.545419
vt 0.872905 0.571416
vt 0.902920 0.543593
vt 0.879684 0.835651
vt 0.903445 0.833324
vt 0.885662 0.845077
vt 0.903247 0.845077
vt 0.876766 0.833324
vt 0.905258 0.546229
vt 0.874834 0.831527
vt 0.903203 0.831527
vt 0.874433 0.832131
vt 0.905254 0.548742
vt 0.891810 0.560643
vt 0.890612 0.575213
vt 0.904453 0.590326
vt 0.896682 0.597356
vt 0.965342 0.357272
vt 0.976352 0.357193
vt 0.964778 0.356613
vt 0.905258 0.590066
vt 0.905220 0.588287
vt 0.963282 0.355528
vt 0.963326 0.302681
vt 0.975881 0.356609
vt 0.977788 0.355795
vt 0.965227 0.302851
vt 0.964793 0.301271
vt 0.975917 0.302760
vt 0.977788 0.302488
vt 0.334995 0.035682
vt 0.305604 0.055412
vt 0.281399 0.035682
vt 0.281361 0.055397
vt 0.976388 0.301265
vt 0.067863 0.030262
vt 0.058477 0.036129
vt 0.074102 0.040621
vt 0.068312 0.053229
vt 0.086119 0.039799
vt 0.086080 0.053749
vt 0.107434 0.040320
vt 0.101377 0.030262
vt 0.338069 0.044492
vt 0.366586 0.044715
vt 0.338194 0.028392
vt 0.366712 0.028616
vt 0.337715 0.026649
vt 0.366727 0.026649
vt 0.341342 0.488886
vt 0.341313 0.481304
vt 0.310507 0.489160
vt 0.303314 0.481178
vt 0.302149 0.480186
vt 0.341308 0.479785
vt 0.341274 0.469286
vt 0.285131 0.469286
vt 0.125826 0.520968
vt 0.124593 0.539304
vt 0.109921 0.519873
vt 0.108341 0.543360
vt 0.449229 0.497290
vt 0.449229 0.440438
vt 0.438287 0.479969
vt 0.438691 0.440398
vt 0.437292 0.478790
vt 0.437165 0.440394
vt 0.429284 0.471539
vt 0.429560 0.440379
vt 0.999547 0.855917
vt 0.999547 0.884824
vt 0.997797 0.856393
vt 0.997572 0.884807
vt 0.981414 0.884682
vt 0.981639 0.856269
vt 0.389393 0.462963
vt 0.374512 0.467752
vt 0.389393 0.486450
vt 0.374512 0.486088
vt 0.761859 0.686992
vt 0.761857 0.711148
vt 0.781052 0.687055
vt 0.781052 0.740289
vt 0.977788 0.700182
vt 0.977788 0.646879
vt 0.975938 0.699909
vt 0.975898 0.645944
vt 0.976383 0.645438
vt 0.965216 0.699820
vt 0.976419 0.701445
vt 0.964763 0.645936
vt 0.964778 0.701440
vt 0.381233 0.635939
vt 0.371831 0.630081
vt 0.371448 0.653020
vt 0.963332 0.699999
vt 0.365634 0.640408
vt 0.963282 0.647133
vt 0.937156 0.210027
vt 0.937802 0.209509
vt 0.935839 0.208553
vt 0.948246 0.209560
vt 0.937669 0.189038
vt 0.353607 0.639604
vt 0.353667 0.653568
vt 0.332276 0.640159
vt 0.338322 0.630081
vt 0.948054 0.174338
vt 0.926857 0.178935
vt 0.908850 0.179018
vt 0.908782 0.174526
vt 0.908759 0.172594
vt 0.946297 0.172416
vt 0.933547 0.162929
vt 0.908741 0.163039
vt 0.311037 0.504517
vt 0.309104 0.506323
vt 0.308704 0.505716
vt 0.337473 0.506323
vt 0.337715 0.504517
vt 0.891272 0.681826
vt 0.888939 0.705962
vt 0.888939 0.678862
vt 0.900725 0.687898
vt 0.900725 0.705761
vt 0.151493 0.540791
vt 0.127243 0.539157
vt 0.152674 0.522840
vt 0.128435 0.521214
vt 0.949683 0.208515
vt 0.949683 0.173674
vt 0.948616 0.171795
vt 0.760199 0.709998
vt 0.935382 0.162016
vt 0.760201 0.686993
vt 0.353693 0.170280
vt 0.354385 0.169095
vt 0.355608 0.170241
vt 0.334995 0.164560
vt 0.335778 0.163053
vt 0.371260 0.163053
vt 0.370597 0.164816
vt 0.126145 0.540717
vt 0.127513 0.519873
vt 0.932738 0.161247
vt 0.908733 0.161352
vt 0.152765 0.521439
vt 0.965998 0.708672
vt 0.948898 0.704334
vt 0.966667 0.706699
vt 0.967672 0.708515
vt 0.949519 0.702349
vt 0.947869 0.703348
vt 0.721215 0.051318
vt 0.720134 0.052979
vt 0.712784 0.043017
vt 0.711745 0.044547
vt 0.711030 0.042909
vt 0.976881 0.702349
vt 0.907072 0.173593
vt 0.907138 0.177132
vt 0.695776 0.052760
vt 0.696663 0.050298
vt 0.694747 0.050880
vt 0.685564 0.051621
vt 0.683922 0.053749
vt 0.684179 0.051157
vt 0.677029 0.042909
vt 0.675884 0.044497
vt 0.782865 0.933604
vt 0.781960 0.933604
vt 0.782865 0.915537
vt 0.781958 0.917581
vt 0.924728 0.179179
vt 0.926380 0.179919
vt 0.935056 0.187982
vt 0.935728 0.189221
vt 0.279692 0.035915
vt 0.280067 0.055876
vt 0.281227 0.057317
vt 0.719944 0.583107
vt 0.705339 0.589199
vt 0.721215 0.584185
vt 0.304437 0.057362
vt 0.704769 0.590976
vt 0.703183 0.590662
vt 0.685733 0.607218
vt 0.686692 0.608191
vt 0.372828 0.466611
vt 0.874025 0.553993
vt 0.870807 0.569941
vt 0.875472 0.551671
vt 0.871225 0.572046
vt 0.894884 0.597561
vt 0.888940 0.517441
vt 0.891002 0.517164
vt 0.684950 0.608948
vt 0.688316 0.619814
vt 0.689959 0.619139
vt 0.689796 0.620798
vt 0.707847 0.620834
vt 0.705889 0.622323
vt 0.707840 0.622846
vt 0.718668 0.626125
vt 0.716193 0.626961
vt 0.717176 0.628037
vt 0.719423 0.638211
vt 0.721215 0.637605
vt 0.487307 0.606594
vt 0.487307 0.624661
vt 0.486402 0.606594
vt 0.486401 0.622617
vt 0.893574 0.559397
vt 0.892837 0.561046
vt 0.891844 0.572700
vt 0.892180 0.574052
vt 0.551677 0.057362
vt 0.551677 0.098916
vt 0.612421 0.057362
vt 0.612421 0.098916
vt 0.095648 0.051039
vt 0.156392 0.051039
vt 0.095648 0.092593
vt 0.156392 0.092593
vt 0.931550 0.832430
vt 0.931550 0.802620
vt 0.973255 0.832430
vt 0.973255 0.802620
vt 0.917044 0.143180
vt 0.946963 0.143180
vt 0.917044 0.082656
vt 0.946963 0.082656
vt 0.950589 0.789070
vt 0.980508 0.789070
vt 0.950589 0.747516
vt 0.980508 0.747516
vt 0.946963 0.715899
vt 0.917044 0.715899
vt 0.946963 0.655375
vt 0.917044 0.655375
vt 0.146997 0.185637
vt 0.149444 0.198689
vt 0.161276 0.201377
vt 0.163398 0.212737
vt 0.402992 0.250733
vt 0.447637 0.242547
vt 0.414641 0.265740
vt 0.450652 0.259137
vt 0.461776 0.258050
vt 0.464543 0.273261
vt 0.541061 0.259232
vt 0.546331 0.242547
vt 0.550771 0.248702
vt 0.442883 0.018519
vt 0.438549 0.014002
vt 0.397552 0.018519
vt 0.397558 0.014002
vt 0.896192 0.724029
vt 0.891666 0.724105
vt 0.894370 0.745029
vt 0.889846 0.745106
vt 0.896192 0.829720
vt 0.891622 0.827654
vt 0.118379 0.359982
vt 0.121940 0.354562
vt 0.103612 0.359664
vt 0.102901 0.354562
vt 0.533624 0.967026
vt 0.535358 0.971316
vt 0.499322 0.965221
vt 0.499121 0.969410
vt 0.483229 0.977150
vt 0.482811 0.981481
vt 0.406515 0.969237
vt 0.406096 0.973569
vt 0.397335 0.965221
vt 0.393019 0.967702
vt 0.577005 0.428636
vt 0.576156 0.423216
vt 0.583563 0.428264
vt 0.584315 0.423216
vt 0.247053 0.190859
vt 0.243894 0.185637
vt 0.240104 0.198124
vt 0.115272 0.205199
vt 0.106528 0.193347
vt 0.946963 0.631888
vt 0.927214 0.631888
vt 0.946963 0.653527
vt 0.917044 0.640021
vt 0.917044 0.653568
vt 0.087489 0.626468
vt 0.087489 0.612921
vt 0.117407 0.626426
vt 0.097658 0.604788
vt 0.117407 0.604788
vt 0.859021 0.563234
vt 0.866274 0.563234
vt 0.859021 0.576784
vt 0.866274 0.576784
vt 0.866274 0.560524
vt 0.866274 0.553297
vt 0.836355 0.560524
vt 0.836355 0.553297
vt 0.278770 0.389584
vt 0.278785 0.381662
vt 0.266883 0.389792
vt 0.266899 0.381870
vt 0.247053 0.389584
vt 0.247069 0.381662
vt 0.868087 0.836947
vt 0.875340 0.836947
vt 0.868087 0.858627
vt 0.875340 0.858627
vt 0.170898 0.559198
vt 0.185756 0.564137
vt 0.173809 0.550587
vt 0.188829 0.555580
vt 0.199727 0.559202
vt 0.202629 0.550587
vt 0.945150 0.965221
vt 0.948052 0.973836
vt 0.958950 0.970214
vt 0.962023 0.978771
vt 0.973970 0.965221
vt 0.976881 0.973832
vt 0.679510 0.297651
vt 0.679510 0.294038
vt 0.670444 0.297651
vt 0.670444 0.294038
vt 0.228921 0.106143
vt 0.232548 0.106143
vt 0.228921 0.091800
vt 0.232548 0.091800
vt 0.228921 0.076332
vt 0.232548 0.076332
vt 0.403898 0.695122
vt 0.403898 0.691509
vt 0.418446 0.695122
vt 0.418446 0.691509
vt 0.433817 0.695122
vt 0.433817 0.691509
vt 0.617860 0.761066
vt 0.621487 0.761066
vt 0.617860 0.770099
vt 0.621487 0.770099
vt 0.917951 0.728546
vt 0.926115 0.728546
vt 0.917951 0.727245
vt 0.926115 0.727164
vt 0.923032 0.719512
vt 0.933361 0.727164
vt 0.933364 0.719512
vt 0.284225 0.574074
vt 0.282920 0.574074
vt 0.284225 0.565940
vt 0.282838 0.565940
vt 0.275159 0.569011
vt 0.282838 0.558720
vt 0.275159 0.558717
vt 0.273345 0.313008
vt 0.270626 0.313008
vt 0.273345 0.304878
vt 0.270626 0.304878
vt 0.892566 0.931798
vt 0.889846 0.931798
vt 0.892566 0.921861
vt 0.889846 0.921861
vt 0.694923 0.848690
vt 0.697643 0.848690
vt 0.694923 0.855917
vt 0.697643 0.855917
vt 0.494560 0.683381
vt 0.491864 0.683378
vt 0.494537 0.693043
vt 0.491840 0.693041
vt 0.494560 0.694219
vt 0.491864 0.694216
vt 0.308704 0.019422
vt 0.308704 0.022132
vt 0.310517 0.019422
vt 0.310517 0.022132
vt 0.263373 0.235321
vt 0.263373 0.238031
vt 0.271532 0.235321
vt 0.271532 0.238031
vt 0.760199 0.014002
vt 0.757314 0.002258
vt 0.739628 0.012360
vt 0.744043 0.002258
vt 0.737534 0.003837
vt 0.703312 0.825203
vt 0.704896 0.831688
vt 0.694757 0.827290
vt 0.704896 0.844912
vt 0.693110 0.847787
vt 0.181777 0.850497
vt 0.181777 0.859530
vt 0.201723 0.850497
vt 0.201723 0.859530
vt 0.698549 0.114273
vt 0.698549 0.105239
vt 0.686763 0.114273
vt 0.686763 0.105239
vt 0.455577 0.223577
vt 0.455576 0.232604
vt 0.468891 0.223584
vt 0.468890 0.232611
vt 0.475521 0.223577
vt 0.475520 0.232604
vt 0.247960 0.427733
vt 0.247960 0.418699
vt 0.257026 0.427733
vt 0.257026 0.418699
vt 0.380326 0.582204
vt 0.380326 0.612918
vt 0.367634 0.593207
vt 0.367634 0.612879
vt 0.983228 0.889341
vt 0.995920 0.900343
vt 0.983228 0.920054
vt 0.995920 0.920016
vt 0.356754 0.870370
vt 0.354034 0.870370
vt 0.356754 0.853207
vt 0.354034 0.853207
vt 0.306890 0.004065
vt 0.306890 0.001355
vt 0.276065 0.004065
vt 0.276065 0.001355
vt 0.188123 0.064589
vt 0.188123 0.067299
vt 0.208069 0.064589
vt 0.208069 0.067299
vt 0.597008 0.184734
vt 0.597008 0.187444
vt 0.609701 0.184734
vt 0.609701 0.187444
vt 0.503626 0.826609
vt 0.503626 0.818377
vt 0.509469 0.832430
vt 0.523572 0.826609
vt 0.517730 0.832430
vt 0.517730 0.812556
vt 0.509469 0.812556
vt 0.523572 0.818377
vt 0.994107 0.840708
vt 0.978756 0.845077
vt 0.992894 0.832626
vt 0.976881 0.832588
vt 0.994107 0.824925
vt 0.978755 0.820687
vt 0.030372 0.505568
vt 0.015020 0.509937
vt 0.029159 0.497486
vt 0.013146 0.497447
vt 0.030372 0.489785
vt 0.015020 0.485547
vt 0.658658 0.513402
vt 0.643307 0.509033
vt 0.657445 0.521483
vt 0.641432 0.521523
vt 0.658658 0.529185
vt 0.643307 0.533424
vt 0.999547 0.281243
vt 0.984195 0.276874
vt 0.998334 0.289325
vt 0.982321 0.289364
vt 0.999547 0.297027
vt 0.984195 0.301265
vt 0.344987 0.436766
vt 0.338603 0.436766
vt 0.349501 0.441264
vt 0.344987 0.452123
vt 0.349501 0.447625
vt 0.334089 0.447625
vt 0.334089 0.441264
vt 0.338603 0.452123
vt 0.549864 0.092192
vt 0.544022 0.098013
vt 0.549864 0.083960
vt 0.535760 0.078139
vt 0.544022 0.078139
vt 0.529918 0.092192
vt 0.535760 0.098013
vt 0.529918 0.083960
vt 0.813690 0.285153
vt 0.798339 0.289521
vt 0.812477 0.277071
vt 0.796464 0.277032
vt 0.813690 0.269370
vt 0.798338 0.265131
vt 0.472801 0.038817
vt 0.487307 0.036585
vt 0.472801 0.047001
vt 0.487307 0.049232
vt 0.120127 0.170964
vt 0.105517 0.166667
vt 0.119021 0.178834
vt 0.103808 0.178827
vt 0.120127 0.186748
vt 0.105518 0.191057
vt 0.020399 0.224692
vt 0.006987 0.218157
vt 0.017931 0.232556
vt 0.003173 0.230309
vt 0.017931 0.240795
vt 0.003173 0.243042
vt 0.020399 0.248660
vt 0.006987 0.255194
vt 0.726635 0.619241
vt 0.722121 0.623739
vt 0.733020 0.619241
vt 0.737534 0.630100
vt 0.737534 0.623739
vt 0.726635 0.634598
vt 0.722121 0.630100
vt 0.733020 0.634598
vt 0.964189 0.280488
vt 0.980508 0.280488
vt 0.964189 0.300361
vt 0.980508 0.300361
vt 0.491594 0.231707
vt 0.477640 0.217659
vt 0.489471 0.220347
vt 0.475193 0.204607
vt 0.006800 0.260670
vt 0.018449 0.275677
vt 0.051445 0.252484
vt 0.054460 0.269074
vt 0.065584 0.267987
vt 0.068351 0.283198
vt 0.144869 0.269169
vt 0.150139 0.252484
vt 0.154578 0.258639
vt 0.308704 0.345528
vt 0.354034 0.345528
vt 0.313038 0.341012
vt 0.354028 0.341012
vt 0.312330 0.174797
vt 0.333406 0.176612
vt 0.312407 0.179306
vt 0.333483 0.181120
vt 0.418404 0.174797
vt 0.416331 0.179351
vt 0.483681 0.533424
vt 0.483681 0.552394
vt 0.478560 0.534132
vt 0.478241 0.548845
vt 0.015868 0.583187
vt 0.017679 0.549009
vt 0.011562 0.584914
vt 0.013475 0.548808
vt 0.005707 0.532974
vt 0.001360 0.532557
vt 0.013649 0.456537
vt 0.009302 0.456119
vt 0.017679 0.447390
vt 0.015189 0.443089
vt 0.461922 0.248871
vt 0.470082 0.248871
vt 0.462674 0.253919
vt 0.469233 0.254291
vt 0.568300 0.217094
vt 0.572090 0.204607
vt 0.575249 0.209830
vt 0.434723 0.212317
vt 0.443468 0.224169
vt 0.309610 0.204607
vt 0.309610 0.191060
vt 0.339529 0.204565
vt 0.319780 0.182927
vt 0.339529 0.182927
vt 0.987761 0.443993
vt 0.968012 0.443993
vt 0.987761 0.422354
vt 0.957842 0.435859
vt 0.957842 0.422313
vt 0.405712 0.563234
vt 0.392112 0.563234
vt 0.405712 0.556007
vt 0.392112 0.556007
vt 0.992294 0.260614
vt 0.992294 0.230804
vt 0.999547 0.260614
vt 0.999547 0.230804
vt 0.121049 0.730144
vt 0.132935 0.730352
vt 0.121034 0.722222
vt 0.132920 0.722431
vt 0.152765 0.730144
vt 0.152750 0.722222
vt 0.898912 0.827010
vt 0.898912 0.805330
vt 0.906165 0.827010
vt 0.906165 0.805330
vt 0.989998 0.384372
vt 0.998640 0.387273
vt 0.985041 0.399177
vt 0.993629 0.402239
vt 0.989994 0.413098
vt 0.998640 0.415989
vt 0.800997 0.526678
vt 0.815855 0.531617
vt 0.803908 0.518067
vt 0.818929 0.523060
vt 0.829827 0.526682
vt 0.832729 0.518067
vt 0.049411 0.957091
vt 0.058477 0.957091
vt 0.049411 0.953478
vt 0.058477 0.953478
vt 0.348595 0.006775
vt 0.334200 0.006775
vt 0.348595 0.003162
vt 0.334200 0.003162
vt 0.318676 0.006775
vt 0.318676 0.003162
vt 0.689483 0.999548
vt 0.704031 0.999548
vt 0.689483 0.995935
vt 0.704031 0.995935
vt 0.719402 0.999548
vt 0.719402 0.995935
vt 0.833636 0.658988
vt 0.833636 0.649955
vt 0.830009 0.658988
vt 0.830009 0.649955
vt 0.846328 0.147696
vt 0.846331 0.140045
vt 0.856659 0.147696
vt 0.853577 0.140045
vt 0.861741 0.139964
vt 0.853577 0.138663
vt 0.861741 0.138663
vt 0.209882 0.137760
vt 0.220213 0.137760
vt 0.209885 0.145411
vt 0.217131 0.145411
vt 0.225295 0.145493
vt 0.217131 0.146793
vt 0.225295 0.146793
vt 0.489121 0.340108
vt 0.489121 0.348238
vt 0.486401 0.340108
vt 0.486401 0.348238
vt 0.718495 0.279584
vt 0.718495 0.269648
vt 0.715775 0.279584
vt 0.715775 0.269648
vt 0.780145 0.301265
vt 0.780145 0.294038
vt 0.777425 0.301265
vt 0.777425 0.294038
vt 0.902539 0.023936
vt 0.902515 0.014274
vt 0.899842 0.023939
vt 0.899819 0.014277
vt 0.902539 0.013098
vt 0.899842 0.013101
vt 0.573436 0.293135
vt 0.573436 0.294941
vt 0.576156 0.293135
vt 0.576156 0.294941
vt 0.105621 0.098916
vt 0.105621 0.107046
vt 0.108341 0.098916
vt 0.108341 0.107046
vt 0.602677 0.944444
vt 0.604261 0.950929
vt 0.594123 0.946531
vt 0.604261 0.964153
vt 0.592475 0.967028
vt 0.514506 0.350949
vt 0.511620 0.339205
vt 0.493935 0.349307
vt 0.498349 0.339205
vt 0.491840 0.340783
vt 0.247960 0.636405
vt 0.228014 0.636405
vt 0.247960 0.627371
vt 0.228014 0.627371
vt 0.996827 0.544264
vt 0.996827 0.556007
vt 0.987761 0.544264
vt 0.987761 0.556007
vt 0.266091 0.001355
vt 0.252777 0.001362
vt 0.266092 0.010382
vt 0.252778 0.010388
vt 0.246147 0.001355
vt 0.246148 0.010382
vt 0.163645 0.561427
vt 0.172711 0.561427
vt 0.163645 0.570461
vt 0.172711 0.570461
vt 0.000453 0.089921
vt 0.013146 0.089883
vt 0.000453 0.109594
vt 0.013146 0.120596
vt 0.946963 0.237089
vt 0.946963 0.217416
vt 0.959655 0.237127
vt 0.959655 0.206414
vt 0.950589 0.086269
vt 0.950589 0.103433
vt 0.947869 0.086269
vt 0.947869 0.103433
vt 0.745694 0.696929
vt 0.745694 0.666215
vt 0.742974 0.696929
vt 0.742974 0.666215
vt 0.402085 0.613821
vt 0.402085 0.633695
vt 0.399365 0.613821
vt 0.399365 0.633695
vt 0.978694 0.354562
vt 0.978694 0.341915
vt 0.981414 0.354562
vt 0.981414 0.341915
vt 0.315050 0.559146
vt 0.314533 0.560396
vt 0.315050 0.546545
vt 0.309160 0.565041
vt 0.310409 0.564523
vt 0.285863 0.540650
vt 0.310409 0.541168
vt 0.314533 0.545295
vt 0.309160 0.540650
vt 0.285131 0.564308
vt 0.285863 0.565041
vt 0.285131 0.541383
vt 0.676828 0.802283
vt 0.683137 0.796633
vt 0.683137 0.795960
vt 0.676453 0.790488
vt 0.676828 0.790310
vt 0.675957 0.789973
vt 0.676453 0.802104
vt 0.675957 0.802619
vt 0.662762 0.802620
vt 0.659565 0.793299
vt 0.662762 0.789973
vt 0.659565 0.799293
vt 0.271532 0.630759
vt 0.269266 0.631888
vt 0.271532 0.628500
vt 0.266999 0.628500
vt 0.269266 0.627371
vt 0.266999 0.630759
vt 0.515413 0.686089
vt 0.515413 0.650862
vt 0.504721 0.686089
vt 0.506101 0.674585
vt 0.506111 0.650859
vt 0.505023 0.650858
vt 0.504763 0.676807
vt 0.503626 0.686083
vt 0.503671 0.677036
vt 0.699452 0.331075
vt 0.699456 0.322069
vt 0.691303 0.331074
vt 0.691307 0.322068
vt 0.691305 0.321159
vt 0.503938 0.676106
vt 0.699454 0.321160
vt 0.504785 0.674719
vt 0.699447 0.319761
vt 0.691298 0.319760
vt 0.691296 0.318851
vt 0.691307 0.295845
vt 0.699456 0.295845
vt 0.505036 0.673857
vt 0.699446 0.318852
vt 0.383046 0.190154
vt 0.393926 0.190154
vt 0.383046 0.181914
vt 0.393926 0.181120
vt 0.383779 0.181120
vt 0.403898 0.509033
vt 0.368540 0.509033
vt 0.403898 0.518067
vt 0.368540 0.518067
vt 0.305984 0.886740
vt 0.305220 0.887534
vt 0.305984 0.878500
vt 0.296011 0.887534
vt 0.296011 0.878500
vt 0.369447 0.302661
vt 0.369447 0.293135
vt 0.346322 0.302661
vt 0.345418 0.302909
vt 0.334089 0.303975
vt 0.334089 0.293135
vt 0.344045 0.303726
vt 0.343141 0.303975
vt 0.505599 0.940831
vt 0.506346 0.940084
vt 0.488055 0.940831
vt 0.505599 0.931798
vt 0.506346 0.932545
vt 0.487307 0.932545
vt 0.487307 0.940084
vt 0.488055 0.931798
vt 0.457548 0.010388
vt 0.458296 0.009641
vt 0.440005 0.010388
vt 0.457548 0.001355
vt 0.458296 0.002103
vt 0.439257 0.002103
vt 0.439257 0.009641
vt 0.440005 0.001355
vt 0.303264 0.143180
vt 0.303264 0.154923
vt 0.317770 0.143180
vt 0.317770 0.154923
vt 0.185403 0.096206
vt 0.185403 0.084463
vt 0.175431 0.096206
vt 0.175431 0.084463
vt 0.931550 0.213571
vt 0.928830 0.214544
vt 0.931550 0.203773
vt 0.928830 0.202800
vt 0.603355 0.662308
vt 0.600635 0.663505
vt 0.603355 0.650249
vt 0.600635 0.649051
vt 0.500907 0.831596
vt 0.503626 0.830623
vt 0.500907 0.841394
vt 0.503626 0.842367
vt 0.982026 0.204607
vt 0.983228 0.201897
vt 0.969923 0.204607
vt 0.968722 0.201897
vt 0.958631 0.290425
vt 0.959655 0.289451
vt 0.947081 0.290425
vt 0.946056 0.284513
vt 0.946056 0.289451
vt 0.959655 0.284513
vt 0.959655 0.279822
vt 0.946056 0.279822
vt 0.946056 0.252217
vt 0.959655 0.252217
vt 0.959655 0.243942
vt 0.946056 0.243942
vt 0.946056 0.239005
vt 0.958631 0.238031
vt 0.947081 0.238031
vt 0.959655 0.239005
vt 0.370928 0.776469
vt 0.366923 0.774054
vt 0.371260 0.781387
vt 0.363848 0.776110
vt 0.361740 0.744933
vt 0.365064 0.746554
vt 0.371260 0.741105
vt 0.371051 0.782746
vt 0.370928 0.736186
vt 0.363593 0.777548
vt 0.966229 0.902896
vt 0.966234 0.912030
vt 0.977558 0.902891
vt 0.361287 0.743538
vt 0.370534 0.734869
vt 0.965099 0.913147
vt 0.965095 0.944133
vt 0.966343 0.913752
vt 0.977559 0.912028
vt 0.823663 0.158745
vt 0.818446 0.166175
vt 0.822299 0.158537
vt 0.817002 0.165922
vt 0.817362 0.158868
vt 0.814939 0.162858
vt 0.787339 0.164710
vt 0.977449 0.913751
vt 0.978694 0.913146
vt 0.966232 0.945258
vt 0.966232 0.957995
vt 0.977558 0.945256
vt 0.977563 0.957990
vt 0.966341 0.943530
vt 0.977448 0.943529
vt 0.785712 0.168022
vt 0.978694 0.944133
vt 0.784312 0.168473
vt 0.775612 0.159261
vt 0.781871 0.158537
vt 0.776934 0.158868
vt 0.799743 0.344625
vt 0.815503 0.370160
vt 0.815503 0.423592
vt 0.773799 0.384904
vt 0.773799 0.404519
vt 0.773799 0.448288
vt 0.792477 0.466576
vt 0.015362 0.683376
vt 0.011333 0.744061
vt 0.033236 0.693374
vt 0.030141 0.743242
vt 0.392330 0.109599
vt 0.429306 0.112969
vt 0.382140 0.127717
vt 0.425182 0.131432
vt 0.431089 0.112961
vt 0.427053 0.131436
vt 0.481868 0.127679
vt 0.478699 0.109782
vt 0.430458 0.111239
vt 0.954993 0.985095
vt 0.957706 0.987916
vt 0.973255 0.985095
vt 0.972990 0.987734
vt 0.953309 0.985890
vt 0.478087 0.107949
vt 0.956029 0.988708
vt 0.590662 0.645559
vt 0.587782 0.647245
vt 0.576463 0.599092
vt 0.572529 0.598135
vt 0.199003 0.573171
vt 0.246549 0.573171
vt 0.215504 0.528004
vt 0.235964 0.528004
vt 0.277879 0.553861
vt 0.011406 0.745910
vt 0.014178 0.764679
vt 0.030191 0.745029
vt 0.032957 0.763654
vt 0.589719 0.584011
vt 0.590662 0.586637
vt 0.573391 0.596248
vt 0.577300 0.597206
vt 0.382449 0.235304
vt 0.344843 0.231569
vt 0.381398 0.215999
vt 0.349222 0.212812
vt 0.342907 0.231489
vt 0.347290 0.212737
vt 0.319202 0.231838
vt 0.324201 0.213169
vt 0.334089 0.033875
vt 0.334089 0.013532
vt 0.315459 0.031716
vt 0.315433 0.017098
vt 0.333705 0.012195
vt 0.315050 0.015761
vt 0.505440 0.930894
vt 0.505440 0.855597
vt 0.487173 0.924921
vt 0.487309 0.853673
vt 0.505113 0.852105
vt 0.489847 0.850547
vt 0.485494 0.924492
vt 0.488099 0.849594
vt 0.485595 0.853012
vt 0.474764 0.135953
vt 0.426619 0.157105
vt 0.402992 0.135953
vt 0.402992 0.150240
vt 0.450263 0.181120
vt 0.491329 0.181120
vt 0.478703 0.136921
vt 0.494560 0.179420
vt 0.506218 0.146278
vt 0.510359 0.142169
vt 0.504964 0.146793
vt 0.510879 0.117712
vt 0.510879 0.140924
vt 0.486401 0.140924
vt 0.491062 0.146278
vt 0.492317 0.146793
vt 0.486921 0.142169
vt 0.487136 0.116983
vt 0.510144 0.116983
vt 0.486401 0.117712
vt 0.791025 0.677392
vt 0.797333 0.683042
vt 0.791025 0.676718
vt 0.797708 0.671247
vt 0.797333 0.671068
vt 0.798204 0.670732
vt 0.797708 0.682863
vt 0.798204 0.683378
vt 0.811399 0.683378
vt 0.814596 0.674058
vt 0.811399 0.670732
vt 0.814597 0.680052
vt 0.592475 0.387534
vt 0.593608 0.389792
vt 0.593608 0.385276
vt 0.597008 0.387534
vt 0.595875 0.385276
vt 0.595875 0.389792
vt 0.230738 0.482836
vt 0.266092 0.482836
vt 0.266092 0.493490
vt 0.254547 0.492114
vt 0.230735 0.492104
vt 0.230734 0.493188
vt 0.256777 0.493448
vt 0.266087 0.494580
vt 0.257007 0.494536
vt 0.995916 0.629178
vt 0.987767 0.629179
vt 0.995920 0.638184
vt 0.987771 0.638185
vt 0.987769 0.639094
vt 0.256074 0.494270
vt 0.995918 0.639093
vt 0.254682 0.493425
vt 0.995912 0.640492
vt 0.987763 0.640493
vt 0.987761 0.641402
vt 0.987771 0.664408
vt 0.995920 0.664408
vt 0.253816 0.493175
vt 0.995910 0.641401
vt 0.961469 0.641998
vt 0.961469 0.631888
vt 0.962266 0.642728
vt 0.970535 0.631888
vt 0.970535 0.642728
vt 0.677697 0.617435
vt 0.668631 0.617435
vt 0.677697 0.582204
vt 0.668631 0.582204
vt 0.000453 0.286811
vt 0.009519 0.286811
vt 0.000453 0.296748
vt 0.009519 0.295987
vt 0.008723 0.296748
vt 0.982321 0.692398
vt 0.982321 0.683378
vt 0.982570 0.693299
vt 0.983390 0.694667
vt 0.993200 0.718609
vt 0.993200 0.683378
vt 0.983639 0.695567
vt 0.983639 0.718609
vt 0.384296 0.235321
vt 0.383245 0.216015
vt 0.425657 0.231767
vt 0.421376 0.212737
vt 0.468268 0.506267
vt 0.465267 0.508862
vt 0.468268 0.525294
vt 0.465432 0.524765
vt 0.824249 0.163053
vt 0.811937 0.194729
vt 0.826383 0.167543
vt 0.815530 0.195464
vt 0.810063 0.249175
vt 0.813695 0.248758
vt 0.823639 0.299458
vt 0.826383 0.295749
vt 0.555161 0.804426
vt 0.600782 0.819690
vt 0.550771 0.806841
vt 0.600256 0.823397
vt 0.620433 0.819084
vt 0.620543 0.822771
vt 0.664282 0.817732
vt 0.665301 0.821391
vt 0.686991 0.804426
vt 0.691296 0.806160
vt 0.195376 0.456640
vt 0.195376 0.452123
vt 0.186310 0.456639
vt 0.186310 0.452123
vt 0.810970 0.184734
vt 0.810970 0.178410
vt 0.813690 0.184734
vt 0.813690 0.178410
vt 0.127380 0.126920
vt 0.118314 0.126920
vt 0.125869 0.128726
vt 0.119825 0.128726
vt 0.178151 0.110659
vt 0.173617 0.110659
vt 0.177395 0.113369
vt 0.174373 0.113369
vt 0.567090 0.247064
vt 0.558024 0.247064
vt 0.565578 0.248871
vt 0.559534 0.248871
vt 0.371260 0.433153
vt 0.371260 0.437669
vt 0.368540 0.433906
vt 0.368540 0.436917
vt 0.393926 0.889341
vt 0.389393 0.889340
vt 0.393926 0.880307
vt 0.389393 0.880307
vt 0.291478 0.394309
vt 0.285131 0.394309
vt 0.291478 0.397019
vt 0.285131 0.397019
vt 0.231641 0.438573
vt 0.222575 0.438573
vt 0.230130 0.440379
vt 0.224086 0.440379
vt 0.486401 0.785456
vt 0.481868 0.785456
vt 0.485645 0.788166
vt 0.482622 0.788166
vt 0.512693 0.236224
vt 0.503626 0.236224
vt 0.511181 0.238031
vt 0.505138 0.238031
vt 0.363101 0.431346
vt 0.358568 0.431346
vt 0.362345 0.434056
vt 0.359323 0.434056
vt 0.175431 0.310454
vt 0.175431 0.302915
vt 0.174683 0.311201
vt 0.157139 0.302168
vt 0.174683 0.302168
vt 0.156392 0.310454
vt 0.157139 0.311201
vt 0.156392 0.302915
vt 0.262310 0.042005
vt 0.269875 0.042005
vt 0.261559 0.042751
vt 0.270626 0.060231
vt 0.270626 0.042751
vt 0.262310 0.060976
vt 0.261559 0.060231
vt 0.269875 0.060976
vt 0.832729 0.431346
vt 0.818223 0.431346
vt 0.832729 0.419603
vt 0.818223 0.419603
vt 0.340435 0.197380
vt 0.350408 0.197380
vt 0.340435 0.185637
vt 0.350408 0.185637
vt 0.197189 0.800813
vt 0.185403 0.800813
vt 0.196213 0.803523
vt 0.186380 0.803523
vt 0.091115 0.520777
vt 0.076609 0.520777
vt 0.089913 0.523487
vt 0.077810 0.523487
vt 0.745694 0.018519
vt 0.745694 0.030262
vt 0.742974 0.019491
vt 0.742974 0.029289
vt 0.515413 0.118789
vt 0.515413 0.133243
vt 0.512693 0.119986
vt 0.512693 0.132046
vt 0.464642 0.507128
vt 0.467632 0.504517
vt 0.129939 0.284101
vt 0.131006 0.285792
vt 0.091480 0.298550
vt 0.092528 0.300249
vt 0.090751 0.300361
vt 0.058696 0.292800
vt 0.058618 0.290789
vt 0.056832 0.292744
vt 0.034479 0.296241
vt 0.034359 0.294382
vt 0.033007 0.295773
vt 0.322772 0.212978
vt 0.317770 0.231645
vt 0.022558 0.285484
vt 0.023898 0.284114
vt 0.022212 0.284101
vt 0.034905 0.763822
vt 0.031836 0.743614
vt 0.034905 0.694551
vt 0.033861 0.692608
vt 0.015870 0.682475
vt 0.393627 0.107949
vt 0.405712 0.332039
vt 0.405712 0.351978
vt 0.406674 0.331075
vt 0.428704 0.359855
vt 0.406633 0.353220
vt 0.481798 0.331075
vt 0.430299 0.360821
vt 0.485225 0.336946
vt 0.484731 0.332953
vt 0.485712 0.331075
vt 0.439271 0.361613
vt 0.457051 0.388200
vt 0.539761 0.336946
vt 0.540460 0.331075
vt 0.542242 0.331582
vt 0.460187 0.383019
vt 0.458687 0.388889
vt 0.502874 0.388889
vt 0.568703 0.354846
vt 0.578866 0.354233
vt 0.578876 0.355262
vt 0.504821 0.383019
vt 0.525052 0.383019
vt 0.527584 0.388367
vt 0.525813 0.388889
vt 0.504486 0.386954
vt 0.506769 0.388889
vt 0.961469 0.032139
vt 0.961469 0.037077
vt 0.962493 0.031165
vt 0.975068 0.032139
vt 0.974043 0.031165
vt 0.975068 0.037077
vt 0.975068 0.041768
vt 0.961469 0.041768
vt 0.961469 0.069373
vt 0.975068 0.069373
vt 0.975068 0.077648
vt 0.961469 0.077648
vt 0.961469 0.082585
vt 0.974043 0.083559
vt 0.962493 0.083559
vt 0.975068 0.082585
vt 0.066304 0.113324
vt 0.066636 0.108405
vt 0.062299 0.115738
vt 0.059224 0.113682
vt 0.057117 0.144860
vt 0.060440 0.143238
vt 0.066636 0.148687
vt 0.066427 0.107046
vt 0.066304 0.153606
vt 0.058969 0.112244
vt 0.337943 0.918242
vt 0.349271 0.918248
vt 0.337947 0.909108
vt 0.056664 0.146254
vt 0.065910 0.154923
vt 0.336812 0.907991
vt 0.338057 0.907386
vt 0.336809 0.877005
vt 0.349272 0.909110
vt 0.398250 0.621048
vt 0.398459 0.619689
vt 0.390793 0.615850
vt 0.391047 0.614411
vt 0.398126 0.614770
vt 0.394122 0.612356
vt 0.392263 0.584856
vt 0.349162 0.907387
vt 0.350408 0.907992
vt 0.337945 0.875881
vt 0.349271 0.875882
vt 0.337946 0.863144
vt 0.349276 0.863148
vt 0.338055 0.877609
vt 0.349162 0.877609
vt 0.388940 0.583234
vt 0.350408 0.877006
vt 0.388486 0.581840
vt 0.397732 0.573171
vt 0.398459 0.579407
vt 0.398126 0.574488
vt 0.741160 0.171183
vt 0.651405 0.171183
vt 0.741160 0.178410
vt 0.651405 0.178410
vt 0.176337 0.147696
vt 0.176337 0.140470
vt 0.086582 0.147696
vt 0.086582 0.140470
vt 0.126473 0.353659
vt 0.126473 0.347335
vt 0.052131 0.353659
vt 0.052131 0.347335
vt 0.959655 0.490967
vt 0.966002 0.490967
vt 0.959655 0.565041
vt 0.966002 0.565041
vt 0.156003 0.904697
vt 0.157298 0.901084
vt 0.149527 0.904697
vt 0.148232 0.901084
vt 0.886407 0.053749
vt 0.888033 0.051039
vt 0.811689 0.053749
vt 0.810063 0.051039
vt 0.984134 0.775003
vt 0.987761 0.773713
vt 0.984134 0.781455
vt 0.987761 0.782746
vt 0.787398 0.285191
vt 0.784678 0.286811
vt 0.787398 0.210743
vt 0.784678 0.209124
vt 0.397740 0.148600
vt 0.399365 0.145890
vt 0.323022 0.148600
vt 0.321396 0.145890
vt 0.562168 0.818880
vt 0.563463 0.815266
vt 0.555692 0.818880
vt 0.554397 0.815266
vt 0.206068 0.390696
vt 0.204442 0.393406
vt 0.280786 0.390696
vt 0.282412 0.393406
vt 0.429672 0.178410
vt 0.428377 0.182023
vt 0.436148 0.178410
vt 0.437443 0.182023
vt 0.694923 0.012195
vt 0.694927 0.032069
vt 0.725258 0.012195
vt 0.740254 0.032069
vt 0.728939 0.016925
vt 0.740254 0.016925
vt 0.954216 0.893857
vt 0.954216 0.861819
vt 0.976881 0.893853
vt 0.976881 0.845980
vt 0.959073 0.857931
vt 0.959073 0.845980
vt 0.462829 0.562331
vt 0.466455 0.563850
vt 0.462829 0.594851
vt 0.466455 0.594586
vt 0.903445 0.664408
vt 0.899819 0.662812
vt 0.903445 0.641825
vt 0.899819 0.643173
vt 0.201723 0.321138
vt 0.200589 0.317525
vt 0.153672 0.321138
vt 0.155174 0.317525
vt 0.587942 0.612014
vt 0.585248 0.611093
vt 0.587942 0.605430
vt 0.585222 0.604788
vt 0.805530 0.534327
vt 0.808250 0.535531
vt 0.805530 0.552394
vt 0.808250 0.550768
vt 0.025416 0.790876
vt 0.024932 0.793586
vt 0.037625 0.790876
vt 0.036471 0.793586
vt 0.972562 0.226287
vt 0.987761 0.226287
vt 0.972562 0.237562
vt 0.967815 0.241229
vt 0.987761 0.271451
vt 0.967815 0.271454
vt 0.584315 0.048909
vt 0.572321 0.048909
vt 0.584315 0.031165
vt 0.568420 0.053749
vt 0.536269 0.031165
vt 0.536265 0.053749
vt 0.578610 0.582204
vt 0.547763 0.582204
vt 0.578876 0.585817
vt 0.546238 0.585818
vt 0.926111 0.797644
vt 0.926111 0.817283
vt 0.922484 0.796296
vt 0.922484 0.818880
vt 0.176026 0.269648
vt 0.221441 0.269648
vt 0.174524 0.266034
vt 0.222575 0.266034
vt 0.464642 0.609304
vt 0.464668 0.602999
vt 0.467362 0.608662
vt 0.467362 0.602078
vt 0.700363 0.876874
vt 0.700363 0.861638
vt 0.703083 0.878500
vt 0.703083 0.860434
vt 0.866274 0.984438
vt 0.866274 0.995935
vt 0.863554 0.983288
vt 0.863554 0.995453
vt 0.145575 0.152001
vt 0.131006 0.152938
vt 0.146722 0.150406
vt 0.146850 0.152362
vt 0.152540 0.155570
vt 0.153375 0.154119
vt 0.131352 0.151086
vt 0.153928 0.155827
vt 0.170477 0.152399
vt 0.171112 0.150406
vt 0.171804 0.151617
vt 0.063917 0.439449
vt 0.063917 0.354562
vt 0.657617 0.806233
vt 0.657752 0.804928
vt 0.656105 0.806024
vt 0.640881 0.798631
vt 0.641414 0.797031
vt 0.639920 0.797601
vt 0.637237 0.791764
vt 0.638316 0.790076
vt 0.636419 0.790730
vt 0.609216 0.771701
vt 0.608366 0.773017
vt 0.607888 0.771349
vt 0.610457 0.761021
vt 0.520852 0.054633
vt 0.465096 0.060976
vt 0.520659 0.052846
vt 0.609104 0.760868
vt 0.464233 0.059265
vt 0.610200 0.758817
vt 0.651209 0.747198
vt 0.921578 0.894319
vt 0.649952 0.745333
vt 0.655324 0.736392
vt 0.653779 0.735085
vt 0.655359 0.715173
vt 0.653812 0.715171
vt 0.655395 0.693955
vt 0.653845 0.695257
vt 0.651316 0.683136
vt 0.650053 0.684997
vt 0.610611 0.669180
vt 0.920619 0.837850
vt 0.610347 0.671383
vt 0.921578 0.804426
vt 0.463241 0.060900
vt 0.431625 0.052846
vt 0.431741 0.054699
vt 0.430190 0.053950
vt 0.393926 0.170618
vt 0.383652 0.173378
vt 0.393504 0.168966
vt 0.383208 0.171731
vt 0.381175 0.172588
vt 0.369379 0.152785
vt 0.370951 0.151154
vt 0.358480 0.151189
vt 0.359497 0.149503
vt 0.319023 0.158687
vt 0.318067 0.157132
vt 0.309646 0.164459
vt 0.308011 0.163501
vt 0.304876 0.187002
vt 0.302675 0.186847
vt 0.302788 0.188548
vt 0.391206 0.640921
vt 0.388528 0.640809
vt 0.292171 0.189250
vt 0.292035 0.187550
vt 0.290649 0.189007
vt 0.287584 0.172804
vt 0.286561 0.174376
vt 0.285794 0.173297
vt 0.913418 0.710579
vt 0.913042 0.743800
vt 0.282048 0.167690
vt 0.281030 0.168934
vt 0.391206 0.552942
vt 0.913418 0.799850
vt 0.388863 0.552394
vt 0.609249 0.669335
vt 0.609368 0.658502
vt 0.608032 0.658854
vt 0.608521 0.657184
vt 0.636483 0.639353
vt 0.638384 0.639999
vt 0.637297 0.638316
vt 0.639954 0.632467
vt 0.641451 0.633031
vt 0.640911 0.631434
vt 0.269716 0.119693
vt 0.183631 0.119693
vt 0.656100 0.623974
vt 0.657752 0.625062
vt 0.657611 0.623758
vt 0.280338 0.167704
vt 0.279446 0.149776
vt 0.277879 0.151002
vt 0.278134 0.149503
vt 0.613648 0.361667
vt 0.610844 0.359116
vt 0.616954 0.355297
vt 0.607445 0.365402
vt 0.613207 0.354562
vt 0.606409 0.361787
vt 0.119347 0.231707
vt 0.124533 0.231707
vt 0.118314 0.228094
vt 0.125567 0.228094
vt 0.590662 0.355297
vt 0.594408 0.354562
vt 0.593968 0.361667
vt 0.596772 0.359116
vt 0.600171 0.365402
vt 0.601207 0.361787
vt 0.576639 0.994041
vt 0.578764 0.990851
vt 0.584942 0.994128
vt 0.573436 0.986174
vt 0.583029 0.990715
vt 0.577312 0.986688
vt 0.589755 0.986876
vt 0.585883 0.986515
vt 0.586694 0.978771
vt 0.584637 0.982140
vt 0.578189 0.978771
vt 0.580064 0.982285
vt 0.187694 0.157835
vt 0.190736 0.160116
vt 0.195551 0.154923
vt 0.187217 0.166163
vt 0.194891 0.158807
vt 0.190655 0.164429
vt 0.202629 0.159998
vt 0.199092 0.161744
vt 0.194988 0.167205
vt 0.194356 0.171183
vt 0.202629 0.168618
vt 0.199508 0.166286
vt 0.162568 0.343156
vt 0.160282 0.340083
vt 0.165458 0.335287
vt 0.154245 0.343722
vt 0.161646 0.335913
vt 0.155919 0.340221
vt 0.158378 0.331944
vt 0.160152 0.328365
vt 0.153055 0.335949
vt 0.149139 0.336650
vt 0.151563 0.328365
vt 0.153872 0.331469
vt 0.431361 0.011136
vt 0.418423 0.012195
vt 0.430089 0.005518
vt 0.435630 0.009802
vt 0.433874 0.004332
vt 0.881557 0.210027
vt 0.887586 0.208646
vt 0.880780 0.204523
vt 0.887054 0.204875
vt 0.881333 0.200090
vt 0.418712 0.006485
vt 0.417876 0.006437
vt 0.417481 0.012166
vt 0.409338 0.011001
vt 0.418130 0.005070
vt 0.618767 0.533009
vt 0.621300 0.529810
vt 0.620129 0.533668
vt 0.888939 0.207766
vt 0.888537 0.204916
vt 0.633715 0.529810
vt 0.634514 0.537615
vt 0.620440 0.536713
vt 0.622209 0.531040
vt 0.429501 0.004065
vt 0.412619 0.004065
vt 0.638151 0.533281
vt 0.411783 0.005426
vt 0.143242 0.004968
vt 0.149139 0.004968
vt 0.143240 0.005872
vt 0.141886 0.005307
vt 0.639619 0.533740
vt 0.149137 0.005858
vt 0.545331 0.289286
vt 0.537935 0.287803
vt 0.542732 0.294907
vt 0.888939 0.201684
vt 0.623008 0.538844
vt 0.887544 0.200942
vt 0.525054 0.294941
vt 0.536772 0.294941
vt 0.524439 0.293601
vt 0.536274 0.293590
vt 0.523572 0.287715
vt 0.536991 0.287715
vt 0.537214 0.293686
vt 0.050054 0.011136
vt 0.051326 0.005518
vt 0.062991 0.012195
vt 0.045784 0.009802
vt 0.047540 0.004333
vt 0.987632 0.450316
vt 0.986854 0.455820
vt 0.993660 0.451697
vt 0.993127 0.455469
vt 0.987408 0.460253
vt 0.062702 0.006485
vt 0.063538 0.006437
vt 0.063933 0.012166
vt 0.072076 0.011001
vt 0.063285 0.005070
vt 0.056664 0.474291
vt 0.055302 0.474951
vt 0.054131 0.471093
vt 0.053221 0.472323
vt 0.051913 0.004065
vt 0.995014 0.452578
vt 0.994611 0.455428
vt 0.054990 0.477996
vt 0.041716 0.471093
vt 0.040917 0.478897
vt 0.068795 0.004065
vt 0.037279 0.474564
vt 0.069631 0.005426
vt 0.033541 0.551491
vt 0.033539 0.552394
vt 0.039438 0.551491
vt 0.032185 0.551829
vt 0.035811 0.475022
vt 0.039436 0.552380
vt 0.551677 0.003830
vt 0.554276 0.009451
vt 0.559073 0.002347
vt 0.995014 0.458659
vt 0.052422 0.480126
vt 0.993618 0.459401
vt 0.571954 0.009485
vt 0.572569 0.008144
vt 0.560236 0.009485
vt 0.573436 0.002258
vt 0.560734 0.008133
vt 0.560017 0.002258
vt 0.559794 0.008230
vt 0.973458 0.138663
vt 0.981414 0.138663
vt 0.973488 0.144637
vt 0.972348 0.138922
vt 0.972442 0.145002
vt 0.432910 0.660795
vt 0.430904 0.666875
vt 0.415822 0.660795
vt 0.417847 0.666849
vt 0.414778 0.660938
vt 0.416857 0.667159
vt 0.830916 0.198284
vt 0.836935 0.198284
vt 0.830925 0.206217
vt 0.417925 0.667984
vt 0.973348 0.145821
vt 0.430684 0.668022
vt 0.981414 0.144661
vt 0.836919 0.206186
vt 0.831188 0.207317
vt 0.422031 0.367209
vt 0.422031 0.359079
vt 0.409338 0.367209
vt 0.981402 0.145890
vt 0.248826 0.208859
vt 0.255069 0.210930
vt 0.249137 0.207872
vt 0.247998 0.207794
vt 0.255213 0.209890
vt 0.838169 0.198294
vt 0.838110 0.206327
vt 0.409338 0.359079
vt 0.255213 0.192864
vt 0.249111 0.194863
vt 0.837285 0.207230
vt 0.247960 0.195082
vt 0.400475 0.658085
vt 0.408432 0.658085
vt 0.400505 0.664059
vt 0.399365 0.658344
vt 0.399459 0.664424
vt 0.379420 0.105239
vt 0.373318 0.107239
vt 0.379420 0.122266
vt 0.373344 0.120248
vt 0.379276 0.123306
vt 0.373032 0.121234
vt 0.588849 0.977868
vt 0.588849 0.971870
vt 0.580887 0.977859
vt 0.372205 0.120170
vt 0.400366 0.665243
vt 0.372167 0.107457
vt 0.408432 0.664083
vt 0.580918 0.971886
vt 0.579782 0.977597
vt 0.843374 0.970641
vt 0.843374 0.978564
vt 0.830232 0.970641
vt 0.408420 0.665312
vt 0.173792 0.229901
vt 0.171804 0.223698
vt 0.174835 0.229738
vt 0.844515 0.979059
vt 0.843597 0.979675
vt 0.172830 0.223577
vt 0.588838 0.970641
vt 0.580776 0.970700
vt 0.830232 0.978564
vt 0.189937 0.223577
vt 0.187931 0.229738
vt 0.579870 0.971522
vt 0.830009 0.979675
vt 0.534451 0.766288
vt 0.528460 0.766258
vt 0.534451 0.758356
vt 0.534188 0.767389
vt 0.528093 0.767301
vt 0.958749 0.542457
vt 0.958749 0.525430
vt 0.952647 0.540458
vt 0.952673 0.527448
vt 0.958605 0.524390
vt 0.952361 0.526462
vt 0.500907 0.153117
vt 0.500898 0.161044
vt 0.494886 0.153117
vt 0.951534 0.527526
vt 0.527272 0.766397
vt 0.951496 0.540239
vt 0.528435 0.758356
vt 0.494901 0.161006
vt 0.500633 0.162150
vt 0.005893 0.829720
vt 0.018586 0.829720
vt 0.005893 0.837850
vt 0.527199 0.758363
vt 0.007665 0.593309
vt 0.007976 0.594296
vt 0.013909 0.591238
vt 0.006837 0.594374
vt 0.014053 0.592278
vt 0.493654 0.153127
vt 0.493713 0.161143
vt 0.018586 0.837850
vt 0.014053 0.609304
vt 0.007951 0.607305
vt 0.494533 0.162046
vt 0.006800 0.607086
vt 0.285330 0.974264
vt 0.285360 0.980236
vt 0.293291 0.974255
vt 0.284225 0.974526
vt 0.284312 0.980601
vt 0.923391 0.215447
vt 0.940479 0.215447
vt 0.925397 0.221526
vt 0.938453 0.221501
vt 0.941523 0.215591
vt 0.939444 0.221812
vt 0.362194 0.045619
vt 0.354233 0.045628
vt 0.362194 0.051617
vt 0.938375 0.222636
vt 0.285219 0.981423
vt 0.925617 0.222674
vt 0.293291 0.980252
vt 0.354263 0.051601
vt 0.353128 0.045890
vt 0.501579 0.009485
vt 0.488437 0.009485
vt 0.501579 0.001563
vt 0.293281 0.981481
vt 0.187217 0.342992
vt 0.187380 0.344032
vt 0.193442 0.341012
vt 0.502720 0.001068
vt 0.501802 0.000452
vt 0.193563 0.342034
vt 0.362184 0.052846
vt 0.354122 0.052787
vt 0.488437 0.001563
vt 0.193563 0.359079
vt 0.187380 0.357081
vt 0.353215 0.051965
vt 0.488214 0.000452
vt 0.456482 0.967028
vt 0.456482 0.934508
vt 0.461015 0.967028
vt 0.461015 0.934508
vt 0.529918 0.019422
vt 0.529918 0.051942
vt 0.525385 0.019422
vt 0.338622 0.929088
vt 0.338622 0.961608
vt 0.334089 0.929088
vt 0.525385 0.051942
vt 0.334089 0.961608
vt 0.138259 0.710479
vt 0.170898 0.710479
vt 0.138259 0.705962
vt 0.170898 0.705962
vt 0.792591 0.954951
vt 0.804808 0.863617
vt 0.781958 0.953574
vt 0.794176 0.862240
vt 0.101088 0.184734
vt 0.009519 0.184734
vt 0.101088 0.173893
vt 0.009519 0.173893
vt 0.013859 0.353659
vt 0.025126 0.353658
vt 0.005893 0.345721
vt 0.101088 0.163053
vt 0.009519 0.163053
vt 0.793744 0.644631
vt 0.805962 0.553297
vt 0.804440 0.646012
vt 0.013860 0.326558
vt 0.005893 0.334496
vt 0.816657 0.554678
vt 0.815071 0.647390
vt 0.815503 0.864999
vt 0.803285 0.956333
vt 0.033092 0.345721
vt 0.033092 0.334496
vt 0.781052 0.908311
vt 0.781052 0.999548
vt 0.770172 0.908311
vt 0.770172 0.999548
vt 0.827289 0.556056
vt 0.025125 0.326558
vt 0.759293 0.999548
vt 0.759293 0.908311
vt 0.814323 0.978308
vt 0.813205 0.986902
vt 0.933364 0.518548
vt 0.933364 0.474382
vt 0.943798 0.520777
vt 0.815503 0.969719
vt 0.943798 0.471093
vt 0.999541 0.306685
vt 0.999547 0.324752
vt 0.989093 0.310120
vt 0.954216 0.518548
vt 0.989098 0.322496
vt 0.954216 0.474382
vt 0.978694 0.306685
vt 0.824991 0.677958
vt 0.826171 0.669369
vt 0.978700 0.324752
vt 0.827289 0.660776
vt 0.276972 0.859530
vt 0.222575 0.859530
vt 0.276972 0.851400
vt 0.222575 0.851400
vt 0.520852 0.180217
vt 0.575249 0.180217
vt 0.520852 0.172087
vt 0.461922 0.493677
vt 0.461922 0.439476
vt 0.470082 0.493677
vt 0.575249 0.172087
vt 0.470082 0.439476
vt 0.977788 0.492773
vt 0.977788 0.546974
vt 0.969628 0.492773
vt 0.969628 0.546974
vt 0.799184 0.816170
vt 0.851768 0.816170
vt 0.799184 0.808040
vt 0.851768 0.808040
vt 0.266092 0.468383
vt 0.318676 0.468383
vt 0.266092 0.460253
vt 0.627833 0.366305
vt 0.680417 0.366305
vt 0.627833 0.358175
vt 0.318676 0.460253
vt 0.680417 0.358175
vt 0.101088 0.015808
vt 0.048504 0.015808
vt 0.101088 0.023939
vt 0.048504 0.023939
vt 0.634881 0.591795
vt 0.633235 0.595754
vt 0.644357 0.591795
vt 0.646003 0.595754
vt 0.624207 0.586759
vt 0.651058 0.585118
vt 0.628180 0.585118
vt 0.655032 0.586759
vt 0.624207 0.574036
vt 0.651058 0.575677
vt 0.628180 0.575677
vt 0.655032 0.574036
vt 0.633235 0.565041
vt 0.644357 0.569000
vt 0.634881 0.569000
vt 0.646003 0.565041
vt 0.360033 0.525498
vt 0.364007 0.527138
vt 0.360033 0.516056
vt 0.364007 0.514416
vt 0.354979 0.536134
vt 0.353333 0.509379
vt 0.353333 0.532174
vt 0.354979 0.505420
vt 0.342210 0.536134
vt 0.343857 0.509379
vt 0.343857 0.532174
vt 0.342210 0.505420
vt 0.333182 0.527138
vt 0.337156 0.516056
vt 0.337156 0.525498
vt 0.333182 0.514416
vt 0.640552 0.496728
vt 0.663586 0.473467
vt 0.640641 0.486687
vt 0.641008 0.409485
vt 0.664098 0.368096
vt 0.632242 0.409435
vt 0.606146 0.382173
vt 0.631877 0.486644
vt 0.605450 0.527016
vt 0.642392 0.497473
vt 0.665088 0.473028
vt 0.666547 0.473093
vt 0.665053 0.578442
vt 0.664098 0.475488
vt 0.666464 0.471319
vt 0.666472 0.440565
vt 0.708867 0.440570
vt 0.708867 0.471326
vt 0.643290 0.857564
vt 0.641449 0.858309
vt 0.665005 0.879562
vt 0.708863 0.438781
vt 0.642463 0.855978
vt 0.641565 0.499058
vt 0.666476 0.438778
vt 0.665005 0.440854
vt 0.666490 0.410086
vt 0.708853 0.410087
vt 0.710305 0.410152
vt 0.710335 0.440872
vt 0.641292 0.827820
vt 0.606329 0.828010
vt 0.709037 0.408762
vt 0.641140 0.826107
vt 0.665038 0.410151
vt 0.640396 0.527198
vt 0.666306 0.408762
vt 0.640242 0.528907
vt 0.604942 0.528612
vt 0.959655 0.078139
vt 0.924297 0.078139
vt 0.959655 0.035682
vt 0.605821 0.826415
vt 0.924297 0.035682
vt 0.713055 0.571364
vt 0.755666 0.571364
vt 0.713055 0.570003
vt 0.604705 0.827528
vt 0.607022 0.972927
vt 0.633135 0.945652
vt 0.632770 0.868398
vt 0.641537 0.868354
vt 0.641899 0.945602
vt 0.664492 0.881585
vt 0.603824 0.527497
vt 0.755666 0.570003
vt 0.604590 0.384453
vt 0.755666 0.426829
vt 0.665005 0.987013
vt 0.710243 0.473036
vt 0.708783 0.473101
vt 0.708765 0.578591
vt 0.710234 0.578452
vt 0.713055 0.426829
vt 0.605486 0.970640
vt 0.259746 0.191057
vt 0.302357 0.191057
vt 0.259746 0.192417
vt 0.604677 0.971437
vt 0.603769 0.383638
vt 0.302357 0.192417
vt 0.666522 0.578581
vt 0.887126 0.968253
vt 0.887126 0.925166
vt 0.885812 0.968018
vt 0.886127 0.969602
vt 0.886126 0.923819
vt 0.885813 0.925400
vt 0.816411 0.925388
vt 0.595125 0.987294
vt 0.816652 0.923668
vt 0.595058 0.973120
vt 0.259746 0.202344
vt 0.594562 0.971550
vt 0.593635 0.383545
vt 0.302357 0.202344
vt 0.593454 0.972637
vt 0.259746 0.203704
vt 0.594157 0.381991
vt 0.816653 0.969738
vt 0.594227 0.367727
vt 0.593382 0.987530
vt 0.594102 0.988708
vt 0.302357 0.203704
vt 0.592544 0.382457
vt 0.898912 0.028455
vt 0.856301 0.028455
vt 0.898912 0.013565
vt 0.592475 0.367489
vt 0.856301 0.013565
vt 0.898912 0.012195
vt 0.816410 0.968019
vt 0.593200 0.366305
vt 0.856301 0.012195
vt 0.506346 0.111563
vt 0.504647 0.101626
vt 0.496374 0.111563
vt 0.498073 0.101626
vt 0.257933 0.153657
vt 0.248439 0.156730
vt 0.257019 0.147720
vt 0.378513 0.211184
vt 0.381557 0.200994
vt 0.387371 0.212737
vt 0.247053 0.147725
vt 0.387397 0.202018
vt 0.257933 0.141745
vt 0.396646 0.211184
vt 0.248439 0.138663
vt 0.393512 0.200994
vt 0.426464 0.161247
vt 0.431097 0.169898
vt 0.420598 0.163285
vt 0.403898 0.169898
vt 0.408532 0.161247
vt 0.412794 0.172990
vt 0.422201 0.172990
vt 0.414397 0.163285
vt 0.623998 0.632791
vt 0.624024 0.622072
vt 0.633273 0.631238
vt 0.630139 0.621048
vt 0.618185 0.621048
vt 0.137353 0.126270
vt 0.140396 0.116080
vt 0.146210 0.127823
vt 0.615140 0.631238
vt 0.146236 0.117103
vt 0.030372 0.562822
vt 0.020144 0.565944
vt 0.029344 0.556729
vt 0.155485 0.126270
vt 0.018586 0.556703
vt 0.152352 0.116080
vt 0.030372 0.550910
vt 0.090209 0.259061
vt 0.087164 0.248871
vt 0.081351 0.260614
vt 0.020145 0.547877
vt 0.081324 0.249895
vt 0.075209 0.248871
vt 0.072076 0.259061
vt 0.909804 0.291245
vt 0.908111 0.282295
vt 0.929728 0.291246
vt 0.931418 0.282295
vt 0.907072 0.282555
vt 0.930690 0.291635
vt 0.932457 0.282557
vt 0.908842 0.291633
vt 0.987943 0.090786
vt 0.996817 0.087902
vt 0.986854 0.067324
vt 0.929304 0.293135
vt 0.997727 0.722396
vt 0.988860 0.719512
vt 0.996666 0.742448
vt 0.987761 0.742965
vt 0.995763 0.067848
vt 0.986927 0.065922
vt 0.910227 0.293134
vt 0.998640 0.087193
vt 0.891659 0.193767
vt 0.891659 0.212737
vt 0.915231 0.208884
vt 0.999547 0.723114
vt 0.998528 0.742931
vt 0.911405 0.212737
vt 0.996728 0.743689
vt 0.999547 0.748417
vt 0.987833 0.744369
vt 0.997523 0.748510
vt 0.988700 0.750226
vt 0.377658 0.658293
vt 0.376700 0.649164
vt 0.378932 0.658180
vt 0.378757 0.659892
vt 0.377974 0.649051
vt 0.997627 0.067372
vt 0.911405 0.193767
vt 0.389876 0.658180
vt 0.390835 0.649051
vt 0.390056 0.659892
vt 0.915231 0.197620
vt 0.391153 0.658293
vt 0.998640 0.061870
vt 0.996617 0.061781
vt 0.392112 0.649164
vt 0.995828 0.066605
vt 0.987788 0.060072
vt 0.705187 0.600535
vt 0.703989 0.599819
vt 0.706256 0.599896
vt 0.706256 0.598464
vt 0.703989 0.602529
vt 0.707325 0.600535
vt 0.708522 0.599819
vt 0.705186 0.601813
vt 0.706256 0.603884
vt 0.706256 0.602453
vt 0.708522 0.602530
vt 0.707325 0.601814
vt 0.535490 0.018519
vt 0.558797 0.018519
vt 0.537180 0.027470
vt 0.557105 0.027469
vt 0.559837 0.018779
vt 0.536218 0.027859
vt 0.534451 0.018781
vt 0.537604 0.029359
vt 0.558067 0.027857
vt 0.987036 0.332882
vt 0.985947 0.356344
vt 0.995910 0.335765
vt 0.061372 0.088082
vt 0.081496 0.089140
vt 0.058477 0.096917
vt 0.082015 0.098013
vt 0.556682 0.029358
vt 0.661378 0.826107
vt 0.642339 0.826107
vt 0.657511 0.849594
vt 0.994856 0.355819
vt 0.997733 0.336475
vt 0.986021 0.357746
vt 0.062092 0.086269
vt 0.081980 0.087285
vt 0.661378 0.845781
vt 0.082741 0.089078
vt 0.087486 0.086269
vt 0.083424 0.097940
vt 0.087580 0.088285
vt 0.089302 0.097077
vt 0.832938 0.605640
vt 0.832824 0.604370
vt 0.823776 0.606594
vt 0.834542 0.604545
vt 0.823663 0.605325
vt 0.994922 0.357063
vt 0.986881 0.363595
vt 0.832824 0.593466
vt 0.823663 0.592510
vt 0.823776 0.591238
vt 0.832938 0.592193
vt 0.995711 0.361886
vt 0.996720 0.356296
vt 0.642339 0.845781
vt 0.834542 0.593287
vt 0.646206 0.849594
vt 0.997733 0.361798
vt 0.896192 0.327010
vt 0.894833 0.329268
vt 0.894755 0.327010
vt 0.894114 0.328075
vt 0.892112 0.329268
vt 0.894114 0.325945
vt 0.894832 0.324752
vt 0.892831 0.328076
vt 0.890752 0.327010
vt 0.892189 0.327010
vt 0.892112 0.324752
vt 0.892830 0.325945
vt 0.914632 0.407075
vt 0.905425 0.397659
vt 0.914631 0.420387
vt 0.916138 0.406437
vt 0.906050 0.396116
vt 0.892399 0.429803
vt 0.916138 0.421024
vt 0.905423 0.429800
vt 0.906047 0.431339
vt 0.404805 0.346432
vt 0.394832 0.346432
vt 0.404805 0.359982
vt 0.305984 0.100723
vt 0.305984 0.091689
vt 0.320490 0.100723
vt 0.394832 0.359982
vt 0.404805 0.332882
vt 0.394832 0.332882
vt 0.891777 0.396123
vt 0.320490 0.091689
vt 0.168435 0.472937
vt 0.178151 0.472900
vt 0.168178 0.485960
vt 0.876247 0.110786
vt 0.866162 0.100729
vt 0.874741 0.111408
vt 0.874737 0.124382
vt 0.876247 0.125005
vt 0.865539 0.102230
vt 0.851895 0.100723
vt 0.370354 0.558717
vt 0.370354 0.549684
vt 0.384859 0.558717
vt 0.891774 0.431346
vt 0.384859 0.549684
vt 0.852519 0.102223
vt 0.841795 0.110768
vt 0.843304 0.111391
vt 0.852503 0.133543
vt 0.865523 0.133549
vt 0.866147 0.135050
vt 0.177893 0.485923
vt 0.841795 0.124986
vt 0.988018 0.177544
vt 0.997733 0.177507
vt 0.987761 0.190567
vt 0.843301 0.124365
vt 0.851880 0.135043
vt 0.168435 0.500000
vt 0.178151 0.499963
vt 0.997476 0.190530
vt 0.988018 0.204607
vt 0.997733 0.204570
vt 0.881686 0.406438
vt 0.892401 0.397662
vt 0.883193 0.407075
vt 0.881686 0.421025
vt 0.883192 0.420386
vt 0.507409 0.784859
vt 0.516623 0.775692
vt 0.494389 0.784852
vt 0.508033 0.786360
vt 0.518132 0.776314
vt 0.485190 0.762700
vt 0.493765 0.786353
vt 0.485187 0.775675
vt 0.483681 0.776296
vt 0.520852 0.929088
vt 0.510879 0.929088
vt 0.520852 0.942638
vt 0.820943 0.855917
vt 0.820943 0.846883
vt 0.835449 0.855917
vt 0.510879 0.942638
vt 0.520852 0.915537
vt 0.510879 0.915537
vt 0.518132 0.762096
vt 0.835449 0.846883
vt 0.634142 0.807783
vt 0.634180 0.798103
vt 0.621072 0.808040
vt 0.285911 0.077236
vt 0.296004 0.087284
vt 0.285287 0.078736
vt 0.272266 0.078740
vt 0.271641 0.077236
vt 0.294498 0.087905
vt 0.296011 0.101500
vt 0.045784 0.276874
vt 0.045784 0.285908
vt 0.060290 0.276874
vt 0.483681 0.762077
vt 0.060290 0.285908
vt 0.294505 0.100878
vt 0.285929 0.111563
vt 0.285304 0.110059
vt 0.263072 0.100893
vt 0.263065 0.087920
vt 0.261559 0.087299
vt 0.621109 0.798360
vt 0.271659 0.111563
vt 0.893730 0.598501
vt 0.903445 0.598464
vt 0.893472 0.611525
vt 0.272283 0.110062
vt 0.261566 0.101515
vt 0.606981 0.807783
vt 0.607018 0.798103
vt 0.903188 0.611488
vt 0.893730 0.625565
vt 0.903445 0.625527
vt 0.508048 0.752039
vt 0.516627 0.762718
vt 0.507424 0.753540
vt 0.493780 0.752033
vt 0.494404 0.753533
vt 0.072195 0.134223
vt 0.068894 0.134187
vt 0.072181 0.149368
vt 0.072977 0.134223
vt 0.072593 0.133390
vt 0.068888 0.149386
vt 0.068450 0.149522
vt 0.069227 0.150309
vt 0.068454 0.134039
vt 0.069258 0.133275
vt 0.170898 0.003157
vt 0.187459 0.003165
vt 0.171283 0.002258
vt 0.170898 0.018526
vt 0.072573 0.150208
vt 0.072962 0.149378
vt 0.081151 0.149428
vt 0.081160 0.134203
vt 0.681354 0.604047
vt 0.681353 0.594729
vt 0.678604 0.605691
vt 0.082049 0.133243
vt 0.171285 0.019422
vt 0.187541 0.019401
vt 0.678604 0.589431
vt 0.843608 0.471996
vt 0.843608 0.455736
vt 0.846358 0.470352
vt 0.187541 0.002288
vt 0.081805 0.134363
vt 0.187459 0.018523
vt 0.082049 0.150406
vt 0.846357 0.461034
vt 0.188123 0.003061
vt 0.188123 0.018626
vt 0.690390 0.594726
vt 0.999547 0.446703
vt 0.998507 0.445798
vt 0.990182 0.446662
vt 0.081802 0.149267
vt 0.242667 0.001355
vt 0.242667 0.013098
vt 0.243427 0.001355
vt 0.226961 0.001355
vt 0.226201 0.001355
vt 0.226201 0.013098
vt 0.690390 0.589431
vt 0.990286 0.445788
vt 0.998507 0.430447
vt 0.855394 0.455736
vt 0.243427 0.013098
vt 0.226961 0.013098
vt 0.990487 0.934508
vt 0.990480 0.935411
vt 0.996206 0.934547
vt 0.989579 0.445909
vt 0.990284 0.430459
vt 0.999547 0.429539
vt 0.990195 0.429584
vt 0.855394 0.461031
vt 0.996207 0.951623
vt 0.996827 0.950850
vt 0.996116 0.950748
vt 0.996827 0.935321
vt 0.990488 0.951671
vt 0.996116 0.935424
vt 0.989574 0.430357
vt 0.990481 0.950764
vt 0.141095 0.449288
vt 0.156304 0.449294
vt 0.141073 0.452569
vt 0.140256 0.448899
vt 0.141087 0.448512
vt 0.156337 0.452583
vt 0.157268 0.452238
vt 0.156482 0.453026
vt 0.140932 0.453002
vt 0.140160 0.452214
vt 0.296917 0.928180
vt 0.296533 0.927281
vt 0.280356 0.928187
vt 0.296917 0.943548
vt 0.157144 0.448897
vt 0.156305 0.448514
vt 0.156333 0.440361
vt 0.141044 0.440356
vt 0.178120 0.129792
vt 0.180870 0.131436
vt 0.178122 0.120474
vt 0.140073 0.439476
vt 0.296530 0.944444
vt 0.280274 0.944423
vt 0.180870 0.115176
vt 0.525385 0.895664
vt 0.527036 0.898404
vt 0.541704 0.895664
vt 0.280275 0.927310
vt 0.141196 0.439706
vt 0.280356 0.943545
vt 0.157298 0.439476
vt 0.536387 0.898403
vt 0.279692 0.928083
vt 0.279692 0.943648
vt 0.169084 0.120471
vt 0.996827 0.144083
vt 0.987475 0.144127
vt 0.995787 0.144990
vt 0.156173 0.439718
vt 0.545331 0.693461
vt 0.545331 0.694219
vt 0.533545 0.693461
vt 0.545331 0.677812
vt 0.545331 0.677055
vt 0.533545 0.677055
vt 0.169084 0.115176
vt 0.987564 0.145003
vt 0.995788 0.160344
vt 0.541704 0.907407
vt 0.533545 0.694219
vt 0.533545 0.677812
vt 0.903438 0.515357
vt 0.897719 0.515396
vt 0.903445 0.516260
vt 0.986854 0.144900
vt 0.987565 0.160335
vt 0.996827 0.161247
vt 0.987476 0.161213
vt 0.536390 0.907407
vt 0.897099 0.531699
vt 0.897719 0.532472
vt 0.897810 0.531597
vt 0.897099 0.516171
vt 0.903438 0.532520
vt 0.897810 0.516273
vt 0.986854 0.160439
vt 0.903445 0.531613
vt 0.049411 0.012195
vt 0.016650 0.012195
vt 0.040986 0.023035
vt 0.004986 0.022614
vt 0.950388 0.558975
vt 0.950589 0.525754
vt 0.948257 0.557855
vt 0.944243 0.278218
vt 0.944080 0.264652
vt 0.942021 0.279421
vt 0.948343 0.524453
vt 0.942363 0.280345
vt 0.950589 0.574621
vt 0.948248 0.576908
vt 0.948235 0.560040
vt 0.944243 0.228646
vt 0.942003 0.263659
vt 0.941998 0.265658
vt 0.948559 0.577544
vt 0.942041 0.226300
vt 0.914923 0.524390
vt 0.914896 0.557806
vt 0.909295 0.279427
vt 0.909299 0.280488
vt 0.909351 0.265641
vt 0.914908 0.559999
vt 0.909354 0.263646
vt 0.909319 0.226287
vt 0.914851 0.576897
vt 0.914854 0.577687
vt 0.872620 0.215447
vt 0.875104 0.217254
vt 0.875340 0.215447
vt 0.907072 0.278109
vt 0.912760 0.558920
vt 0.912679 0.525703
vt 0.907286 0.264624
vt 0.747507 0.019422
vt 0.755932 0.030262
vt 0.780267 0.019422
vt 0.946963 0.724029
vt 0.946963 0.727642
vt 0.946056 0.727537
vt 0.912511 0.574572
vt 0.791931 0.029841
vt 0.907114 0.228648
vt 0.316863 0.377145
vt 0.316863 0.385222
vt 0.283318 0.377145
vt 0.298813 0.385221
vt 0.522665 0.079946
vt 0.488491 0.080013
vt 0.522663 0.081755
vt 0.798277 0.303049
vt 0.798400 0.295186
vt 0.800118 0.303070
vt 0.799962 0.294038
vt 0.800164 0.295362
vt 0.621550 0.168473
vt 0.640244 0.168430
vt 0.622973 0.166674
vt 0.640065 0.166676
vt 0.641432 0.166879
vt 0.816358 0.295365
vt 0.816561 0.294038
vt 0.641432 0.150438
vt 0.816392 0.303071
vt 0.622957 0.150548
vt 0.640073 0.150633
vt 0.818223 0.303051
vt 0.640261 0.148906
vt 0.818130 0.295188
vt 0.991433 0.098013
vt 0.999547 0.098013
vt 0.999547 0.131436
vt 0.621882 0.148600
vt 0.991433 0.115987
vt 0.522665 0.098012
vt 0.488664 0.098011
vt 0.522663 0.099819
vt 0.488466 0.099775
vt 0.621185 0.166680
vt 0.299095 0.387596
vt 0.300671 0.386627
vt 0.621008 0.150615
vt 0.488658 0.081781
vt 0.615957 0.149293
vt 0.986854 0.120116
vt 0.616858 0.150863
vt 0.296120 0.390739
vt 0.617014 0.166722
vt 0.487322 0.098254
vt 0.294642 0.389697
vt 0.615200 0.166733
vt 0.294344 0.391531
vt 0.615183 0.150927
vt 0.487307 0.081574
vt 0.986854 0.131436
vt 0.604270 0.149085
vt 0.535341 0.016710
vt 0.535306 0.004502
vt 0.537171 0.016703
vt 0.537075 0.004331
vt 0.519048 0.016712
vt 0.604264 0.150878
vt 0.535511 0.003162
vt 0.283341 0.389755
vt 0.517226 0.016702
vt 0.517294 0.004332
vt 0.283358 0.391599
vt 0.604261 0.166732
vt 0.519069 0.004504
vt 0.518863 0.003162
vt 0.936980 0.406865
vt 0.931097 0.408762
vt 0.940616 0.401896
vt 0.936980 0.390787
vt 0.940616 0.395755
vt 0.925214 0.390787
vt 0.931097 0.388889
vt 0.921578 0.401896
vt 0.925214 0.406865
vt 0.921578 0.395755
vt 0.099032 0.229901
vt 0.124660 0.214197
vt 0.045407 0.229901
vt 0.084235 0.188347
vt 0.064549 0.188347
vt 0.020621 0.188347
vt 0.002267 0.206957
vt 0.372411 0.352985
vt 0.373233 0.371725
vt 0.322363 0.349901
vt 0.312329 0.367711
vt 0.522448 0.305624
vt 0.532638 0.323742
vt 0.485472 0.308994
vt 0.489596 0.327457
vt 0.483689 0.308986
vt 0.487725 0.327462
vt 0.432910 0.323704
vt 0.436079 0.305808
vt 0.484320 0.307265
vt 0.402085 0.592915
vt 0.402085 0.611111
vt 0.399254 0.595618
vt 0.399436 0.610847
vt 0.401288 0.591238
vt 0.436691 0.303975
vt 0.398459 0.593948
vt 0.856422 0.979675
vt 0.809787 0.993822
vt 0.858114 0.982545
vt 0.808826 0.997742
vt 0.373980 0.144083
vt 0.357479 0.098916
vt 0.326434 0.144083
vt 0.337018 0.098916
vt 0.295104 0.124773
vt 0.375089 0.371653
vt 0.374204 0.352935
vt 0.393926 0.368890
vt 0.392897 0.350179
vt 0.794651 0.980614
vt 0.806933 0.996883
vt 0.797286 0.979675
vt 0.807894 0.992988
vt 0.833652 0.632196
vt 0.853028 0.631149
vt 0.837401 0.594726
vt 0.856225 0.599090
vt 0.837481 0.592797
vt 0.856301 0.597165
vt 0.837131 0.569178
vt 0.855868 0.574159
vt 0.777425 0.529810
vt 0.758795 0.531970
vt 0.777425 0.550154
vt 0.758770 0.546587
vt 0.777042 0.551491
vt 0.758386 0.547925
vt 0.740254 0.181120
vt 0.721987 0.187094
vt 0.740254 0.256418
vt 0.722123 0.258342
vt 0.739927 0.259909
vt 0.724661 0.261467
vt 0.720308 0.187522
vt 0.722913 0.262421
vt 0.720409 0.259002
vt 0.817316 0.406201
vt 0.817316 0.334688
vt 0.838545 0.358230
vt 0.831655 0.334688
vt 0.862647 0.381789
vt 0.862647 0.422706
vt 0.818287 0.410126
vt 0.860941 0.425926
vt 0.833636 0.634037
vt 0.837202 0.675248
vt 0.853012 0.632989
vt 0.856301 0.670982
vt 0.497223 0.960705
vt 0.516319 0.960705
vt 0.499828 0.963695
vt 0.515789 0.963531
vt 0.642339 0.154339
vt 0.646845 0.152213
vt 0.674130 0.166606
vt 0.674867 0.163027
vt 0.728773 0.168473
vt 0.728354 0.164855
vt 0.779238 0.154947
vt 0.775516 0.152213
vt 0.809157 0.193625
vt 0.806734 0.189250
vt 0.793838 0.239081
vt 0.790118 0.238557
vt 0.794446 0.258661
vt 0.790746 0.258770
vt 0.795803 0.302352
vt 0.792131 0.303367
vt 0.809157 0.324979
vt 0.807417 0.329268
vt 0.064823 0.265131
vt 0.064823 0.256098
vt 0.069356 0.265131
vt 0.069356 0.256098
vt 0.163645 0.004968
vt 0.163645 0.007678
vt 0.169991 0.004968
vt 0.169991 0.007678
vt 0.384859 0.962210
vt 0.386673 0.960705
vt 0.384860 0.968233
vt 0.386673 0.969738
vt 0.339529 0.011141
vt 0.342248 0.010388
vt 0.339529 0.014152
vt 0.342248 0.014905
vt 0.775612 0.505119
vt 0.777425 0.503613
vt 0.775612 0.511141
vt 0.777425 0.512647
vt 0.452856 0.274917
vt 0.455576 0.274164
vt 0.452856 0.277928
vt 0.455576 0.278681
vt 0.768359 0.004969
vt 0.768359 0.014002
vt 0.763826 0.004968
vt 0.763826 0.014002
vt 0.003173 0.926378
vt 0.005893 0.926378
vt 0.003173 0.932701
vt 0.005893 0.932701
vt 0.041251 0.344324
vt 0.043064 0.342818
vt 0.041251 0.350346
vt 0.043064 0.351852
vt 0.917196 0.223577
vt 0.917951 0.220867
vt 0.914174 0.223577
vt 0.913418 0.220867
vt 0.064823 0.412075
vt 0.066636 0.410569
vt 0.064823 0.418097
vt 0.066636 0.419603
vt 0.032185 0.489010
vt 0.034905 0.488257
vt 0.032185 0.492021
vt 0.034905 0.492773
vt 0.498088 0.964318
vt 0.495467 0.961338
vt 0.065890 0.123306
vt 0.104348 0.137755
vt 0.064823 0.124997
vt 0.103300 0.139454
vt 0.105076 0.139566
vt 0.137133 0.132005
vt 0.137210 0.129994
vt 0.138997 0.131949
vt 0.161350 0.135447
vt 0.161470 0.133587
vt 0.162822 0.134978
vt 0.856059 0.572735
vt 0.837325 0.567751
vt 0.173272 0.124689
vt 0.171931 0.123319
vt 0.173617 0.123306
vt 0.393066 0.348238
vt 0.372784 0.351296
vt 0.323544 0.348238
vt 0.321594 0.349278
vt 0.311423 0.367205
vt 0.521151 0.303975
vt 0.135555 0.358614
vt 0.134633 0.359856
vt 0.157625 0.351979
vt 0.135595 0.380759
vt 0.134633 0.379795
vt 0.210719 0.380759
vt 0.159220 0.351013
vt 0.214146 0.374888
vt 0.213652 0.378881
vt 0.214633 0.380759
vt 0.168193 0.350221
vt 0.185972 0.323633
vt 0.268682 0.374888
vt 0.269381 0.380759
vt 0.271163 0.380252
vt 0.189108 0.328815
vt 0.187608 0.322945
vt 0.231795 0.322945
vt 0.297624 0.356988
vt 0.307787 0.357600
vt 0.307797 0.356572
vt 0.233743 0.328815
vt 0.253973 0.328815
vt 0.256506 0.323467
vt 0.254734 0.322945
vt 0.233407 0.324880
vt 0.235690 0.322945
vt 0.350022 0.078234
vt 0.352018 0.079582
vt 0.345521 0.081366
vt 0.346279 0.083554
vt 0.354034 0.073047
vt 0.340004 0.081373
vt 0.339303 0.083559
vt 0.351647 0.073108
vt 0.351764 0.066676
vt 0.335533 0.078272
vt 0.333644 0.079656
vt 0.349876 0.068061
vt 0.349168 0.068568
vt 0.346095 0.062782
vt 0.350753 0.073119
vt 0.349271 0.077712
vt 0.345246 0.080546
vt 0.340274 0.080563
vt 0.333757 0.073227
vt 0.331369 0.073290
vt 0.345394 0.064970
vt 0.339118 0.062782
vt 0.336243 0.077763
vt 0.334652 0.073215
vt 0.335367 0.068095
vt 0.333371 0.066749
vt 0.339875 0.064972
vt 0.345123 0.065783
vt 0.340150 0.065793
vt 0.336116 0.068614
vt 0.480591 0.570159
vt 0.475839 0.570201
vt 0.480961 0.821584
vt 0.476204 0.821590
vt 0.379111 0.574977
vt 0.379420 0.575716
vt 0.127014 0.574977
vt 0.368431 0.587966
vt 0.123584 0.587960
vt 0.125863 0.575961
vt 0.359548 0.604578
vt 0.121946 0.604575
vt 0.357437 0.616746
vt 0.121945 0.616846
vt 0.121944 0.618258
vt 0.356525 0.618389
vt 0.255543 0.624380
vt 0.349670 0.624446
vt 0.351305 0.623756
vt 0.254667 0.624661
vt 0.121940 0.624252
vt 0.856887 0.814726
vt 0.888021 0.814867
vt 0.856823 0.828676
vt 0.887957 0.828817
vt 0.889536 0.828393
vt 0.488288 0.020503
vt 0.487762 0.021378
vt 0.486401 0.020325
vt 0.833792 0.502635
vt 0.833987 0.512624
vt 0.835874 0.513056
vt 0.889627 0.814902
vt 0.843143 0.516473
vt 0.835917 0.525794
vt 0.854456 0.525794
vt 0.854488 0.520962
vt 0.501952 0.048933
vt 0.521497 0.020325
vt 0.521759 0.035839
vt 0.503192 0.049232
vt 0.022258 0.669672
vt 0.157312 0.669500
vt 0.045913 0.683223
vt 0.052559 0.691943
vt 0.165624 0.682939
vt 0.275527 0.691439
vt 0.266706 0.682726
vt 0.052988 0.700806
vt 0.050050 0.703680
vt 0.292913 0.698293
vt 0.295015 0.700850
vt 0.981723 0.816678
vt 0.995014 0.816682
vt 0.981725 0.793542
vt 0.995014 0.793537
vt 0.005893 0.883970
vt 0.020945 0.883943
vt 0.007387 0.885606
vt 0.022113 0.885544
vt 0.007407 0.897344
vt 0.140147 0.897251
vt 0.020779 0.855098
vt 0.140130 0.855090
vt 0.022128 0.855098
vt 0.022114 0.824653
vt 0.140138 0.812903
vt 0.007420 0.812863
vt 0.020947 0.826253
vt 0.007401 0.824592
vt 0.005908 0.826226
vt 0.996827 0.056734
vt 0.996827 0.033996
vt 0.983251 0.056733
vt 0.983251 0.033995
vt 0.474151 0.820750
vt 0.473383 0.570677
vt 0.468268 0.812582
vt 0.468384 0.573267
vt 0.574343 0.203704
vt 0.568903 0.195199
vt 0.574343 0.194173
vt 0.569390 0.191057
vt 0.262350 0.903694
vt 0.162934 0.904697
vt 0.262862 0.899203
vt 0.168722 0.899388
vt 0.174488 0.677340
vt 0.167711 0.681448
vt 0.173462 0.676630
vt 0.166633 0.680805
vt 0.158314 0.668222
vt 0.160777 0.654225
vt 0.026864 0.653568
vt 0.159600 0.653568
vt 0.020024 0.667864
vt 0.157284 0.667637
vt 0.975068 0.810259
vt 0.979669 0.816826
vt 0.979938 0.794468
vt 0.018140 0.668848
vt 0.043458 0.684098
vt 0.012239 0.673918
vt 0.039552 0.688431
vt 0.040380 0.689605
vt 0.044559 0.685609
vt 0.044549 0.707552
vt 0.048574 0.704103
vt 0.262885 0.896924
vt 0.169552 0.897280
vt 0.262876 0.860609
vt 0.169138 0.860853
vt 0.168224 0.860824
vt 0.168042 0.897324
vt 0.141698 0.897279
vt 0.141781 0.855103
vt 0.168369 0.855120
vt 0.168268 0.849409
vt 0.141690 0.812858
vt 0.168096 0.812769
vt 0.169612 0.812784
vt 0.169201 0.849427
vt 0.263630 0.849667
vt 0.263626 0.813074
vt 0.272234 0.860643
vt 0.273529 0.862009
vt 0.264735 0.860632
vt 0.276435 0.874058
vt 0.264382 0.896961
vt 0.283176 0.897766
vt 0.288966 0.888153
vt 0.294317 0.897961
vt 0.304624 0.897816
vt 0.304723 0.893027
vt 0.460113 0.672538
vt 0.460897 0.668885
vt 0.452856 0.665932
vt 0.453764 0.662198
vt 0.453903 0.438573
vt 0.453919 0.660272
vt 0.461015 0.438573
vt 0.461015 0.666956
vt 0.278661 0.904568
vt 0.264746 0.903738
vt 0.281895 0.899758
vt 0.264373 0.899186
vt 0.181164 0.671141
vt 0.179750 0.673442
vt 0.414685 0.668022
vt 0.416591 0.670278
vt 0.839075 0.434047
vt 0.835449 0.434959
vt 0.839075 0.427341
vt 0.835449 0.425926
vt 0.602448 0.398881
vt 0.599671 0.397019
vt 0.599800 0.620400
vt 0.597008 0.619898
vt 0.600388 0.622257
vt 0.597660 0.621740
vt 0.602448 0.625610
vt 0.600896 0.626468
vt 0.069356 0.413758
vt 0.071170 0.413279
vt 0.069366 0.423419
vt 0.071170 0.425926
vt 0.176352 0.668022
vt 0.173617 0.668932
vt 0.179313 0.670444
vt 0.177913 0.672703
vt 0.546238 0.380905
vt 0.546425 0.379926
vt 0.551691 0.388303
vt 0.560055 0.371725
vt 0.558699 0.372119
vt 0.574343 0.372447
vt 0.573605 0.371725
vt 0.573605 0.388889
vt 0.552860 0.388889
vt 0.574343 0.388167
vt 0.163724 0.238934
vt 0.151859 0.246805
vt 0.176337 0.238934
vt 0.156919 0.254291
vt 0.176337 0.254291
vt 0.840464 0.241644
vt 0.842702 0.241303
vt 0.839982 0.225475
vt 0.842236 0.225740
vt 0.840452 0.224481
vt 0.842702 0.224743
vt 0.297397 0.153117
vt 0.297687 0.151562
vt 0.280442 0.141556
vt 0.281533 0.140722
vt 0.279542 0.140560
vt 0.280720 0.139845
vt 0.275231 0.132632
vt 0.276786 0.132340
vt 0.958749 0.458304
vt 0.957137 0.457543
vt 0.957567 0.470660
vt 0.956040 0.470769
vt 0.957555 0.472043
vt 0.956029 0.472154
vt 0.958749 0.485734
vt 0.957099 0.486450
vt 0.845502 0.148600
vt 0.845422 0.281150
vt 0.851315 0.148600
vt 0.851315 0.281391
vt 0.857208 0.281150
vt 0.857126 0.148600
vt 0.831039 0.490679
vt 0.830679 0.489308
vt 0.824653 0.489308
vt 0.800997 0.512624
vt 0.800997 0.483740
vt 0.824619 0.483740
vt 0.824653 0.478172
vt 0.800997 0.454856
vt 0.833792 0.464844
vt 0.833987 0.454856
vt 0.831039 0.476801
vt 0.830679 0.478171
vt 0.277458 0.691280
vt 0.268180 0.681545
vt 0.266508 0.680835
vt 0.167660 0.899372
vt 0.141987 0.899206
vt 0.140499 0.899222
vt 0.294339 0.899907
vt 0.303750 0.899740
vt 0.025316 0.654307
vt 0.979858 0.792689
vt 0.981684 0.791790
vt 0.006978 0.899285
vt 0.140483 0.810926
vt 0.049641 0.705146
vt 0.297267 0.702262
vt 0.045551 0.708672
vt 0.473120 0.569145
vt 0.297631 0.701474
vt 0.294925 0.698158
vt 0.307797 0.705578
vt 0.307516 0.706348
vt 0.003173 0.800813
vt 0.003022 0.802944
vt 0.002438 0.800846
vt 0.002267 0.802980
vt 0.003173 0.808040
vt 0.002418 0.807749
vt 0.475697 0.568725
vt 0.480961 0.568654
vt 0.853875 0.528004
vt 0.835328 0.527955
vt 0.889846 0.812584
vt 0.888241 0.812556
vt 0.856301 0.812556
vt 0.981684 0.817968
vt 0.995013 0.817977
vt 0.993545 0.791780
vt 0.683137 0.007395
vt 0.683617 0.009306
vt 0.683867 0.006775
vt 0.684350 0.008694
vt 0.684677 0.010388
vt 0.700363 0.006775
vt 0.298731 0.114700
vt 0.298461 0.113369
vt 0.287354 0.120841
vt 0.286976 0.119434
vt 0.285856 0.120344
vt 0.700311 0.008516
vt 0.298078 0.150310
vt 0.298731 0.151585
vt 0.278120 0.131892
vt 0.282151 0.139549
vt 0.276805 0.131364
vt 0.275159 0.131616
vt 0.462605 0.677958
vt 0.462240 0.929347
vt 0.467362 0.677965
vt 0.466992 0.929389
vt 0.452775 0.705354
vt 0.440733 0.703084
vt 0.453762 0.706501
vt 0.440727 0.947046
vt 0.453021 0.957995
vt 0.453762 0.957687
vt 0.424054 0.938195
vt 0.424058 0.701451
vt 0.411842 0.936091
vt 0.411743 0.701450
vt 0.410326 0.701450
vt 0.410194 0.935182
vt 0.404181 0.834566
vt 0.404114 0.928353
vt 0.404807 0.929982
vt 0.403898 0.833693
vt 0.404309 0.701445
vt 0.230232 0.409040
vt 0.230222 0.395212
vt 0.261515 0.409049
vt 0.261504 0.395212
vt 0.263232 0.395664
vt 0.182232 0.073771
vt 0.182758 0.072897
vt 0.180870 0.072719
vt 0.835874 0.454424
vt 0.263290 0.408956
vt 0.843143 0.451007
vt 0.835917 0.441685
vt 0.854456 0.441685
vt 0.854488 0.446518
vt 0.197661 0.101626
vt 0.216228 0.088233
vt 0.196422 0.101327
vt 0.215967 0.072719
vt 0.331117 0.954089
vt 0.330904 0.853372
vt 0.322373 0.962877
vt 0.321867 0.740716
vt 0.344391 0.845091
vt 0.330618 0.734093
vt 0.344219 0.710524
vt 0.312971 0.741143
vt 0.310088 0.738216
vt 0.315492 0.980201
vt 0.312925 0.982296
vt 0.454785 0.926281
vt 0.459784 0.928871
vt 0.454669 0.686966
vt 0.460552 0.678798
vt 0.266092 0.401051
vt 0.270250 0.401536
vt 0.269220 0.396116
vt 0.278785 0.396116
vt 0.263080 0.806245
vt 0.263601 0.810772
vt 0.162932 0.805330
vt 0.168768 0.810673
vt 0.336523 0.862204
vt 0.337235 0.861182
vt 0.332400 0.855451
vt 0.333046 0.854377
vt 0.345674 0.846089
vt 0.359721 0.848542
vt 0.346261 0.845062
vt 0.360381 0.847370
vt 0.346034 0.708299
vt 0.360381 0.715114
vt 0.981162 0.033875
vt 0.976881 0.040323
vt 0.981444 0.055793
vt 0.345046 0.706422
vt 0.339957 0.700542
vt 0.329741 0.731648
vt 0.325392 0.727756
vt 0.324214 0.728581
vt 0.328224 0.732744
vt 0.306201 0.732735
vt 0.309663 0.736745
vt 0.274377 0.848275
vt 0.273071 0.849652
vt 0.265509 0.849657
vt 0.277316 0.836129
vt 0.265139 0.813028
vt 0.284111 0.812189
vt 0.289983 0.821905
vt 0.295392 0.811959
vt 0.305864 0.812074
vt 0.305984 0.816932
vt 0.539486 0.992320
vt 0.546197 0.985213
vt 0.543234 0.993225
vt 0.549864 0.985994
vt 0.544261 0.985095
vt 0.537553 0.992166
vt 0.315050 0.985095
vt 0.315051 0.992182
vt 0.265125 0.810785
vt 0.265495 0.806193
vt 0.282811 0.810178
vt 0.279538 0.805330
vt 0.005442 0.787263
vt 0.002267 0.551278
vt 0.007706 0.785364
vt 0.004575 0.552686
vt 0.117407 0.954381
vt 0.126473 0.954381
vt 0.118827 0.950768
vt 0.125558 0.950768
vt 0.589755 0.400878
vt 0.592418 0.623758
vt 0.592547 0.400376
vt 0.595195 0.621896
vt 0.593643 0.394309
vt 0.590407 0.399037
vt 0.595195 0.395167
vt 0.593135 0.398520
vt 0.392112 0.696929
vt 0.379420 0.696929
vt 0.389596 0.698725
vt 0.379900 0.698735
vt 0.003008 0.549447
vt 0.006793 0.545167
vt 0.005275 0.550842
vt 0.007706 0.547892
vt 0.978064 0.207317
vt 0.998809 0.207317
vt 0.976895 0.207903
vt 0.999547 0.223759
vt 0.999547 0.208039
vt 0.985259 0.224481
vt 0.998809 0.224481
vt 0.971629 0.216280
vt 0.971442 0.215301
vt 0.983903 0.224087
vt 0.997733 0.516260
vt 0.997733 0.535608
vt 0.982321 0.516260
vt 0.990220 0.540650
vt 0.982321 0.528828
vt 0.741642 0.192864
vt 0.741160 0.209032
vt 0.743880 0.193204
vt 0.743415 0.208768
vt 0.741631 0.210027
vt 0.743880 0.209764
vt 0.307370 0.939928
vt 0.290415 0.951487
vt 0.307660 0.941483
vt 0.291506 0.952322
vt 0.289515 0.952484
vt 0.290693 0.953199
vt 0.285204 0.960412
vt 0.286759 0.960705
vt 0.220619 0.331075
vt 0.233020 0.332252
vt 0.219855 0.332681
vt 0.233130 0.333774
vt 0.234408 0.332264
vt 0.234519 0.333785
vt 0.248149 0.331075
vt 0.248867 0.332719
vt 0.322532 0.964802
vt 0.332303 0.955557
vt 0.333016 0.953891
vt 0.167702 0.810710
vt 0.141972 0.810931
vt 0.295408 0.809985
vt 0.304969 0.810123
vt 0.359640 0.713571
vt 0.981434 0.057324
vt 0.983229 0.058265
vt 0.006991 0.810923
vt 0.308616 0.737809
vt 0.311509 0.984540
vt 0.305077 0.733734
vt 0.459520 0.930403
vt 0.995310 0.058266
vt 0.312299 0.984902
vt 0.315627 0.982206
vt 0.308180 0.995032
vt 0.307407 0.994751
vt 0.985947 0.502710
vt 0.985980 0.503443
vt 0.988086 0.502861
vt 0.988123 0.503613
vt 0.993200 0.502710
vt 0.992908 0.503463
vt 0.229585 0.411292
vt 0.228951 0.409148
vt 0.228921 0.395215
vt 0.261668 0.411472
vt 0.263373 0.411297
vt 0.835328 0.439525
vt 0.853875 0.439476
vt 0.462098 0.930823
vt 0.467362 0.930894
vt 0.846613 0.344625
vt 0.847235 0.345353
vt 0.844694 0.345103
vt 0.845309 0.345834
vt 0.843608 0.346159
vt 0.847235 0.361789
vt 0.308704 0.978344
vt 0.297326 0.972205
vt 0.308435 0.979675
vt 0.296949 0.973611
vt 0.295829 0.972702
vt 0.845487 0.361737
vt 0.308051 0.942735
vt 0.308704 0.941460
vt 0.288092 0.961153
vt 0.292123 0.953495
vt 0.286777 0.961681
vt 0.285131 0.961429
vt 0.889309 0.677055
vt 0.898912 0.666809
vt 0.859927 0.661854
vt 0.896469 0.635010
vt 0.878315 0.601174
vt 0.859927 0.601174
vt 0.905258 0.845980
vt 0.886871 0.845980
vt 0.905258 0.906660
vt 0.868717 0.879816
vt 0.866274 0.911615
vt 0.875876 0.921861
vt 0.616152 0.147668
vt 0.616048 0.117575
vt 0.656845 0.147696
vt 0.656740 0.117604
vt 0.471895 0.100723
vt 0.471895 0.068202
vt 0.431097 0.100723
vt 0.431097 0.068202
vt 0.215322 0.029359
vt 0.215322 0.015808
vt 0.256120 0.029359
vt 0.256120 0.015808
vt 0.429284 0.102891
vt 0.429284 0.093596
vt 0.428312 0.104336
vt 0.410523 0.093676
vt 0.366780 0.104107
vt 0.366793 0.104336
vt 0.365820 0.102891
vt 0.410523 0.071636
vt 0.366780 0.061205
vt 0.365820 0.062421
vt 0.366793 0.060976
vt 0.429284 0.071715
vt 0.429284 0.062421
vt 0.428312 0.060976
vt 0.806766 0.243128
vt 0.806766 0.261518
vt 0.797371 0.243124
vt 0.797371 0.261514
vt 0.625498 0.078146
vt 0.625441 0.098328
vt 0.616152 0.078139
vt 0.616047 0.115661
vt 0.647443 0.098343
vt 0.656740 0.115690
vt 0.647500 0.078161
vt 0.656845 0.078168
vt 0.024025 0.795075
vt 0.005568 0.795075
vt 0.024020 0.804426
vt 0.005563 0.804426
vt 0.106086 0.509067
vt 0.115594 0.490967
vt 0.104648 0.509937
vt 0.086582 0.490967
vt 0.086582 0.509937
vt 0.658658 0.011370
vt 0.687670 0.011292
vt 0.658658 0.032894
vt 0.687670 0.032972
vt 0.929737 0.030195
vt 0.929737 0.012195
vt 0.928864 0.031628
vt 0.910698 0.012195
vt 0.910698 0.041102
vt 0.024011 0.793586
vt 0.005156 0.793586
vt 0.004085 0.795045
vt 0.004080 0.804396
vt 0.591568 0.808040
vt 0.630163 0.811806
vt 0.591783 0.809806
vt 0.629226 0.813460
vt 0.631131 0.813441
vt 0.662285 0.808040
vt 0.661941 0.809829
vt 0.936990 0.983545
vt 0.938530 0.984142
vt 0.938531 0.982385
vt 0.981686 0.982385
vt 0.936990 0.998645
vt 0.691625 0.042890
vt 0.692594 0.041255
vt 0.693530 0.042909
vt 0.660816 0.039278
vt 0.731188 0.037489
vt 0.660471 0.037489
vt 0.730973 0.039255
vt 0.981685 0.984142
vt 0.983227 0.983545
vt 0.981685 0.998417
vt 0.938530 0.998417
vt 0.983228 0.998645
vt 0.806786 0.241648
vt 0.808250 0.242715
vt 0.797391 0.241644
vt 0.808250 0.261500
vt 0.930170 0.838093
vt 0.928830 0.838091
vt 0.929919 0.839657
vt 0.928830 0.794249
vt 0.965512 0.838092
vt 0.966002 0.839656
vt 0.930170 0.794251
vt 0.929919 0.792683
vt 0.965512 0.794251
vt 0.966002 0.792683
vt 0.330462 0.305781
vt 0.327743 0.305781
vt 0.329162 0.307588
vt 0.923816 0.824300
vt 0.925204 0.822493
vt 0.922484 0.822493
vt 0.689945 0.825483
vt 0.667470 0.825496
vt 0.690018 0.966294
vt 0.667391 0.966305
vt 0.438646 0.396552
vt 0.579970 0.396488
vt 0.438657 0.418943
vt 0.579979 0.419031
vt 0.760199 0.749818
vt 0.760220 0.891201
vt 0.765639 0.747516
vt 0.765639 0.893857
vt 0.787398 0.887236
vt 0.787398 0.741528
vt 0.785815 0.887534
vt 0.785842 0.741194
vt 0.775539 0.741192
vt 0.775512 0.887532
vt 0.773929 0.887234
vt 0.773983 0.741526
vt 0.768431 0.744168
vt 0.768359 0.884940
vt 0.759671 0.431015
vt 0.766050 0.431023
vt 0.759671 0.383760
vt 0.766049 0.383752
vt 0.343730 0.685712
vt 0.296304 0.685712
vt 0.343738 0.679357
vt 0.296295 0.679357
vt 0.737412 0.752207
vt 0.737347 0.775055
vt 0.743551 0.749673
vt 0.747507 0.784553
vt 0.744738 0.747515
vt 0.744738 0.736677
vt 0.747507 0.699639
vt 0.743551 0.734519
vt 0.737412 0.731985
vt 0.737347 0.709137
vt 0.485494 0.423937
vt 0.486582 0.423216
vt 0.485494 0.574256
vt 0.571442 0.574977
vt 0.486582 0.574977
vt 0.572529 0.423937
vt 0.571442 0.423216
vt 0.572529 0.574256
vt 0.565430 0.576784
vt 0.566183 0.575881
vt 0.517979 0.576784
vt 0.517226 0.575881
vt 0.643468 0.753715
vt 0.643246 0.752033
vt 0.650004 0.753839
vt 0.652312 0.752033
vt 0.768311 0.431777
vt 0.768311 0.383000
vt 0.181282 0.350949
vt 0.183590 0.349142
vt 0.174746 0.350825
vt 0.174524 0.349142
vt 0.138106 0.573171
vt 0.137353 0.574074
vt 0.185557 0.573171
vt 0.186310 0.574074
vt 0.352905 0.264104
vt 0.353128 0.262421
vt 0.346369 0.264228
vt 0.344062 0.262421
vt 0.295540 0.677103
vt 0.344494 0.677103
vt 0.120127 0.298965
vt 0.121940 0.301265
vt 0.120251 0.292453
vt 0.121940 0.292231
vt 0.703989 0.816895
vt 0.702790 0.816170
vt 0.691776 0.824945
vt 0.690830 0.823953
vt 0.691850 0.966855
vt 0.667575 0.823808
vt 0.690885 0.967850
vt 0.702798 0.976061
vt 0.703989 0.975330
vt 0.667526 0.968026
vt 0.665964 0.825106
vt 0.736627 0.750638
vt 0.742464 0.748405
vt 0.743222 0.747026
vt 0.743222 0.737166
vt 0.742464 0.735787
vt 0.665911 0.966729
vt 0.905258 0.659270
vt 0.911102 0.657145
vt 0.906068 0.660839
vt 0.912189 0.658429
vt 0.911840 0.655788
vt 0.913355 0.656286
vt 0.911840 0.645928
vt 0.913355 0.645431
vt 0.911102 0.644571
vt 0.912189 0.643287
vt 0.905258 0.642446
vt 0.736627 0.733554
vt 0.906068 0.640877
vt 0.436965 0.418836
vt 0.438265 0.420443
vt 0.437110 0.395673
vt 0.580404 0.420506
vt 0.581708 0.418897
vt 0.581531 0.395622
vt 0.438105 0.394729
vt 0.429284 0.383761
vt 0.430010 0.382565
vt 0.580531 0.394662
vt 0.589755 0.383751
vt 0.589020 0.382565
vt 0.905993 0.683802
vt 0.916138 0.693315
vt 0.916138 0.608401
vt 0.905993 0.617915
vt 0.888033 0.390696
vt 0.869646 0.390696
vt 0.888033 0.330016
vt 0.851491 0.356860
vt 0.849048 0.325060
vt 0.858651 0.314815
vt 0.866811 0.308491
vt 0.857208 0.298246
vt 0.896192 0.293290
vt 0.859651 0.266447
vt 0.877805 0.232611
vt 0.896192 0.232611
vt 0.055653 0.125734
vt 0.014960 0.125705
vt 0.055757 0.155827
vt 0.015064 0.155798
vt 0.412058 0.058266
vt 0.371260 0.058266
vt 0.412058 0.025745
vt 0.371260 0.025745
vt 0.767452 0.170280
vt 0.808250 0.170280
vt 0.767452 0.183830
vt 0.808250 0.183830
vt 0.752040 0.095403
vt 0.752040 0.104697
vt 0.753012 0.106143
vt 0.770801 0.095482
vt 0.814543 0.105914
vt 0.814531 0.106143
vt 0.815503 0.104697
vt 0.770801 0.073443
vt 0.814543 0.063011
vt 0.815503 0.064228
vt 0.814531 0.062782
vt 0.752040 0.073522
vt 0.752040 0.064228
vt 0.753012 0.062782
vt 0.762013 0.183826
vt 0.752617 0.183830
vt 0.762013 0.165437
vt 0.752617 0.165441
vt 0.024410 0.086276
vt 0.015064 0.086269
vt 0.024353 0.106457
vt 0.014959 0.123791
vt 0.046355 0.106473
vt 0.055652 0.123820
vt 0.046412 0.086292
vt 0.055757 0.086298
vt 0.839982 0.009156
vt 0.849367 0.009161
vt 0.839982 0.027547
vt 0.849367 0.027552
vt 0.550770 0.077236
vt 0.550771 0.058266
vt 0.532705 0.077236
vt 0.521759 0.058266
vt 0.531266 0.076366
vt 0.484587 0.605691
vt 0.506346 0.605691
vt 0.484666 0.576784
vt 0.506268 0.576784
vt 0.846328 0.306685
vt 0.817316 0.306685
vt 0.836821 0.324785
vt 0.817317 0.325655
vt 0.835382 0.325655
vt 0.850861 0.027538
vt 0.850861 0.008751
vt 0.849398 0.007683
vt 0.840012 0.007678
vt 0.966002 0.198284
vt 0.964229 0.198498
vt 0.962222 0.236738
vt 0.960562 0.235805
vt 0.960581 0.237703
vt 0.966002 0.268744
vt 0.964206 0.268401
vt 0.544474 0.909486
vt 0.545073 0.911021
vt 0.546238 0.909485
vt 0.546238 0.866487
vt 0.529918 0.911021
vt 0.482384 0.052998
vt 0.483352 0.054634
vt 0.481447 0.054652
vt 0.514162 0.051021
vt 0.443790 0.049232
vt 0.514506 0.049232
vt 0.444004 0.050998
vt 0.544474 0.866488
vt 0.545073 0.864950
vt 0.530148 0.866488
vt 0.530148 0.909486
vt 0.529918 0.864950
vt 0.752597 0.163961
vt 0.751133 0.165028
vt 0.761993 0.163957
vt 0.751133 0.183812
vt 0.553490 0.283439
vt 0.552151 0.283441
vt 0.552402 0.285004
vt 0.553490 0.239597
vt 0.516809 0.283440
vt 0.516319 0.285004
vt 0.552151 0.239599
vt 0.552402 0.238031
vt 0.516809 0.239598
vt 0.516319 0.238031
vt 0.115712 0.100629
vt 0.114587 0.104149
vt 0.125411 0.100716
vt 0.126628 0.104336
vt 0.130100 0.102192
vt 0.124301 0.098737
vt 0.126237 0.095303
vt 0.113030 0.095303
vt 0.111967 0.098571
vt 0.040487 0.737521
vt 0.043171 0.740289
vt 0.045581 0.729306
vt 0.052131 0.725836
vt 0.041943 0.729306
vt 0.038531 0.725836
vt 0.310610 0.723911
vt 0.307077 0.725032
vt 0.310523 0.714246
vt 0.306890 0.713034
vt 0.309042 0.709575
vt 0.312510 0.715352
vt 0.315956 0.713425
vt 0.315956 0.726584
vt 0.312676 0.727642
vt 0.692346 0.591180
vt 0.695029 0.593948
vt 0.697440 0.582965
vt 0.703989 0.579494
vt 0.693801 0.582965
vt 0.690390 0.579494
vt 0.043080 0.789425
vt 0.191037 0.788900
vt 0.043064 0.785015
vt 0.191082 0.784479
vt 0.287851 0.360255
vt 0.287834 0.355465
vt 0.266162 0.355465
vt 0.270218 0.364935
vt 0.266002 0.369111
vt 0.265186 0.369919
vt 0.265186 0.355465
vt 0.213453 0.797408
vt 0.301894 0.797401
vt 0.213451 0.755204
vt 0.301892 0.755198
vt 0.303264 0.755197
vt 0.303264 0.797401
vt 0.301884 0.712998
vt 0.213449 0.713001
vt 0.303237 0.712870
vt 0.623533 0.217650
vt 0.622859 0.175447
vt 0.620157 0.189512
vt 0.619933 0.175492
vt 0.841795 0.858547
vt 0.827622 0.859002
vt 0.841035 0.860105
vt 0.827519 0.860530
vt 0.841795 0.882079
vt 0.828422 0.882369
vt 0.841783 0.884064
vt 0.828463 0.883974
vt 0.841600 0.891945
vt 0.828262 0.891475
vt 0.841521 0.893895
vt 0.828096 0.893097
vt 0.827344 0.900521
vt 0.840985 0.901503
vt 0.621057 0.245877
vt 0.624207 0.259853
vt 0.621281 0.259897
vt 0.260572 0.014002
vt 0.262136 0.014759
vt 0.261029 0.028123
vt 0.262562 0.028227
vt 0.284190 0.014002
vt 0.284481 0.027327
vt 0.286182 0.014014
vt 0.286092 0.027286
vt 0.294092 0.014197
vt 0.293620 0.027486
vt 0.296049 0.014275
vt 0.295248 0.027651
vt 0.302698 0.028400
vt 0.303685 0.014809
vt 0.594758 0.218088
vt 0.594308 0.189906
vt 0.618855 0.188308
vt 0.594288 0.188688
vt 0.595208 0.246271
vt 0.619794 0.247120
vt 0.595227 0.247488
vt 0.028558 0.774863
vt 0.028877 0.775519
vt 0.040050 0.763899
vt 0.186841 0.774919
vt 0.185086 0.775519
vt 0.200576 0.763899
vt 0.049321 0.746581
vt 0.211695 0.746581
vt 0.051756 0.733966
vt 0.211677 0.733966
vt 0.266999 0.303071
vt 0.224841 0.303071
vt 0.261931 0.313911
vt 0.224841 0.313911
vt 0.187751 0.313911
vt 0.182684 0.303071
vt 0.376744 0.970665
vt 0.384112 0.945746
vt 0.371318 0.974766
vt 0.368927 0.829667
vt 0.386409 0.860030
vt 0.387782 0.945611
vt 0.401349 0.842405
vt 0.380424 0.822856
vt 0.399883 0.704682
vt 0.379515 0.724469
vt 0.278918 0.983073
vt 0.305906 0.982913
vt 0.305984 0.996102
vt 0.153653 0.997011
vt 0.277993 0.982271
vt 0.153399 0.954931
vt 0.277813 0.954158
vt 0.277630 0.926049
vt 0.153135 0.912870
vt 0.278536 0.925236
vt 0.305420 0.911875
vt 0.305508 0.925056
vt 0.622224 0.173170
vt 0.619111 0.168473
vt 0.619406 0.173167
vt 0.617135 0.168553
vt 0.825408 0.858647
vt 0.820558 0.856820
vt 0.824978 0.860135
vt 0.820036 0.858297
vt 0.826060 0.882399
vt 0.821493 0.882193
vt 0.826105 0.884046
vt 0.821532 0.884448
vt 0.825886 0.891534
vt 0.821386 0.892039
vt 0.825754 0.893208
vt 0.821174 0.893884
vt 0.825025 0.899523
vt 0.298281 0.804426
vt 0.301298 0.799670
vt 0.213060 0.804344
vt 0.214011 0.799877
vt 0.211360 0.804016
vt 0.212129 0.799538
vt 0.191652 0.796012
vt 0.192368 0.791488
vt 0.189809 0.795674
vt 0.190718 0.791216
vt 0.052047 0.796630
vt 0.043929 0.791330
vt 0.400481 0.702170
vt 0.402239 0.692412
vt 0.378526 0.723119
vt 0.374282 0.721129
vt 0.377880 0.724605
vt 0.373483 0.723116
vt 0.378667 0.820472
vt 0.374120 0.817532
vt 0.377736 0.822038
vt 0.373523 0.818634
vt 0.368166 0.828248
vt 0.362215 0.825862
vt 0.367444 0.829498
vt 0.361287 0.827483
vt 0.369743 0.976173
vt 0.363460 0.978602
vt 0.042966 0.997489
vt 0.042825 0.961027
vt 0.136590 0.997124
vt 0.136449 0.960662
vt 0.138149 0.997207
vt 0.137604 0.959202
vt 0.152116 0.997033
vt 0.137581 0.955008
vt 0.151752 0.954933
vt 0.151606 0.912870
vt 0.137555 0.950799
vt 0.137668 0.912839
vt 0.136389 0.949335
vt 0.136000 0.912779
vt 0.042593 0.950347
vt 0.042295 0.913876
vt 0.752558 0.578201
vt 0.747862 0.577492
vt 0.746767 0.617683
vt 0.741036 0.592312
vt 0.725459 0.602866
vt 0.710583 0.612534
vt 0.711736 0.604252
vt 0.797371 0.852938
vt 0.796629 0.854567
vt 0.797371 0.759449
vt 0.790118 0.860434
vt 0.790118 0.707769
vt 0.797235 0.757536
vt 0.710335 0.614275
vt 0.746578 0.619433
vt 0.749123 0.619593
vt 0.752318 0.716373
vt 0.754760 0.716802
vt 0.136542 0.999420
vt 0.138135 0.999548
vt 0.151817 0.999291
vt 0.749215 0.617776
vt 0.754386 0.579251
vt 0.153725 0.999276
vt 0.305625 0.998331
vt 0.370338 0.977291
vt 0.371927 0.976882
vt 0.364317 0.979675
vt 0.824697 0.900996
vt 0.827106 0.901908
vt 0.377647 0.972410
vt 0.378702 0.970841
vt 0.385196 0.948339
vt 0.386391 0.947408
vt 0.388335 0.947259
vt 0.389306 0.946231
vt 0.392489 0.951233
vt 0.388038 0.862094
vt 0.388600 0.860448
vt 0.402337 0.844166
vt 0.393470 0.950241
vt 0.402992 0.842422
vt 0.401253 0.702423
vt 0.402992 0.692548
vt 0.754760 0.578571
vt 0.752802 0.577514
vt 0.748257 0.576784
vt 0.192861 0.789096
vt 0.192930 0.784262
vt 0.212664 0.797158
vt 0.624207 0.175080
vt 0.623567 0.172818
vt 0.840880 0.902891
vt 0.788365 0.108862
vt 0.815503 0.108853
vt 0.787398 0.109845
vt 0.794388 0.126614
vt 0.815503 0.133243
vt 0.788000 0.119261
vt 0.787402 0.117506
vt 0.792866 0.125551
vt 0.186308 0.161247
vt 0.186310 0.156730
vt 0.036718 0.161247
vt 0.036718 0.156730
vt 0.643782 0.302681
vt 0.644854 0.298029
vt 0.664352 0.307832
vt 0.662694 0.297678
vt 0.667668 0.294628
vt 0.668631 0.294038
vt 0.665280 0.308064
vt 0.701269 0.650271
vt 0.701269 0.805916
vt 0.700666 0.648522
vt 0.689607 0.794783
vt 0.700611 0.806233
vt 0.689607 0.634837
vt 0.672225 0.785546
vt 0.672225 0.623758
vt 0.659565 0.783120
vt 0.659565 0.623777
vt 0.340348 0.650658
vt 0.344513 0.656009
vt 0.315220 0.643533
vt 0.198528 0.659436
vt 0.228951 0.641874
vt 0.315058 0.639895
vt 0.211097 0.627188
vt 0.191764 0.648056
vt 0.073178 0.630654
vt 0.093261 0.650528
vt 0.623645 0.262149
vt 0.620828 0.262238
vt 0.620684 0.266938
vt 0.618706 0.266918
vt 0.260673 0.030330
vt 0.262166 0.030758
vt 0.258840 0.035162
vt 0.260321 0.035682
vt 0.284511 0.029680
vt 0.284304 0.034230
vt 0.286164 0.029636
vt 0.286568 0.034191
vt 0.293680 0.029853
vt 0.294186 0.034337
vt 0.295359 0.029985
vt 0.296038 0.034549
vt 0.301697 0.030712
vt 0.298341 0.705962
vt 0.213083 0.706091
vt 0.301362 0.710718
vt 0.214086 0.710542
vt 0.211346 0.706474
vt 0.212298 0.710837
vt 0.192428 0.715561
vt 0.193348 0.720005
vt 0.045391 0.717672
vt 0.191611 0.720387
vt 0.053571 0.712540
vt 0.190689 0.715935
vt 0.040788 0.911591
vt 0.001468 0.911049
vt 0.040344 0.907013
vt 0.009844 0.905601
vt 0.042759 0.907040
vt 0.138834 0.905601
vt 0.042298 0.911576
vt 0.136363 0.910347
vt 0.140306 0.906122
vt 0.137845 0.910621
vt 0.190937 0.650583
vt 0.197040 0.660213
vt 0.187108 0.654588
vt 0.194566 0.666225
vt 0.348431 0.663776
vt 0.196282 0.667118
vt 0.345939 0.657561
vt 0.198323 0.660949
vt 0.032218 0.950406
vt 0.028853 0.936958
vt 0.040720 0.950345
vt 0.040784 0.913875
vt 0.016161 0.922885
vt 0.000453 0.917885
vt 0.000573 0.913062
vt 0.798141 0.587541
vt 0.791025 0.637308
vt 0.798277 0.585628
vt 0.791025 0.484643
vt 0.797535 0.490510
vt 0.798277 0.492139
vt 0.151278 0.910643
vt 0.153174 0.910616
vt 0.305034 0.909652
vt 0.189538 0.649756
vt 0.093490 0.652259
vt 0.091785 0.651569
vt 0.070635 0.630067
vt 0.347061 0.656963
vt 0.346638 0.655390
vt 0.349501 0.662916
vt 0.342098 0.649750
vt 0.340511 0.648716
vt 0.317822 0.642439
vt 0.316877 0.641261
vt 0.316712 0.639335
vt 0.303176 0.031038
vt 0.304091 0.028638
vt 0.315671 0.638379
vt 0.320681 0.635187
vt 0.231016 0.640243
vt 0.229355 0.639698
vt 0.212857 0.626194
vt 0.319677 0.634222
vt 0.211094 0.625565
vt 0.070943 0.629298
vt 0.060581 0.625565
vt 0.060290 0.626342
vt 0.451025 0.061474
vt 0.451043 0.060072
vt 0.448884 0.061879
vt 0.044512 0.719552
vt 0.448894 0.060459
vt 0.444077 0.061495
vt 0.443790 0.060072
vt 0.642030 0.302321
vt 0.641636 0.304820
vt 0.490027 0.294038
vt 0.643442 0.305127
vt 0.664040 0.310298
vt 0.643049 0.297860
vt 0.302761 0.710440
vt 0.305077 0.014913
vt 0.626023 0.770480
vt 0.626622 0.768724
vt 0.626020 0.778141
vt 0.633010 0.761372
vt 0.631488 0.762434
vt 0.654125 0.779133
vt 0.626987 0.779123
vt 0.654125 0.754743
vt 0.771985 0.369919
vt 0.759462 0.383012
vt 0.758386 0.374076
vt 0.771985 0.520777
vt 0.759462 0.431766
vt 0.758386 0.516002
vt 0.433817 0.673442
vt 0.344483 0.685920
vt 0.429024 0.686992
vt 0.282412 0.673442
vt 0.295552 0.685920
vt 0.286584 0.686992
vt 0.261384 0.419991
vt 0.267115 0.412852
vt 0.279121 0.430157
vt 0.235151 0.417368
vt 0.240882 0.424508
vt 0.223146 0.434674
vt 0.423335 0.443656
vt 0.414808 0.445799
vt 0.430190 0.435105
vt 0.381194 0.424048
vt 0.422108 0.402938
vt 0.351119 0.401158
vt 0.291778 0.441594
vt 0.283838 0.433696
vt 0.426995 0.302860
vt 0.427471 0.299731
vt 0.419899 0.293135
vt 0.369191 0.340108
vt 0.330196 0.315570
vt 0.287722 0.338832
vt 0.278785 0.303439
vt 0.293804 0.293135
vt 0.284793 0.295388
vt 0.980508 0.089883
vt 0.980508 0.135050
vt 0.958642 0.100411
vt 0.958642 0.133024
vt 0.336771 0.377145
vt 0.425392 0.377145
vt 0.350711 0.400059
vt 0.422112 0.401112
vt 0.495406 0.707769
vt 0.510163 0.707769
vt 0.498746 0.729274
vt 0.508776 0.729347
vt 0.511994 0.707939
vt 0.525385 0.710421
vt 0.510609 0.729600
vt 0.518455 0.731056
vt 0.750169 0.421728
vt 0.744260 0.381241
vt 0.728729 0.423218
vt 0.722969 0.385562
vt 0.744212 0.379466
vt 0.723012 0.383689
vt 0.750227 0.288284
vt 0.728892 0.294869
vt 0.268554 0.411705
vt 0.334105 0.378155
vt 0.282539 0.431831
vt 0.349368 0.400354
vt 0.750108 0.286563
vt 0.746118 0.270551
vt 0.728660 0.293207
vt 0.725985 0.282519
vt 0.284225 0.229162
vt 0.201813 0.242547
vt 0.282339 0.226287
vt 0.201880 0.239356
vt 0.132820 0.229203
vt 0.134234 0.226287
vt 0.164551 0.083559
vt 0.164551 0.044715
vt 0.168178 0.082696
vt 0.168178 0.046113
vt 0.094660 0.280488
vt 0.105809 0.284470
vt 0.092928 0.283133
vt 0.105757 0.287715
vt 0.115911 0.280488
vt 0.117407 0.283122
vt 0.469175 0.557948
vt 0.469175 0.515357
vt 0.472801 0.558717
vt 0.472801 0.516126
vt 0.582502 0.444896
vt 0.582502 0.537171
vt 0.578876 0.445849
vt 0.578876 0.537940
vt 0.786491 0.705059
vt 0.786491 0.692412
vt 0.790118 0.704006
vt 0.790118 0.693419
vt 0.511786 0.736676
vt 0.506346 0.736676
vt 0.510912 0.740289
vt 0.507439 0.740289
vt 0.493654 0.707985
vt 0.496991 0.729605
vt 0.498303 0.731108
vt 0.956956 0.133458
vt 0.509399 0.731256
vt 0.956936 0.100133
vt 0.423843 0.401576
vt 0.426901 0.377630
vt 0.987761 0.933997
vt 0.985630 0.933604
vt 0.983479 0.941871
vt 0.981763 0.940715
vt 0.981414 0.942502
vt 0.987761 0.981555
vt 0.728827 0.425023
vt 0.750227 0.423503
vt 0.985739 0.980559
vt 0.985233 0.982385
vt 0.721215 0.385313
vt 0.727047 0.294438
vt 0.724239 0.283695
vt 0.281371 0.433416
vt 0.260653 0.421568
vt 0.194716 0.510840
vt 0.201476 0.510840
vt 0.189937 0.506077
vt 0.194717 0.494580
vt 0.189937 0.499342
vt 0.206256 0.499343
vt 0.206256 0.506078
vt 0.201476 0.494580
vt 0.078932 0.448173
vt 0.072076 0.439621
vt 0.087458 0.450316
vt 0.121072 0.428565
vt 0.080158 0.407454
vt 0.151147 0.405675
vt 0.210488 0.446111
vt 0.218428 0.438213
vt 0.000453 0.305151
vt 0.000929 0.308280
vt 0.008025 0.298555
vt 0.058732 0.345528
vt 0.097728 0.320990
vt 0.140202 0.344252
vt 0.149139 0.308859
vt 0.134120 0.298555
vt 0.143131 0.300808
vt 0.964081 0.451438
vt 0.985947 0.449413
vt 0.964081 0.484052
vt 0.985947 0.494580
vt 0.080154 0.405629
vt 0.076875 0.381662
vt 0.151556 0.404576
vt 0.165496 0.381662
vt 0.718785 0.825101
vt 0.717397 0.803523
vt 0.728813 0.825028
vt 0.732154 0.803523
vt 0.709108 0.826811
vt 0.702176 0.806179
vt 0.716952 0.825355
vt 0.715566 0.803694
vt 0.445016 0.265188
vt 0.446511 0.286552
vt 0.404381 0.271076
vt 0.408717 0.292290
vt 0.402599 0.271123
vt 0.406837 0.292247
vt 0.311086 0.265131
vt 0.317694 0.286388
vt 0.152898 0.404871
vt 0.168162 0.382671
vt 0.219728 0.436348
vt 0.233713 0.416222
vt 0.305301 0.289284
vt 0.293291 0.269226
vt 0.316027 0.286619
vt 0.309358 0.265250
vt 0.128286 0.211998
vt 0.130172 0.209124
vt 0.210700 0.225384
vt 0.210633 0.222193
vt 0.279692 0.212038
vt 0.278278 0.209124
vt 0.910698 0.593453
vt 0.907072 0.594851
vt 0.910698 0.556871
vt 0.907072 0.556007
vt 0.112793 0.544264
vt 0.111061 0.546909
vt 0.123942 0.548246
vt 0.123889 0.551491
vt 0.134043 0.544264
vt 0.135539 0.546898
vt 0.985041 0.197515
vt 0.981414 0.198284
vt 0.985041 0.154923
vt 0.981414 0.155692
vt 0.694016 0.858627
vt 0.697643 0.859397
vt 0.694016 0.950718
vt 0.697643 0.951671
vt 0.535254 0.607498
vt 0.536265 0.603884
vt 0.524628 0.607498
vt 0.523572 0.603884
vt 0.073889 0.404964
vt 0.070263 0.406052
vt 0.073889 0.401503
vt 0.070263 0.400632
vt 0.733908 0.803739
vt 0.730566 0.825358
vt 0.729256 0.826862
vt 0.962396 0.451005
vt 0.718162 0.827010
vt 0.962375 0.484329
vt 0.078424 0.406093
vt 0.075366 0.382147
vt 0.023119 0.619752
vt 0.018837 0.611877
vt 0.020988 0.620145
vt 0.017121 0.613033
vt 0.016772 0.611247
vt 0.023119 0.572193
vt 0.448323 0.286454
vt 0.446798 0.265131
vt 0.021097 0.573190
vt 0.020591 0.571364
vt 0.408467 0.294038
vt 0.317261 0.288226
vt 0.306481 0.291023
vt 0.220896 0.437933
vt 0.241614 0.426085
vt 0.500907 0.792025
vt 0.496126 0.787263
vt 0.500906 0.798760
vt 0.489368 0.803523
vt 0.496127 0.803523
vt 0.484587 0.792026
vt 0.489367 0.787263
vt 0.484588 0.798761
vt 0.947870 0.629178
vt 0.947870 0.646374
vt 0.960562 0.629178
vt 0.960562 0.646374
vt 0.947870 0.665311
vt 0.960562 0.665311
vt 0.947869 0.684249
vt 0.960562 0.684249
vt 0.947869 0.701445
vt 0.960562 0.701445
vt 0.698549 0.095303
vt 0.708104 0.095303
vt 0.698549 0.082656
vt 0.708104 0.082656
vt 0.719402 0.095303
vt 0.058547 0.628275
vt 0.051759 0.635123
vt 0.059992 0.629139
vt 0.719402 0.082656
vt 0.730700 0.095303
vt 0.052595 0.636604
vt 0.040796 0.638088
vt 0.730700 0.082656
vt 0.740254 0.095303
vt 0.740254 0.082656
vt 0.029832 0.635123
vt 0.040798 0.639794
vt 0.023045 0.628275
vt 0.029001 0.636604
vt 0.021604 0.629139
vt 0.070263 0.635123
vt 0.655059 0.654456
vt 0.642721 0.654472
vt 0.655162 0.653184
vt 0.058524 0.646968
vt 0.642339 0.653194
vt 0.655165 0.640018
vt 0.642339 0.640018
vt 0.040797 0.651762
vt 0.023071 0.646968
vt 0.011333 0.635123
vt 0.333550 0.968835
vt 0.321329 0.968836
vt 0.333826 0.970109
vt 0.321224 0.970102
vt 0.333826 0.983112
vt 0.321189 0.983110
vt 0.614680 0.786306
vt 0.602951 0.798075
vt 0.603921 0.779955
vt 0.596730 0.787098
vt 0.585242 0.802845
vt 0.585246 0.790174
vt 0.567516 0.798062
vt 0.573758 0.787065
vt 0.555724 0.786225
vt 0.566562 0.779850
vt 0.319583 0.970030
vt 0.319596 0.983175
vt 0.320648 0.984099
vt 0.567630 0.779133
vt 0.574399 0.785939
vt 0.585248 0.788879
vt 0.596092 0.785963
vt 0.333564 0.984192
vt 0.602967 0.779133
vt 0.604739 0.779182
vt 0.656845 0.640020
vt 0.656819 0.653255
vt 0.615616 0.785757
vt 0.334995 0.983223
vt 0.554397 0.787078
vt 0.566738 0.799434
vt 0.585242 0.804426
vt 0.603730 0.799446
vt 0.334995 0.970002
vt 0.511032 0.700542
vt 0.497354 0.686836
vt 0.511786 0.699251
vt 0.498655 0.686092
vt 0.491840 0.666215
vt 0.493340 0.666219
vt 0.497354 0.645594
vt 0.498655 0.646346
vt 0.616047 0.787027
vt 0.149139 0.096206
vt 0.135742 0.096206
vt 0.149139 0.094399
vt 0.511032 0.631888
vt 0.135742 0.094399
vt 0.511786 0.633186
vt 0.134633 0.096131
vt 0.955122 0.466576
vt 0.955122 0.421328
vt 0.924297 0.436624
vt 0.949618 0.411472
vt 0.924297 0.411472
vt 0.470698 0.355375
vt 0.516261 0.355213
vt 0.470744 0.373532
vt 0.516319 0.373380
vt 0.458679 0.355321
vt 0.468875 0.355374
vt 0.458633 0.373504
vt 0.468838 0.373531
vt 0.809157 0.551490
vt 0.822558 0.536134
vt 0.854569 0.551491
vt 0.864461 0.536134
vt 0.864461 0.545823
vt 0.501813 0.286591
vt 0.488783 0.289698
vt 0.501813 0.282295
vt 0.458465 0.282295
vt 0.479475 0.299087
vt 0.457390 0.283564
vt 0.478642 0.302168
vt 0.458464 0.302156
vt 0.457389 0.301427
vt 0.792403 0.347335
vt 0.789211 0.347335
vt 0.793744 0.346364
vt 0.789211 0.321138
vt 0.793744 0.321138
vt 0.963282 0.602315
vt 0.963282 0.628275
vt 0.973177 0.593362
vt 0.973176 0.628275
vt 0.984707 0.628274
vt 0.984706 0.587001
vt 0.987065 0.628274
vt 0.987761 0.585818
vt 0.987761 0.627312
vt 0.538078 0.869467
vt 0.538078 0.894761
vt 0.535012 0.869467
vt 0.531864 0.878862
vt 0.522346 0.885610
vt 0.519973 0.894761
vt 0.519946 0.885610
vt 0.194470 0.457543
vt 0.219790 0.457543
vt 0.194470 0.482695
vt 0.225295 0.467399
vt 0.225295 0.512647
vt 0.665314 0.123306
vt 0.683402 0.123250
vt 0.665172 0.077938
vt 0.683247 0.077888
vt 0.665104 0.076049
vt 0.683245 0.076068
vt 0.665121 0.065854
vt 0.683288 0.065882
vt 0.418404 0.033219
vt 0.418404 0.042909
vt 0.428296 0.027552
vt 0.460307 0.042909
vt 0.473708 0.027552
vt 0.544425 0.228777
vt 0.544424 0.224481
vt 0.557455 0.231883
vt 0.587772 0.224481
vt 0.566763 0.241271
vt 0.567595 0.244354
vt 0.588849 0.243611
vt 0.587774 0.244341
vt 0.588847 0.225750
vt 0.076678 0.313911
vt 0.101995 0.313911
vt 0.075703 0.312575
vt 0.101995 0.309395
vt 0.075703 0.309395
vt 0.283318 0.859293
vt 0.293213 0.868246
vt 0.283318 0.833333
vt 0.293213 0.833333
vt 0.304743 0.833333
vt 0.304742 0.874607
vt 0.307797 0.834296
vt 0.307101 0.833333
vt 0.307797 0.875790
vt 0.807344 0.450316
vt 0.807344 0.447261
vt 0.832729 0.450316
vt 0.816773 0.444124
vt 0.823545 0.434641
vt 0.832729 0.432276
vt 0.823545 0.432249
vt 0.752493 0.394309
vt 0.756573 0.396793
vt 0.748413 0.396793
vt 0.752493 0.404246
vt 0.748413 0.401761
vt 0.756573 0.401762
vt 0.301224 0.970641
vt 0.306210 0.970641
vt 0.298731 0.966576
vt 0.306210 0.962511
vt 0.301224 0.962511
vt 0.308704 0.966577
vt 0.515573 0.353659
vt 0.469827 0.353877
vt 0.458296 0.353659
vt 0.454351 0.971425
vt 0.455290 0.972448
vt 0.453419 0.972386
vt 0.409338 0.962580
vt 0.410223 0.961608
vt 0.465474 0.969598
vt 0.465262 0.970898
vt 0.376722 0.664408
vt 0.376700 0.662829
vt 0.396166 0.664403
vt 0.466678 0.969991
vt 0.471895 0.962326
vt 0.470931 0.961608
vt 0.396146 0.662823
vt 0.397552 0.663268
vt 0.396146 0.635501
vt 0.397552 0.635515
vt 0.684950 0.122566
vt 0.684740 0.077017
vt 0.684950 0.065492
vt 0.664098 0.077138
vt 0.821850 0.060305
vt 0.820463 0.060746
vt 0.820464 0.059169
vt 0.801001 0.059169
vt 0.330599 0.169481
vt 0.330462 0.159115
vt 0.332276 0.170280
vt 0.332276 0.158702
vt 0.820463 0.088076
vt 0.821850 0.088066
vt 0.800997 0.060746
vt 0.331532 0.157633
vt 0.664179 0.122631
vt 0.993200 0.626956
vt 0.993177 0.617435
vt 0.991387 0.627371
vt 0.991387 0.617435
vt 0.751199 0.322042
vt 0.787333 0.322042
vt 0.750227 0.323296
vt 0.788305 0.358728
vt 0.788305 0.323296
vt 0.751199 0.359982
vt 0.750227 0.358728
vt 0.787333 0.359982
vt 0.658658 0.655375
vt 0.622393 0.655375
vt 0.651871 0.667118
vt 0.622393 0.667118
vt 0.402085 0.947154
vt 0.437443 0.947155
vt 0.402085 0.960705
vt 0.437443 0.960705
vt 0.476428 0.434959
vt 0.440163 0.434959
vt 0.476428 0.423216
vt 0.446950 0.423216
vt 0.642339 0.023035
vt 0.642335 0.011292
vt 0.634118 0.023035
vt 0.634118 0.013391
vt 0.606985 0.011292
vt 0.615202 0.013391
vt 0.606981 0.023035
vt 0.615202 0.023035
vt 0.043064 0.566003
vt 0.048181 0.566003
vt 0.043064 0.557814
vt 0.072076 0.557814
vt 0.048181 0.584856
vt 0.072076 0.593044
vt 0.043064 0.584856
vt 0.043064 0.593044
vt 0.990480 0.012195
vt 0.971442 0.012195
vt 0.990480 0.001355
vt 0.971442 0.001355
vt 0.047597 0.453026
vt 0.047597 0.446703
vt 0.066636 0.453026
vt 0.066636 0.446703
vt 0.013960 0.999548
vt 0.004080 0.999548
vt 0.014959 0.998538
vt 0.004080 0.993225
vt 0.014959 0.993225
vt 0.909684 0.692412
vt 0.904352 0.692412
vt 0.910698 0.693408
vt 0.904352 0.703252
vt 0.910698 0.703252
vt 0.796584 0.014002
vt 0.809036 0.019617
vt 0.795558 0.015308
vt 0.808049 0.021027
vt 0.809714 0.021229
vt 0.167271 0.468004
vt 0.165679 0.467480
vt 0.156135 0.501278
vt 0.837889 0.014002
vt 0.154543 0.500754
vt 0.838169 0.015691
vt 0.154897 0.502337
vt 0.167271 0.508979
vt 0.166015 0.509937
vt 0.125611 0.499839
vt 0.125560 0.501409
vt 0.983228 0.379438
vt 0.985041 0.379429
vt 0.984252 0.380759
vt 0.985041 0.370822
vt 0.983228 0.370826
vt 0.892566 0.449409
vt 0.892566 0.447606
vt 0.904352 0.449413
vt 0.904352 0.447606
vt 0.124356 0.500393
vt 0.121034 0.492936
vt 0.122290 0.492386
vt 0.354034 0.667115
vt 0.365820 0.667118
vt 0.354034 0.665312
vt 0.365820 0.665312
vt 0.393752 0.500182
vt 0.299073 0.501807
vt 0.389758 0.493874
vt 0.395041 0.499162
vt 0.299947 0.495416
vt 0.297177 0.501247
vt 0.231389 0.458887
vt 0.399909 0.453406
vt 0.406618 0.453008
vt 0.406249 0.451179
vt 0.236446 0.454591
vt 0.230373 0.457290
vt 0.228921 0.447837
vt 0.392454 0.443446
vt 0.396849 0.438621
vt 0.395223 0.437544
vt 0.235636 0.449318
vt 0.229543 0.446136
vt 0.242871 0.434487
vt 0.381264 0.440665
vt 0.381190 0.434056
vt 0.379303 0.434351
vt 0.245357 0.440821
vt 0.244656 0.434056
vt 0.340046 0.457764
vt 0.342132 0.464874
vt 0.341933 0.457470
vt 0.180697 0.517345
vt 0.176702 0.511037
vt 0.086018 0.518970
vt 0.181985 0.516325
vt 0.086892 0.512579
vt 0.084121 0.518411
vt 0.018334 0.476051
vt 0.186854 0.470569
vt 0.193563 0.470172
vt 0.193194 0.468343
vt 0.023391 0.471754
vt 0.017318 0.474453
vt 0.015866 0.465000
vt 0.179399 0.460610
vt 0.183794 0.455785
vt 0.182168 0.454707
vt 0.022580 0.466481
vt 0.016488 0.463299
vt 0.029816 0.451650
vt 0.168209 0.457829
vt 0.168135 0.451219
vt 0.166248 0.451514
vt 0.032302 0.457985
vt 0.031601 0.451219
vt 0.126991 0.474928
vt 0.129077 0.482037
vt 0.128878 0.474633
vt 0.995920 0.609304
vt 0.995920 0.603884
vt 0.989574 0.609304
vt 0.989574 0.603884
vt 0.003173 0.434959
vt 0.003173 0.429539
vt 0.009519 0.434959
vt 0.568061 0.829720
vt 0.567996 0.825469
vt 0.575249 0.829720
vt 0.009519 0.429539
vt 0.575185 0.825469
vt 0.045784 0.297651
vt 0.045784 0.303071
vt 0.039438 0.297651
vt 0.568041 0.820687
vt 0.039438 0.303071
vt 0.575230 0.820687
vt 0.430190 0.424119
vt 0.430190 0.429539
vt 0.436537 0.424119
vt 0.436537 0.429539
vt 0.639397 0.094109
vt 0.640563 0.096830
vt 0.643203 0.090126
vt 0.645966 0.091271
vt 0.632809 0.097109
vt 0.633886 0.094324
vt 0.626927 0.091861
vt 0.629792 0.090639
vt 0.626928 0.083983
vt 0.629688 0.085128
vt 0.632331 0.078434
vt 0.643099 0.084615
vt 0.645966 0.083392
vt 0.639009 0.080923
vt 0.640083 0.078139
vt 0.633500 0.081157
vt 0.406198 0.535230
vt 0.411778 0.540613
vt 0.405050 0.537983
vt 0.409047 0.541775
vt 0.412058 0.548339
vt 0.409262 0.547266
vt 0.406791 0.554201
vt 0.405564 0.551345
vt 0.398884 0.554199
vt 0.400033 0.551449
vt 0.393315 0.548815
vt 0.399518 0.538087
vt 0.398291 0.535230
vt 0.395813 0.542162
vt 0.393019 0.541091
vt 0.396047 0.547651
vt 0.570351 0.618462
vt 0.563201 0.612745
vt 0.552996 0.630412
vt 0.560481 0.994301
vt 0.567631 0.988584
vt 0.550277 0.976634
vt 0.929737 0.353659
vt 0.955058 0.353659
vt 0.929737 0.378810
vt 0.960562 0.363514
vt 0.960562 0.408762
vt 0.123753 0.183677
vt 0.123811 0.165511
vt 0.169331 0.183830
vt 0.169376 0.165674
vt 0.171237 0.183830
vt 0.171199 0.165673
vt 0.181444 0.183801
vt 0.181394 0.165618
vt 0.096555 0.242795
vt 0.096555 0.252484
vt 0.106446 0.237127
vt 0.138457 0.252484
vt 0.151859 0.237127
vt 0.060718 0.082012
vt 0.059720 0.085366
vt 0.049840 0.074175
vt 0.018412 0.073752
vt 0.042550 0.063108
vt 0.017679 0.072378
vt 0.083894 0.058363
vt 0.085262 0.069489
vt 0.086582 0.078958
vt 0.083622 0.056117
vt 0.041722 0.060090
vt 0.082599 0.055556
vt 0.022852 0.055556
vt 0.021680 0.055982
vt 0.925204 0.007678
vt 0.925204 0.003162
vt 0.899887 0.007678
vt 0.898912 0.003162
vt 0.898912 0.006342
vt 0.630435 0.323848
vt 0.639619 0.323821
vt 0.630435 0.321456
vt 0.639619 0.305781
vt 0.623664 0.311973
vt 0.614234 0.308837
vt 0.614234 0.305781
vt 0.193563 0.338302
vt 0.238975 0.338302
vt 0.223624 0.369015
vt 0.248867 0.343786
vt 0.248867 0.369015
vt 0.885024 0.976876
vt 0.930586 0.976713
vt 0.885069 0.995032
vt 0.930644 0.994878
vt 0.873007 0.976821
vt 0.883201 0.976876
vt 0.872957 0.995002
vt 0.883163 0.995031
vt 0.965095 0.144083
vt 0.980508 0.157436
vt 0.965095 0.189331
vt 0.980508 0.199187
vt 0.970783 0.199187
vt 0.683770 0.378443
vt 0.691659 0.367608
vt 0.680417 0.377454
vt 0.692009 0.336322
vt 0.702799 0.360324
vt 0.705852 0.359473
vt 0.709899 0.339449
vt 0.693418 0.335592
vt 0.710335 0.340616
vt 0.710335 0.400312
vt 0.707499 0.401617
vt 0.709778 0.401341
vt 0.696302 0.402952
vt 0.686776 0.404246
vt 0.953309 0.900181
vt 0.978626 0.900181
vt 0.979601 0.898845
vt 0.953309 0.895664
vt 0.979601 0.895664
vt 0.323327 0.708672
vt 0.323327 0.706281
vt 0.314143 0.708645
vt 0.314144 0.690605
vt 0.330099 0.696797
vt 0.339529 0.693660
vt 0.339529 0.690605
vt 0.290798 0.126920
vt 0.285811 0.126920
vt 0.293291 0.130984
vt 0.285812 0.135050
vt 0.290798 0.135049
vt 0.283318 0.130985
vt 0.708522 0.155601
vt 0.712602 0.153117
vt 0.708522 0.160570
vt 0.716682 0.160569
vt 0.712602 0.163053
vt 0.716682 0.155601
vt 0.124499 0.163957
vt 0.170248 0.164176
vt 0.181777 0.163957
vt 0.070548 0.491870
vt 0.071487 0.490847
vt 0.072419 0.491808
vt 0.116500 0.482002
vt 0.115616 0.481030
vt 0.060364 0.489019
vt 0.060576 0.490319
vt 0.346804 0.696929
vt 0.366247 0.696934
vt 0.346781 0.698508
vt 0.059160 0.489412
vt 0.053944 0.481747
vt 0.054908 0.481030
vt 0.366227 0.698514
vt 0.367634 0.698069
vt 0.366227 0.725836
vt 0.367634 0.725822
vt 0.929898 0.975158
vt 0.884152 0.975378
vt 0.872620 0.975158
vt 0.888622 0.041886
vt 0.889561 0.042909
vt 0.887690 0.042847
vt 0.843608 0.033040
vt 0.844493 0.032069
vt 0.899533 0.041356
vt 0.899744 0.040056
vt 0.660242 0.059647
vt 0.659798 0.058266
vt 0.658658 0.059646
vt 0.658658 0.079039
vt 0.687670 0.059647
vt 0.687660 0.058266
vt 0.660241 0.079042
vt 0.900949 0.040450
vt 0.906165 0.032786
vt 0.905201 0.032069
vt 0.002619 0.952575
vt 0.001360 0.953543
vt 0.038179 0.952575
vt 0.002619 0.990515
vt 0.001360 0.989547
vt 0.039438 0.989547
vt 0.039438 0.953543
vt 0.038179 0.990515
vt 0.587942 0.577687
vt 0.576156 0.577687
vt 0.587942 0.548316
vt 0.576156 0.541554
vt 0.800997 0.819783
vt 0.814597 0.819783
vt 0.800997 0.855014
vt 0.814597 0.855014
vt 0.539450 0.277778
vt 0.546238 0.266034
vt 0.509973 0.277778
vt 0.509973 0.266034
vt 0.160018 0.011292
vt 0.151798 0.011292
vt 0.160014 0.023035
vt 0.151798 0.020936
vt 0.124664 0.023035
vt 0.132881 0.020936
vt 0.124660 0.011292
vt 0.132881 0.011292
vt 0.982321 0.719571
vt 0.982321 0.711382
vt 0.977204 0.719571
vt 0.953309 0.711382
vt 0.977204 0.738424
vt 0.953309 0.746612
vt 0.982321 0.738424
vt 0.982321 0.746612
vt 0.106528 0.035682
vt 0.117407 0.035682
vt 0.106528 0.016712
vt 0.117407 0.016712
vt 0.370354 0.789070
vt 0.370354 0.808040
vt 0.364007 0.789070
vt 0.364007 0.808040
vt 0.907978 0.910117
vt 0.907978 0.899277
vt 0.913310 0.910117
vt 0.914325 0.899277
vt 0.914325 0.909122
vt 0.955122 0.203704
vt 0.961469 0.203704
vt 0.955122 0.193859
vt 0.961469 0.192864
vt 0.956137 0.192864
vt 0.359474 0.875910
vt 0.358164 0.874887
vt 0.353838 0.888318
vt 0.352423 0.887334
vt 0.352221 0.888993
vt 0.607507 0.691509
vt 0.640902 0.702605
vt 0.606981 0.693095
vt 0.359474 0.917066
vt 0.640376 0.704191
vt 0.357779 0.917344
vt 0.641964 0.703838
vt 0.648631 0.691509
vt 0.649592 0.692760
vt 0.639458 0.733018
vt 0.641034 0.733069
vt 0.317291 0.301265
vt 0.317283 0.303071
vt 0.315956 0.302051
vt 0.325929 0.301265
vt 0.325925 0.303071
vt 0.513599 0.807133
vt 0.525385 0.807136
vt 0.513599 0.805330
vt 0.525385 0.805330
vt 0.640014 0.734268
vt 0.632530 0.737579
vt 0.631978 0.736328
vt 0.383046 0.254287
vt 0.383046 0.252484
vt 0.371260 0.254291
vt 0.371260 0.252484
vt 0.539307 0.774098
vt 0.547865 0.780939
vt 0.537171 0.765600
vt 0.559011 0.732141
vt 0.580105 0.772931
vt 0.581989 0.702200
vt 0.541526 0.643015
vt 0.549447 0.635110
vt 0.541704 0.312378
vt 0.542180 0.315507
vt 0.549276 0.305781
vt 0.599984 0.352755
vt 0.638979 0.328217
vt 0.681453 0.351479
vt 0.690390 0.316085
vt 0.675371 0.305781
vt 0.684382 0.308035
vt 0.563461 0.202914
vt 0.565487 0.181120
vt 0.530815 0.202914
vt 0.520274 0.181120
vt 0.582049 0.773009
vt 0.606074 0.776269
vt 0.583094 0.701797
vt 0.606074 0.687905
vt 0.518132 0.345528
vt 0.521315 0.367245
vt 0.532526 0.345528
vt 0.531202 0.367314
vt 0.534390 0.345691
vt 0.533082 0.367478
vt 0.547144 0.347962
vt 0.540555 0.368809
vt 0.287265 0.269705
vt 0.288760 0.291069
vt 0.246629 0.275592
vt 0.250965 0.296807
vt 0.244847 0.275640
vt 0.249085 0.296764
vt 0.153334 0.269648
vt 0.159943 0.290905
vt 0.582800 0.700454
vt 0.605065 0.685255
vt 0.551315 0.633816
vt 0.571499 0.619897
vt 0.147549 0.293800
vt 0.135539 0.273743
vt 0.158275 0.291136
vt 0.151607 0.269767
vt 0.352221 0.190318
vt 0.354107 0.187444
vt 0.434635 0.203704
vt 0.434568 0.200512
vt 0.503626 0.190358
vt 0.502212 0.187444
vt 0.752946 0.725427
vt 0.756573 0.724029
vt 0.752946 0.762009
vt 0.756573 0.762873
vt 0.788305 0.291247
vt 0.785650 0.289521
vt 0.784308 0.302356
vt 0.781052 0.302303
vt 0.788305 0.312421
vt 0.785661 0.313911
vt 0.870807 0.213775
vt 0.867180 0.214544
vt 0.870807 0.171183
vt 0.867181 0.171952
vt 0.284225 0.205510
vt 0.284997 0.209124
vt 0.376650 0.205510
vt 0.377607 0.209124
vt 0.469175 0.829823
vt 0.472801 0.828817
vt 0.469175 0.840411
vt 0.472801 0.841463
vt 0.532452 0.600271
vt 0.533545 0.596658
vt 0.528979 0.600271
vt 0.528105 0.596658
vt 0.567090 0.181337
vt 0.565089 0.203126
vt 0.563891 0.204587
vt 0.521206 0.368905
vt 0.531998 0.369015
vt 0.784678 0.545678
vt 0.780397 0.537803
vt 0.782548 0.546070
vt 0.530533 0.204607
vt 0.778681 0.538959
vt 0.529478 0.203417
vt 0.519039 0.181390
vt 0.778332 0.537173
vt 0.784678 0.498119
vt 0.290571 0.290971
vt 0.289046 0.269648
vt 0.782657 0.499115
vt 0.782151 0.497290
vt 0.250715 0.298555
vt 0.159510 0.292743
vt 0.148729 0.295539
vt 0.549729 0.632651
vt 0.561621 0.612014
vt 0.536587 0.832949
vt 0.534451 0.841446
vt 0.545145 0.826107
vt 0.556291 0.874905
vt 0.577385 0.834115
vt 0.579269 0.904846
vt 0.538806 0.964031
vt 0.546727 0.971936
vt 0.440375 0.512218
vt 0.443515 0.511743
vt 0.450136 0.519287
vt 0.402992 0.569812
vt 0.427619 0.608666
vt 0.404273 0.650987
vt 0.439795 0.659892
vt 0.450136 0.644927
vt 0.447874 0.653905
vt 0.166943 0.025745
vt 0.121730 0.025745
vt 0.156402 0.047539
vt 0.123756 0.047539
vt 0.603355 0.919141
vt 0.603355 0.830777
vt 0.580374 0.905249
vt 0.579329 0.834037
vt 0.630553 0.707769
vt 0.630553 0.722111
vt 0.608758 0.710939
vt 0.608689 0.720791
vt 0.630390 0.723967
vt 0.608523 0.722664
vt 0.628110 0.736676
vt 0.607188 0.730111
vt 0.559517 0.267898
vt 0.600151 0.273786
vt 0.558021 0.289261
vt 0.595814 0.295000
vt 0.601932 0.273834
vt 0.597694 0.294957
vt 0.693445 0.267841
vt 0.686836 0.289099
vt 0.568779 0.987149
vt 0.602345 0.921791
vt 0.548595 0.973230
vt 0.580080 0.906592
vt 0.695172 0.267959
vt 0.711242 0.271935
vt 0.688504 0.289330
vt 0.699231 0.291995
vt 0.452856 0.235485
vt 0.370441 0.248871
vt 0.450970 0.232611
vt 0.370508 0.245680
vt 0.301451 0.235525
vt 0.302865 0.232611
vt 0.104714 0.954381
vt 0.065730 0.954381
vt 0.103848 0.957995
vt 0.067133 0.957995
vt 0.968803 0.990515
vt 0.957654 0.994497
vt 0.970535 0.993160
vt 0.957707 0.997742
vt 0.947553 0.990515
vt 0.946056 0.993149
vt 0.026610 0.443993
vt 0.069356 0.443993
vt 0.025839 0.440379
vt 0.068584 0.440379
vt 0.910698 0.154923
vt 0.910698 0.062649
vt 0.914325 0.153970
vt 0.914325 0.061879
vt 0.354941 0.247064
vt 0.342248 0.247064
vt 0.353885 0.250678
vt 0.343258 0.250677
vt 0.490027 0.841463
vt 0.490027 0.846883
vt 0.486401 0.842334
vt 0.486401 0.845795
vt 0.120127 0.025962
vt 0.122128 0.047751
vt 0.123325 0.049212
vt 0.607092 0.710831
vt 0.606981 0.721584
vt 0.398065 0.254291
vt 0.398459 0.256414
vt 0.390162 0.258557
vt 0.156684 0.049232
vt 0.391322 0.260266
vt 0.157738 0.048042
vt 0.168178 0.026016
vt 0.389529 0.260614
vt 0.350334 0.254291
vt 0.556210 0.289163
vt 0.557735 0.267841
vt 0.351333 0.256305
vt 0.349501 0.256809
vt 0.596064 0.296748
vt 0.687269 0.290937
vt 0.698051 0.293735
vt 0.547009 0.974395
vt 0.558901 0.995032
vt 0.615811 0.251952
vt 0.616954 0.251845
vt 0.615541 0.250678
vt 0.663191 0.615144
vt 0.644225 0.620145
vt 0.662435 0.613855
vt 0.644225 0.618655
vt 0.623336 0.614637
vt 0.624094 0.613349
vt 0.608045 0.599594
vt 0.609357 0.598849
vt 0.602448 0.579042
vt 0.603963 0.579044
vt 0.608045 0.558491
vt 0.609357 0.559238
vt 0.623336 0.543447
vt 0.624094 0.544738
vt 0.644225 0.537940
vt 0.644225 0.539431
vt 0.663191 0.542940
vt 0.662435 0.544232
vt 0.342620 0.921192
vt 0.341342 0.921460
vt 0.342513 0.920054
vt 0.615816 0.264954
vt 0.615563 0.266034
vt 0.616954 0.265061
vt 0.029645 0.568414
vt 0.025357 0.584391
vt 0.028493 0.567751
vt 0.024025 0.584392
vt 0.030098 0.602055
vt 0.028945 0.602720
vt 0.043050 0.614985
vt 0.042384 0.616137
vt 0.060744 0.619718
vt 0.060743 0.621048
vt 0.078437 0.614985
vt 0.079102 0.616137
vt 0.091390 0.602055
vt 0.092542 0.602720
vt 0.096131 0.584391
vt 0.097461 0.584392
vt 0.091842 0.568414
vt 0.092995 0.567751
vt 0.355670 0.921191
vt 0.355777 0.920054
vt 0.356754 0.921442
vt 0.603492 0.264966
vt 0.601913 0.265045
vt 0.602948 0.265976
vt 0.875710 0.185299
vt 0.872861 0.195800
vt 0.874716 0.184734
vt 0.871714 0.195801
vt 0.876230 0.208219
vt 0.875236 0.208786
vt 0.885434 0.217310
vt 0.884859 0.218291
vt 0.898006 0.220637
vt 0.898005 0.221771
vt 0.910579 0.217309
vt 0.911152 0.218291
vt 0.919783 0.208219
vt 0.920775 0.208786
vt 0.923152 0.195800
vt 0.924297 0.195801
vt 0.920303 0.185299
vt 0.921295 0.184734
vt 0.355676 0.933479
vt 0.356690 0.934016
vt 0.355754 0.935048
vt 0.934272 0.015808
vt 0.949855 0.015877
vt 0.934270 0.029287
vt 0.949853 0.029356
vt 0.969680 0.015880
vt 0.969678 0.029359
vt 0.986854 0.015808
vt 0.986852 0.029287
vt 0.841795 0.473803
vt 0.841795 0.492322
vt 0.855394 0.473803
vt 0.855394 0.492322
vt 0.841795 0.510840
vt 0.855394 0.510840
vt 0.966074 0.417794
vt 0.966002 0.400682
vt 0.979601 0.417796
vt 0.979529 0.400684
vt 0.966004 0.380929
vt 0.979532 0.380931
vt 0.966074 0.365402
vt 0.979601 0.365404
vt 0.081015 0.574654
vt 0.083628 0.584391
vt 0.080563 0.595814
vt 0.072186 0.604176
vt 0.060744 0.607237
vt 0.049301 0.604176
vt 0.040925 0.595814
vt 0.037859 0.584391
vt 0.040472 0.574654
vt 0.603507 0.251952
vt 0.601905 0.251877
vt 0.603610 0.250685
vt 0.774457 0.107046
vt 0.770172 0.123081
vt 0.784700 0.112976
vt 0.781999 0.123081
vt 0.786139 0.113807
vt 0.774909 0.140809
vt 0.592267 0.251876
vt 0.783661 0.123079
vt 0.592277 0.265060
vt 0.785152 0.134879
vt 0.787851 0.153786
vt 0.580858 0.251881
vt 0.786591 0.134043
vt 0.580871 0.265075
vt 0.793765 0.143516
vt 0.805530 0.158537
vt 0.569443 0.251891
vt 0.794595 0.142069
vt 0.569458 0.265091
vt 0.805530 0.146677
vt 0.823209 0.153786
vt 0.558024 0.251904
vt 0.805529 0.145007
vt 0.558041 0.265107
vt 0.817295 0.143516
vt 0.836151 0.140809
vt 0.342488 0.978757
vt 0.342501 0.967382
vt 0.355738 0.978771
vt 0.816464 0.142069
vt 0.355749 0.967394
vt 0.825908 0.134879
vt 0.840889 0.123081
vt 0.342513 0.956010
vt 0.824468 0.134043
vt 0.355755 0.956019
vt 0.829061 0.123081
vt 0.836603 0.107046
vt 0.342526 0.944645
vt 0.827398 0.123079
vt 0.355757 0.944652
vt 0.826360 0.112976
vt 0.342538 0.935043
vt 0.824920 0.113807
vt 0.341344 0.933347
vt 0.342614 0.933449
vt 0.484405 0.742826
vt 0.490735 0.738846
vt 0.482774 0.648489
vt 0.485428 0.744110
vt 0.489188 0.649360
vt 0.483336 0.646599
vt 0.525850 0.581050
vt 0.531350 0.748961
vt 0.531749 0.755646
vt 0.533585 0.755278
vt 0.530162 0.586089
vt 0.527453 0.580038
vt 0.536940 0.578591
vt 0.541346 0.741533
vt 0.546188 0.745912
vt 0.547270 0.744292
vt 0.535454 0.585281
vt 0.538647 0.579211
vt 0.550338 0.592490
vt 0.544137 0.730383
vt 0.550771 0.730310
vt 0.550474 0.728429
vt 0.543981 0.594967
vt 0.550771 0.594269
vt 0.526976 0.689314
vt 0.519841 0.691392
vt 0.527272 0.691194
vt 0.473526 0.944271
vt 0.471895 0.849934
vt 0.479856 0.940291
vt 0.474549 0.945555
vt 0.478309 0.850805
vt 0.472456 0.848045
vt 0.514970 0.782496
vt 0.520471 0.950407
vt 0.520869 0.957091
vt 0.522705 0.956724
vt 0.519283 0.787534
vt 0.516574 0.781483
vt 0.526060 0.780036
vt 0.530466 0.942978
vt 0.535309 0.947357
vt 0.536391 0.945738
vt 0.524575 0.786727
vt 0.527768 0.780656
vt 0.539459 0.793936
vt 0.533258 0.931829
vt 0.539891 0.931755
vt 0.539595 0.929875
vt 0.533101 0.796412
vt 0.539891 0.795715
vt 0.516097 0.890759
vt 0.508961 0.892838
vt 0.516392 0.892640
vt 0.325929 0.561427
vt 0.318676 0.561427
vt 0.325929 0.565944
vt 0.318676 0.565944
vt 0.620600 0.009485
vt 0.627788 0.009485
vt 0.620644 0.004703
vt 0.325929 0.570461
vt 0.627833 0.004703
vt 0.318676 0.570461
vt 0.620580 0.000452
vt 0.347688 0.518989
vt 0.347688 0.526152
vt 0.352488 0.519034
vt 0.627769 0.000452
vt 0.352488 0.526197
vt 0.356754 0.526133
vt 0.356754 0.518970
vt 0.908475 0.517164
vt 0.908475 0.539745
vt 0.905258 0.517165
vt 0.905258 0.539747
vt 0.911605 0.539747
vt 0.179962 0.527100
vt 0.157303 0.527100
vt 0.179958 0.523806
vt 0.911605 0.517165
vt 0.157298 0.523806
vt 0.513599 0.836951
vt 0.513599 0.859523
vt 0.510178 0.836958
vt 0.179964 0.520777
vt 0.510178 0.859530
vt 0.157304 0.520777
vt 0.507253 0.836947
vt 0.507253 0.859519
vt 0.936823 0.869621
vt 0.933683 0.869463
vt 0.935686 0.868195
vt 0.937942 0.868187
vt 0.939912 0.869443
vt 0.940049 0.899419
vt 0.936894 0.899244
vt 0.933688 0.899414
vt 0.938047 0.900858
vt 0.935733 0.900853
vt 0.936166 0.941261
vt 0.934217 0.940026
vt 0.937287 0.939819
vt 0.938430 0.941244
vt 0.940439 0.939958
vt 0.937155 0.910151
vt 0.934033 0.909984
vt 0.940340 0.909973
vt 0.936011 0.908546
vt 0.938300 0.908541
vt 0.954037 0.941230
vt 0.952077 0.939960
vt 0.955157 0.939817
vt 0.956276 0.941260
vt 0.958291 0.940019
vt 0.955228 0.910142
vt 0.952113 0.909969
vt 0.958419 0.909970
vt 0.954088 0.908536
vt 0.956377 0.908534
vt 0.905789 0.485998
vt 0.903848 0.484765
vt 0.906876 0.484556
vt 0.907981 0.485972
vt 0.909924 0.484691
vt 0.909783 0.454705
vt 0.906695 0.454874
vt 0.903608 0.454699
vt 0.907816 0.453272
vt 0.905575 0.453260
vt 0.923265 0.485963
vt 0.921326 0.484687
vt 0.924376 0.484538
vt 0.925483 0.485981
vt 0.927417 0.484737
vt 0.924392 0.454865
vt 0.921315 0.454699
vt 0.927482 0.454687
vt 0.923271 0.453259
vt 0.925510 0.453259
vt 0.906743 0.950314
vt 0.904813 0.949083
vt 0.907828 0.948873
vt 0.908934 0.950290
vt 0.904568 0.919020
vt 0.910886 0.949007
vt 0.907643 0.919193
vt 0.906520 0.917586
vt 0.910741 0.919022
vt 0.908765 0.917582
vt 0.925310 0.948851
vt 0.928362 0.949046
vt 0.926419 0.950294
vt 0.924201 0.950275
vt 0.922275 0.949002
vt 0.925331 0.919191
vt 0.928433 0.919020
vt 0.922266 0.919021
vt 0.926453 0.917582
vt 0.924212 0.917582
vt 0.920785 0.914657
vt 0.920827 0.969636
vt 0.912301 0.969644
vt 0.912066 0.914667
vt 0.929737 0.914634
vt 0.929477 0.969871
vt 0.928798 0.973351
vt 0.950154 0.848530
vt 0.950589 0.903731
vt 0.941329 0.848780
vt 0.941617 0.903794
vt 0.920699 0.973002
vt 0.949455 0.845077
vt 0.941254 0.845426
vt 0.912374 0.972998
vt 0.112155 0.437982
vt 0.106204 0.442811
vt 0.119597 0.436230
vt 0.133028 0.442578
vt 0.903668 0.969898
vt 0.904361 0.973345
vt 0.127057 0.437904
vt 0.128696 0.434959
vt 0.135476 0.440265
vt 0.112314 0.469147
vt 0.102963 0.457461
vt 0.102901 0.449702
vt 0.932622 0.845417
vt 0.932494 0.848782
vt 0.928698 0.505552
vt 0.928014 0.509033
vt 0.919902 0.505319
vt 0.928830 0.450316
vt 0.894379 0.914726
vt 0.903110 0.914634
vt 0.895078 0.969988
vt 0.919892 0.450338
vt 0.911169 0.450345
vt 0.911392 0.505330
vt 0.919778 0.508686
vt 0.136446 0.457288
vt 0.136446 0.449607
vt 0.911462 0.508688
vt 0.902754 0.505580
vt 0.902207 0.450316
vt 0.894069 0.505670
vt 0.893472 0.450406
vt 0.135647 0.466512
vt 0.133165 0.464240
vt 0.128891 0.471996
vt 0.903447 0.509030
vt 0.127215 0.469070
vt 0.959312 0.960835
vt 0.958613 0.964318
vt 0.950468 0.960595
vt 0.950333 0.963960
vt 0.119773 0.470821
vt 0.941749 0.960588
vt 0.941818 0.963942
vt 0.932922 0.960829
vt 0.933624 0.964278
vt 0.106314 0.464379
vt 0.924301 0.845077
vt 0.923601 0.848552
vt 0.959655 0.905601
vt 0.950517 0.905606
vt 0.941595 0.905601
vt 0.932457 0.905626
vt 0.923391 0.903760
vt 0.932365 0.903788
vt 0.613122 0.566180
vt 0.614477 0.566835
vt 0.620165 0.557314
vt 0.621103 0.558494
vt 0.612111 0.577236
vt 0.630344 0.552394
vt 0.610607 0.577236
vt 0.630679 0.553865
vt 0.614477 0.587637
vt 0.641642 0.552394
vt 0.613122 0.588292
vt 0.641307 0.553865
vt 0.621103 0.595977
vt 0.651820 0.557314
vt 0.620165 0.597158
vt 0.650882 0.558494
vt 0.630679 0.600606
vt 0.658864 0.566180
vt 0.630344 0.602078
vt 0.657509 0.566835
vt 0.641307 0.600606
vt 0.661378 0.577236
vt 0.641642 0.602078
vt 0.659874 0.577236
vt 0.650882 0.595977
vt 0.658864 0.588292
vt 0.651820 0.597158
vt 0.657509 0.587637
vt 0.249773 0.364789
vt 0.261559 0.364789
vt 0.249773 0.372629
vt 0.261559 0.372629
vt 0.261559 0.355014
vt 0.348595 0.560524
vt 0.348595 0.572267
vt 0.357341 0.560524
vt 0.357341 0.572267
vt 0.249773 0.355014
vt 0.960310 0.616091
vt 0.959011 0.615466
vt 0.962375 0.607046
vt 0.261559 0.345238
vt 0.954524 0.623346
vt 0.953625 0.622219
vt 0.945842 0.625966
vt 0.946163 0.627371
vt 0.929421 0.622219
vt 0.929421 0.591874
vt 0.959011 0.598626
vt 0.367048 0.560524
vt 0.367048 0.572267
vt 0.937204 0.625966
vt 0.936883 0.627371
vt 0.375793 0.560524
vt 0.928522 0.623346
vt 0.375793 0.572267
vt 0.000453 0.157633
vt 0.012239 0.157633
vt 0.000453 0.149793
vt 0.012239 0.149793
vt 0.924035 0.615466
vt 0.922736 0.616091
vt 0.922113 0.607046
vt 0.000453 0.140018
vt 0.920671 0.607046
vt 0.012239 0.140018
vt 0.924035 0.598626
vt 0.000453 0.130242
vt 0.922736 0.598000
vt 0.012239 0.130242
vt 0.000453 0.122403
vt 0.928522 0.590746
vt 0.012239 0.122403
vt 0.014959 0.789973
vt 0.014959 0.778229
vt 0.023705 0.789973
vt 0.023705 0.778229
vt 0.937204 0.588126
vt 0.936883 0.586721
vt 0.945842 0.588126
vt 0.033412 0.789973
vt 0.946163 0.586721
vt 0.033412 0.778229
vt 0.953625 0.591874
vt 0.042158 0.789973
vt 0.954524 0.590746
vt 0.042158 0.778229
vt 0.249773 0.337398
vt 0.261559 0.337398
vt 0.249773 0.345238
vt 0.960310 0.598000
vt 0.960933 0.607046
vt 0.741155 0.098864
vt 0.746291 0.083108
vt 0.742139 0.099577
vt 0.747507 0.083107
vt 0.741155 0.067350
vt 0.742139 0.066638
vt 0.727711 0.057612
vt 0.728086 0.056459
vt 0.711092 0.057612
vt 0.710717 0.056459
vt 0.697648 0.067351
vt 0.696664 0.066638
vt 0.692512 0.083107
vt 0.691296 0.083108
vt 0.697648 0.098865
vt 0.696664 0.099577
vt 0.711092 0.108603
vt 0.710717 0.109756
vt 0.727711 0.108603
vt 0.728087 0.109756
vt 0.921578 0.158537
vt 0.940616 0.158537
vt 0.921578 0.144083
vt 0.940616 0.144083
vt 0.211695 0.021229
vt 0.192656 0.021229
vt 0.211695 0.006775
vt 0.192656 0.006775
vt 0.912511 0.044715
vt 0.893472 0.044715
vt 0.912511 0.059169
vt 0.893472 0.059169
vt 0.002267 0.075429
vt 0.002267 0.056459
vt 0.016772 0.075429
vt 0.016772 0.056459
vt 0.773799 0.003162
vt 0.792838 0.003162
vt 0.773799 0.017615
vt 0.792838 0.017615
vt 0.120127 0.014905
vt 0.101088 0.014905
vt 0.120127 0.000452
vt 0.101088 0.000452
vt 0.736627 0.592141
vt 0.736627 0.573171
vt 0.722121 0.592141
vt 0.722121 0.573171
vt 0.785585 0.184734
vt 0.785585 0.203704
vt 0.800091 0.184734
vt 0.800091 0.203704
vt 0.553490 0.610208
vt 0.553490 0.591238
vt 0.567996 0.610208
vt 0.567996 0.591238
vt 0.942430 0.000452
vt 0.961469 0.000452
vt 0.942430 0.014905
vt 0.961469 0.014905
vt 0.324618 0.093515
vt 0.338657 0.098013
vt 0.325422 0.092399
vt 0.338649 0.096638
vt 0.352651 0.093372
vt 0.338629 0.092561
vt 0.327802 0.089095
vt 0.856301 0.445042
vt 0.865766 0.444896
vt 0.857691 0.530714
vt 0.866314 0.530581
vt 0.878233 0.444896
vt 0.349438 0.088971
vt 0.877672 0.530581
vt 0.351841 0.092263
vt 0.361287 0.081383
vt 0.888939 0.445042
vt 0.356114 0.079704
vt 0.887426 0.530714
vt 0.359983 0.080960
vt 0.361287 0.066595
vt 0.864461 0.760089
vt 0.875625 0.760163
vt 0.865454 0.677958
vt 0.356120 0.068280
vt 0.875625 0.678026
vt 0.359985 0.067020
vt 0.352626 0.054633
vt 0.887126 0.760089
vt 0.349442 0.059053
vt 0.886103 0.677958
vt 0.351822 0.055750
vt 0.338587 0.050135
vt 0.887887 0.773713
vt 0.888033 0.783143
vt 0.801904 0.775097
vt 0.338615 0.055587
vt 0.802037 0.783689
vt 0.338595 0.051510
vt 0.324593 0.054776
vt 0.888033 0.795565
vt 0.327807 0.059177
vt 0.802037 0.795006
vt 0.325403 0.055885
vt 0.315956 0.066765
vt 0.887887 0.806233
vt 0.321130 0.068444
vt 0.801904 0.804725
vt 0.317261 0.067188
vt 0.315957 0.081553
vt 0.919764 0.384298
vt 0.908600 0.384372
vt 0.918771 0.302168
vt 0.321124 0.079868
vt 0.908600 0.302235
vt 0.317259 0.081128
vt 0.897099 0.384298
vt 0.898122 0.302168
vt 0.483681 0.197380
vt 0.483681 0.211834
vt 0.498187 0.197380
vt 0.498187 0.211834
vt 0.573436 0.429539
vt 0.587942 0.429539
vt 0.573436 0.443993
vt 0.587942 0.443993
vt 0.521759 0.742096
vt 0.521759 0.727642
vt 0.536265 0.742096
vt 0.536265 0.727642
vt 0.763826 0.092593
vt 0.763826 0.078139
vt 0.749320 0.092593
vt 0.749320 0.078139
vt 0.043971 0.088979
vt 0.043971 0.103433
vt 0.029465 0.088979
vt 0.029465 0.103433
vt 0.998640 0.681572
vt 0.998640 0.667118
vt 0.984134 0.681572
vt 0.984134 0.667118
vt 0.656845 0.794490
vt 0.656845 0.780036
vt 0.642339 0.794490
vt 0.642339 0.780036
vt 0.412965 0.058266
vt 0.412965 0.043812
vt 0.427471 0.058266
vt 0.427471 0.043812
vt 0.673164 0.042005
vt 0.658658 0.042005
vt 0.673164 0.056459
vt 0.658658 0.056459
vt 0.155485 0.491870
vt 0.155485 0.477416
vt 0.140979 0.491870
vt 0.140979 0.477416
vt 0.709429 0.380759
vt 0.720308 0.380759
vt 0.709429 0.366305
vt 0.720308 0.366305
vt 0.692203 0.616531
vt 0.692203 0.605691
vt 0.706709 0.616531
vt 0.706709 0.605691
vt 0.847235 0.343722
vt 0.836355 0.343722
vt 0.847235 0.329268
vt 0.836355 0.329268
vt 0.711242 0.063686
vt 0.711242 0.074526
vt 0.725748 0.063686
vt 0.725748 0.074526
vt 0.172711 0.267841
vt 0.172711 0.257001
vt 0.158205 0.267841
vt 0.158205 0.257001
vt 0.067543 0.102529
vt 0.078422 0.102529
vt 0.067543 0.116983
vt 0.078422 0.116983
vt 0.875340 0.309395
vt 0.875340 0.320235
vt 0.889846 0.309395
vt 0.889846 0.320235
vt 0.167271 0.662602
vt 0.167271 0.651762
vt 0.181777 0.662602
vt 0.181777 0.651762
vt 0.092022 0.004065
vt 0.092022 0.014905
vt 0.077516 0.004065
vt 0.077516 0.014905
vt 0.493654 0.075429
vt 0.493654 0.064589
vt 0.508160 0.075429
vt 0.508160 0.064589
vt 0.188880 0.060322
vt 0.175435 0.070060
vt 0.188504 0.059169
vt 0.174452 0.069348
vt 0.170300 0.085818
vt 0.205874 0.059169
vt 0.169084 0.085818
vt 0.205498 0.060322
vt 0.219927 0.069348
vt 0.218943 0.070060
vt 0.225295 0.085818
vt 0.224078 0.085818
vt 0.219927 0.102287
vt 0.218943 0.101575
vt 0.205874 0.112466
vt 0.175435 0.101575
vt 0.174452 0.102287
vt 0.188880 0.111313
vt 0.188504 0.112466
vt 0.205498 0.111313
vt 0.896645 0.391004
vt 0.880831 0.396121
vt 0.896646 0.389792
vt 0.913175 0.395140
vt 0.880116 0.395140
vt 0.912460 0.396121
vt 0.923391 0.409142
vt 0.922234 0.409517
vt 0.923391 0.426449
vt 0.922234 0.426075
vt 0.913175 0.440452
vt 0.912460 0.439471
vt 0.896645 0.445799
vt 0.896645 0.444588
vt 0.880116 0.440451
vt 0.871058 0.409516
vt 0.869900 0.409142
vt 0.871058 0.426075
vt 0.869900 0.426449
vt 0.880831 0.439471
vt 0.492597 0.063032
vt 0.479152 0.072770
vt 0.492221 0.061879
vt 0.478169 0.072058
vt 0.474017 0.088528
vt 0.509591 0.061879
vt 0.472801 0.088528
vt 0.509215 0.063032
vt 0.523644 0.072058
vt 0.522660 0.072770
vt 0.529012 0.088528
vt 0.527795 0.088528
vt 0.523644 0.104997
vt 0.522660 0.104285
vt 0.509591 0.115176
vt 0.479152 0.104285
vt 0.478169 0.104997
vt 0.492597 0.114023
vt 0.492221 0.115176
vt 0.509215 0.114023
vt 0.255218 0.106091
vt 0.250083 0.090334
vt 0.254234 0.106804
vt 0.268287 0.116983
vt 0.248867 0.090334
vt 0.268663 0.115830
vt 0.285657 0.116983
vt 0.285281 0.115830
vt 0.299709 0.106804
vt 0.298725 0.106091
vt 0.305077 0.090334
vt 0.303861 0.090334
vt 0.299709 0.073864
vt 0.298725 0.074577
vt 0.285657 0.063686
vt 0.255218 0.074577
vt 0.254234 0.073864
vt 0.268663 0.064839
vt 0.268287 0.063686
vt 0.285281 0.064839
vt 0.586129 0.600948
vt 0.586129 0.598690
vt 0.588395 0.602078
vt 0.590662 0.598690
vt 0.590662 0.600948
vt 0.588395 0.597561
vt 0.081142 0.030488
vt 0.083409 0.029359
vt 0.081142 0.032746
vt 0.085675 0.032746
vt 0.083409 0.033875
vt 0.085675 0.030488
vt 0.831595 0.564137
vt 0.832729 0.561879
vt 0.829329 0.564137
vt 0.829329 0.559621
vt 0.828196 0.561879
vt 0.831595 0.559621
vt 0.939937 0.799910
vt 0.942203 0.799910
vt 0.938803 0.797651
vt 0.942203 0.795393
vt 0.939937 0.795393
vt 0.943336 0.797651
vt 0.378513 0.152890
vt 0.378513 0.150632
vt 0.380780 0.154020
vt 0.383046 0.150632
vt 0.383046 0.152890
vt 0.380780 0.149503
vt 0.706709 0.035230
vt 0.705576 0.032972
vt 0.705576 0.037489
vt 0.702176 0.035230
vt 0.703309 0.037489
vt 0.703309 0.032972
vt 0.378060 0.002258
vt 0.380326 0.003387
vt 0.375793 0.003387
vt 0.378060 0.006775
vt 0.375793 0.005646
vt 0.380326 0.005646
vt 0.650272 0.014002
vt 0.648005 0.014002
vt 0.651405 0.016260
vt 0.648005 0.018519
vt 0.650272 0.018519
vt 0.646872 0.016260
vt 0.872620 0.137763
vt 0.872620 0.171183
vt 0.874752 0.137760
vt 0.874752 0.171180
vt 0.297820 0.240741
vt 0.264279 0.240741
vt 0.297824 0.242865
vt 0.877153 0.137762
vt 0.264282 0.242865
vt 0.877153 0.171182
vt 0.297822 0.245257
vt 0.740254 0.075429
vt 0.706709 0.075429
vt 0.740253 0.077687
vt 0.264280 0.245257
vt 0.706709 0.077687
vt 0.706709 0.079945
vt 0.740254 0.079946
vt 0.349505 0.997156
vt 0.349501 0.995032
vt 0.383046 0.997156
vt 0.383043 0.995032
vt 0.383044 0.999548
vt 0.825480 0.994128
vt 0.825476 0.996253
vt 0.859021 0.994128
vt 0.349503 0.999548
vt 0.859018 0.996253
vt 0.489120 0.182023
vt 0.489120 0.184282
vt 0.455576 0.182023
vt 0.825478 0.998645
vt 0.455576 0.184282
vt 0.859020 0.998645
vt 0.489121 0.186540
vt 0.455576 0.186540
vt 0.633273 0.427736
vt 0.635405 0.427733
vt 0.633273 0.461156
vt 0.635405 0.461153
vt 0.431093 0.368112
vt 0.431097 0.370236
vt 0.397552 0.368112
vt 0.637806 0.427735
vt 0.397555 0.370236
vt 0.637806 0.461155
vt 0.431095 0.372629
vt 0.610608 0.685185
vt 0.610608 0.687444
vt 0.644152 0.685185
vt 0.397553 0.372629
vt 0.644152 0.687444
vt 0.644152 0.689702
vt 0.610607 0.689702
vt 0.702176 0.331975
vt 0.702176 0.298555
vt 0.704308 0.331978
vt 0.704308 0.298558
vt 0.480961 0.500900
vt 0.480961 0.467480
vt 0.478829 0.500903
vt 0.706709 0.331976
vt 0.478829 0.467483
vt 0.706709 0.298556
vt 0.476428 0.500901
vt 0.749320 0.264227
vt 0.749320 0.230804
vt 0.747054 0.264227
vt 0.476428 0.467480
vt 0.747054 0.230804
vt 0.744787 0.230804
vt 0.744787 0.264228
vt 0.401178 0.982385
vt 0.401177 0.979180
vt 0.378515 0.982385
vt 0.378513 0.979180
vt 0.824568 0.007678
vt 0.824564 0.004384
vt 0.801908 0.007678
vt 0.401179 0.976061
vt 0.801904 0.004384
vt 0.378515 0.976061
vt 0.824569 0.001355
vt 0.260649 0.058266
vt 0.260642 0.061675
vt 0.237994 0.058266
vt 0.801910 0.001355
vt 0.237987 0.061675
vt 0.237999 0.064589
vt 0.260653 0.064589
vt 0.960562 0.151332
vt 0.960562 0.183107
vt 0.955576 0.148600
vt 0.950589 0.151331
vt 0.955576 0.186540
vt 0.950589 0.183107
vt 0.670466 0.983288
vt 0.667724 0.988257
vt 0.702357 0.983288
vt 0.670466 0.993225
vt 0.705802 0.988257
vt 0.702357 0.993225
vt 0.993200 0.566847
vt 0.999547 0.566847
vt 0.993200 0.599368
vt 0.999547 0.599368
vt 0.298731 0.349142
vt 0.298731 0.342818
vt 0.305077 0.349142
vt 0.305077 0.342818
vt 0.642339 0.590334
vt 0.642339 0.584011
vt 0.635993 0.590334
vt 0.635993 0.584011
vt 0.504533 0.280488
vt 0.504533 0.274164
vt 0.471895 0.280488
vt 0.471895 0.274164
vt 0.910698 0.595754
vt 0.916138 0.595754
vt 0.910698 0.602078
vt 0.916138 0.602078
vt 0.508160 0.245257
vt 0.508160 0.239837
vt 0.514506 0.245257
vt 0.514506 0.239837
vt 0.603355 0.607882
vt 0.608341 0.604788
vt 0.603355 0.641814
vt 0.613327 0.607880
vt 0.613327 0.641825
vt 0.831822 0.612014
vt 0.831822 0.645959
vt 0.821850 0.612025
vt 0.826836 0.649051
vt 0.821850 0.645957
vt 0.841795 0.042909
vt 0.841795 0.047425
vt 0.876247 0.042909
vt 0.876247 0.047425
vt 0.373980 0.488257
vt 0.373980 0.492773
vt 0.364007 0.488257
vt 0.364007 0.492773
vt 0.043971 0.243451
vt 0.043971 0.247967
vt 0.078422 0.243451
vt 0.078422 0.247967
vt 0.995014 0.163957
vt 0.988667 0.163957
vt 0.995014 0.168473
vt 0.988667 0.168473
vt 0.942430 0.970641
vt 0.936083 0.970641
vt 0.942430 0.966125
vt 0.936083 0.966125
vt 0.629873 0.176603
vt 0.626700 0.176603
vt 0.631460 0.179765
vt 0.626700 0.182927
vt 0.629873 0.182927
vt 0.625113 0.179765
vt 0.128966 0.120596
vt 0.127380 0.123758
vt 0.132140 0.120596
vt 0.132140 0.126920
vt 0.133726 0.123758
vt 0.128966 0.126920
vt 0.625839 0.988708
vt 0.622393 0.993676
vt 0.657730 0.988708
vt 0.625839 0.998645
vt 0.660471 0.993676
vt 0.657730 0.998645
vt 0.647960 0.065492
vt 0.616068 0.065492
vt 0.651405 0.070461
vt 0.647960 0.075429
vt 0.613327 0.070460
vt 0.616069 0.075429
vt 0.244334 0.206414
vt 0.211695 0.206414
vt 0.244334 0.212737
vt 0.211695 0.212737
vt 0.006800 0.646341
vt 0.013146 0.646341
vt 0.006800 0.640018
vt 0.013146 0.640018
vt 0.433817 0.680668
vt 0.433817 0.686992
vt 0.440163 0.680668
vt 0.440163 0.686992
vt 0.158205 0.727642
vt 0.190843 0.727642
vt 0.158205 0.721319
vt 0.190843 0.721319
vt 0.996827 0.855014
vt 0.990480 0.855014
vt 0.996827 0.849594
vt 0.990480 0.849594
vt 0.448323 0.570461
vt 0.448323 0.576784
vt 0.442883 0.570461
vt 0.442883 0.576784
vt 0.315050 0.626468
vt 0.280982 0.626468
vt 0.315039 0.636405
vt 0.277879 0.631437
vt 0.280984 0.636405
vt 0.451949 0.624277
vt 0.446963 0.627371
vt 0.451949 0.590345
vt 0.441976 0.624279
vt 0.441976 0.590334
vt 0.276065 0.674345
vt 0.241614 0.674345
vt 0.276065 0.678862
vt 0.241614 0.678862
vt 0.134633 0.225384
vt 0.134633 0.215447
vt 0.139166 0.225384
vt 0.139166 0.215447
vt 0.107434 0.800813
vt 0.072983 0.800813
vt 0.107434 0.805330
vt 0.072983 0.805330
vt 0.261559 0.301265
vt 0.261559 0.296748
vt 0.267906 0.301265
vt 0.267906 0.296748
vt 0.742974 0.045619
vt 0.742974 0.041102
vt 0.736627 0.045619
vt 0.736627 0.041102
vt 0.439257 0.667344
vt 0.439257 0.664182
vt 0.442430 0.668925
vt 0.445603 0.664182
vt 0.445603 0.667344
vt 0.442430 0.662602
vt 0.833182 0.149503
vt 0.836355 0.151084
vt 0.830009 0.151084
vt 0.833182 0.155827
vt 0.830009 0.154246
vt 0.836355 0.154246
vt 0.825484 0.817073
vt 0.849955 0.817073
vt 0.825476 0.822379
vt 0.849947 0.822379
vt 0.882576 0.586721
vt 0.858137 0.586721
vt 0.882553 0.592632
vt 0.825483 0.827913
vt 0.858114 0.592632
vt 0.849954 0.827913
vt 0.882593 0.597561
vt 0.692201 0.982385
vt 0.667735 0.982385
vt 0.692190 0.976781
vt 0.858155 0.597561
vt 0.667724 0.976781
vt 0.667738 0.971545
vt 0.692203 0.971545
vt 0.666818 0.134160
vt 0.672073 0.134146
vt 0.666818 0.158537
vt 0.672073 0.158523
vt 0.084728 0.475610
vt 0.084769 0.480538
vt 0.060290 0.475610
vt 0.677697 0.134157
vt 0.060331 0.480538
vt 0.677697 0.158534
vt 0.084746 0.486450
vt 0.026744 0.938121
vt 0.026737 0.943655
vt 0.002274 0.938121
vt 0.060307 0.486450
vt 0.002267 0.943655
vt 0.002275 0.948961
vt 0.026745 0.948961
vt 0.119008 0.798103
vt 0.150045 0.798103
vt 0.119008 0.801265
vt 0.150045 0.801264
vt 0.080236 0.555104
vt 0.049198 0.555104
vt 0.080236 0.551491
vt 0.119008 0.804426
vt 0.150045 0.804426
vt 0.049198 0.551491
vt 0.881686 0.061879
vt 0.850648 0.061879
vt 0.881686 0.058717
vt 0.082743 0.708672
vt 0.113780 0.708672
vt 0.082743 0.712285
vt 0.113781 0.712285
vt 0.850648 0.058717
vt 0.881686 0.055556
vt 0.850648 0.055556
vt 0.363845 0.466576
vt 0.360543 0.466576
vt 0.363554 0.465842
vt 0.118314 0.801543
vt 0.360834 0.465841
vt 0.118314 0.804148
vt 0.082049 0.708990
vt 0.359474 0.463414
vt 0.048504 0.551809
vt 0.048504 0.554785
vt 0.849955 0.061600
vt 0.849955 0.058996
vt 0.364914 0.463414
vt 0.363554 0.460987
vt 0.082049 0.711967
vt 0.360543 0.460253
vt 0.363845 0.460253
vt 0.360834 0.460987
vt 0.951043 0.139566
vt 0.954216 0.139566
vt 0.951043 0.108641
vt 0.954216 0.108641
vt 0.393926 0.906504
vt 0.390299 0.906504
vt 0.393926 0.937430
vt 0.947869 0.108641
vt 0.947870 0.139566
vt 0.390299 0.937430
vt 0.987761 0.498193
vt 0.990934 0.498193
vt 0.987761 0.467268
vt 0.043759 0.782746
vt 0.043758 0.779133
vt 0.074796 0.782746
vt 0.074796 0.779133
vt 0.994107 0.498193
vt 0.990934 0.467268
vt 0.994107 0.467268
vt 0.951322 0.107949
vt 0.650661 0.605691
vt 0.653963 0.605691
vt 0.650952 0.606426
vt 0.653672 0.606426
vt 0.953936 0.107949
vt 0.393606 0.938121
vt 0.655032 0.608853
vt 0.653963 0.612014
vt 0.650661 0.612014
vt 0.653672 0.611281
vt 0.390619 0.938121
vt 0.650952 0.611281
vt 0.991213 0.466576
vt 0.043065 0.779451
vt 0.043064 0.782428
vt 0.649592 0.608853
vt 0.993827 0.466577
vt 0.993654 0.758356
vt 0.990480 0.758356
vt 0.993654 0.789281
vt 0.990481 0.789281
vt 0.536265 0.993225
vt 0.536265 0.996838
vt 0.505227 0.993225
vt 0.996827 0.789281
vt 0.996827 0.758356
vt 0.505227 0.996838
vt 0.549864 0.790876
vt 0.546691 0.790876
vt 0.549864 0.821802
vt 0.228227 0.228094
vt 0.228227 0.231707
vt 0.197190 0.228094
vt 0.197189 0.231707
vt 0.543518 0.790876
vt 0.546691 0.821802
vt 0.543518 0.821802
vt 0.790118 0.524553
vt 0.789381 0.524842
vt 0.790118 0.527843
vt 0.993933 0.789973
vt 0.789380 0.527553
vt 0.996547 0.789973
vt 0.228921 0.228412
vt 0.786944 0.528907
vt 0.504533 0.996520
vt 0.504533 0.993543
vt 0.549584 0.822493
vt 0.546971 0.822493
vt 0.786945 0.523487
vt 0.784509 0.524841
vt 0.228921 0.231389
vt 0.783772 0.527841
vt 0.784508 0.527551
vt 0.783772 0.524551
vt 0.211483 0.163957
vt 0.242520 0.163957
vt 0.211483 0.167118
vt 0.242520 0.167118
vt 0.893472 0.514453
vt 0.924297 0.514453
vt 0.893472 0.510840
vt 0.211483 0.170280
vt 0.242520 0.170280
vt 0.924297 0.510840
vt 0.107434 0.730352
vt 0.076396 0.730352
vt 0.107434 0.727190
vt 0.045996 0.627371
vt 0.014959 0.627371
vt 0.045997 0.623758
vt 0.014959 0.623758
vt 0.076396 0.727190
vt 0.107434 0.724029
vt 0.076396 0.724029
vt 0.210789 0.166840
vt 0.024932 0.085077
vt 0.025677 0.084803
vt 0.025041 0.081708
vt 0.025769 0.082030
vt 0.210789 0.164235
vt 0.028406 0.079946
vt 0.028244 0.080727
vt 0.031278 0.081849
vt 0.030588 0.082210
vt 0.031278 0.085266
vt 0.030530 0.084963
vt 0.075703 0.726912
vt 0.046691 0.627053
vt 0.046691 0.624076
vt 0.028057 0.086269
vt 0.075703 0.724308
vt 0.995013 0.923668
vt 0.998640 0.925926
vt 0.991387 0.925926
vt 0.995014 0.932701
vt 0.991387 0.930443
vt 0.998640 0.930443
vt 0.924511 0.387966
vt 0.924511 0.369919
vt 0.920671 0.387986
vt 0.920671 0.369938
vt 0.928830 0.369932
vt 0.906165 0.240760
vt 0.906165 0.258808
vt 0.902325 0.240741
vt 0.928830 0.387980
vt 0.902325 0.258788
vt 0.658658 0.592141
vt 0.658658 0.610208
vt 0.662738 0.592141
vt 0.898005 0.240754
vt 0.662738 0.610208
vt 0.898005 0.258802
vt 0.666818 0.592141
vt 0.666818 0.610208
vt 0.387579 0.017163
vt 0.387579 0.011292
vt 0.344177 0.017163
vt 0.344177 0.011292
vt 0.402992 0.192864
vt 0.402992 0.186540
vt 0.446394 0.192864
vt 0.344177 0.023035
vt 0.387579 0.023035
vt 0.446394 0.186540
vt 0.072076 0.809846
vt 0.072076 0.803975
vt 0.028674 0.809846
vt 0.467478 0.017615
vt 0.467478 0.011292
vt 0.510879 0.017615
vt 0.510879 0.011292
vt 0.072076 0.798103
vt 0.028674 0.803975
vt 0.028674 0.798103
vt 0.343155 0.016729
vt 0.188123 0.543607
vt 0.188123 0.549438
vt 0.189196 0.544038
vt 0.189196 0.549006
vt 0.343155 0.011726
vt 0.447416 0.192396
vt 0.193563 0.551491
vt 0.199003 0.549438
vt 0.199003 0.543607
vt 0.197931 0.549006
vt 0.447416 0.187007
vt 0.197931 0.544038
vt 0.027652 0.803541
vt 0.466455 0.017147
vt 0.466455 0.011759
vt 0.193563 0.541554
vt 0.027652 0.798537
vt 0.392566 0.163053
vt 0.393438 0.161564
vt 0.389393 0.157633
vt 0.391136 0.157633
vt 0.398040 0.161564
vt 0.392566 0.152213
vt 0.398912 0.163053
vt 0.393438 0.153702
vt 0.400342 0.157633
vt 0.398912 0.152213
vt 0.402085 0.157633
vt 0.398040 0.153702
vt 0.134633 0.710659
vt 0.137353 0.709575
vt 0.137353 0.712285
vt 0.941523 0.005872
vt 0.941523 0.008582
vt 0.938803 0.007227
vt 0.604987 0.602078
vt 0.606074 0.599368
vt 0.603355 0.599368
vt 0.713055 0.104336
vt 0.713055 0.098916
vt 0.717588 0.107046
vt 0.722121 0.104336
vt 0.717588 0.096206
vt 0.722121 0.098916
vt 0.771986 0.903794
vt 0.774705 0.899277
vt 0.766546 0.903794
vt 0.771986 0.894761
vt 0.766546 0.894761
vt 0.763826 0.899277
vt 0.587035 0.368112
vt 0.582502 0.370822
vt 0.587035 0.362692
vt 0.577969 0.368112
vt 0.582502 0.359982
vt 0.577969 0.362692
vt 0.934270 0.723126
vt 0.936990 0.727642
vt 0.936990 0.718609
vt 0.942430 0.727642
vt 0.945150 0.723126
vt 0.942430 0.718609
vt 0.369428 0.629178
vt 0.364914 0.624680
vt 0.375812 0.629178
vt 0.380326 0.618319
vt 0.380326 0.624680
vt 0.369428 0.613821
vt 0.364914 0.618319
vt 0.375812 0.613821
vt 0.375793 0.455755
vt 0.380307 0.460253
vt 0.375793 0.449394
vt 0.386692 0.444896
vt 0.380307 0.444896
vt 0.391206 0.455755
vt 0.386692 0.460253
vt 0.391206 0.449394
vt 0.451949 0.554201
vt 0.451386 0.552394
vt 0.447416 0.554201
vt 0.448467 0.552394
vt 0.098258 0.462963
vt 0.099275 0.462060
vt 0.095759 0.462963
vt 0.094742 0.462060
vt 0.098258 0.461156
vt 0.095759 0.461156
vt 0.982321 0.327462
vt 0.983372 0.329268
vt 0.986854 0.327462
vt 0.986291 0.329268
vt 0.353128 0.631888
vt 0.354145 0.633695
vt 0.357661 0.631888
vt 0.356644 0.633695
vt 0.601541 0.939024
vt 0.599728 0.938463
vt 0.601541 0.934508
vt 0.599728 0.935555
vt 0.314143 0.758356
vt 0.315956 0.759403
vt 0.314143 0.762873
vt 0.315956 0.762312
vt 0.334995 0.250678
vt 0.336012 0.252484
vt 0.339529 0.250678
vt 0.338512 0.252484
vt 0.480961 0.253388
vt 0.480398 0.251581
vt 0.476428 0.253388
vt 0.477479 0.251581
vt 0.328649 0.069215
vt 0.329556 0.068202
vt 0.328649 0.071706
vt 0.329556 0.072719
vt 0.330462 0.069215
vt 0.330462 0.071706
vt 0.655032 0.864047
vt 0.656083 0.865854
vt 0.659565 0.864047
vt 0.659002 0.865854
vt 0.484587 0.995032
vt 0.485604 0.996838
vt 0.489121 0.995032
vt 0.488104 0.996838
vt 0.006800 0.930894
vt 0.007363 0.932701
vt 0.011333 0.930894
vt 0.010282 0.932701
vt 0.566183 0.339205
vt 0.565132 0.337398
vt 0.561650 0.339205
vt 0.562213 0.337398
vt 0.052131 0.465673
vt 0.053147 0.467480
vt 0.056664 0.465673
vt 0.055647 0.467480
vt 0.868087 0.034779
vt 0.867524 0.032972
vt 0.863554 0.034779
vt 0.864605 0.032972
vt 0.996827 0.795503
vt 0.997733 0.794490
vt 0.996827 0.797993
vt 0.997733 0.799006
vt 0.998640 0.795503
vt 0.998640 0.797993
vt 0.827289 0.771003
vt 0.828340 0.772809
vt 0.831822 0.771003
vt 0.831259 0.772809
vt 0.820036 0.125113
vt 0.821053 0.126920
vt 0.824569 0.125113
vt 0.823553 0.126920
vt 0.775612 0.498193
vt 0.776175 0.500000
vt 0.780145 0.498193
vt 0.779094 0.500000
vt 0.455576 0.105239
vt 0.454525 0.103433
vt 0.451043 0.105239
vt 0.451606 0.103433
vt 0.040345 0.248871
vt 0.041361 0.250678
vt 0.044878 0.248871
vt 0.043861 0.250678
vt 0.707616 0.635501
vt 0.706308 0.631888
vt 0.703350 0.634658
vt 0.703083 0.631888
vt 0.655032 0.496387
vt 0.661378 0.496751
vt 0.656485 0.500903
vt 0.661378 0.500369
vt 0.007706 0.586721
vt 0.008208 0.589428
vt 0.013146 0.586721
vt 0.013145 0.589431
vt 0.324116 0.998645
vt 0.323348 0.995935
vt 0.319885 0.998617
vt 0.319583 0.995935
vt 0.114687 0.698735
vt 0.114258 0.693315
vt 0.111061 0.697554
vt 0.111255 0.693315
vt 0.422937 0.313008
vt 0.414021 0.313008
vt 0.421009 0.317525
vt 0.413871 0.316908
vt 0.991387 0.371725
vt 0.991387 0.376242
vt 0.998640 0.371725
vt 0.998640 0.376242
vt 0.655032 0.169377
vt 0.655032 0.162150
vt 0.650499 0.169377
vt 0.650499 0.162150
vt 0.603355 0.151310
vt 0.603355 0.144083
vt 0.598821 0.151310
vt 0.598821 0.144083
vt 0.838169 0.233514
vt 0.838169 0.226287
vt 0.833636 0.233514
vt 0.833636 0.226287
vt 0.497280 0.842367
vt 0.497280 0.835140
vt 0.492747 0.842367
vt 0.492747 0.835140
vt 0.918858 0.802620
vt 0.918858 0.795393
vt 0.914325 0.802620
vt 0.914325 0.795393
vt 0.451949 0.586721
vt 0.451949 0.579494
vt 0.447416 0.586721
vt 0.447416 0.579494
vt 0.313237 0.102529
vt 0.320490 0.102529
vt 0.313237 0.107046
vt 0.320490 0.107046
vt 0.069356 0.393406
vt 0.069356 0.386179
vt 0.064823 0.393406
vt 0.064823 0.386179
vt 0.535358 0.237127
vt 0.535358 0.229901
vt 0.530825 0.237127
vt 0.530825 0.229901
vt 0.461922 0.019422
vt 0.469175 0.019422
vt 0.461922 0.023939
vt 0.469175 0.023939
vt 0.108341 0.227191
vt 0.115594 0.227191
vt 0.108341 0.231707
vt 0.115594 0.231707
vt 0.809157 0.858627
vt 0.816410 0.858627
vt 0.809157 0.863144
vt 0.816410 0.863144
vt 0.739347 0.650858
vt 0.739347 0.658085
vt 0.743880 0.650858
vt 0.743880 0.658085
vt 0.391206 0.010388
vt 0.391206 0.003162
vt 0.386673 0.010388
vt 0.386673 0.003162
vt 0.479148 0.999548
vt 0.471895 0.999548
vt 0.479148 0.995032
vt 0.471895 0.995032
s 1
usemtl 主体.002
f 693/1/1 695/3/3 694/2/2
f 696/4/4 694/2/2 695/3/3
f 694/2/2 696/4/4 697/5/5
f 698/6/6 697/5/5 696/4/4
f 699/7/7 701/9/9 700/8/8
f 702/10/10 700/8/8 701/9/9
f 700/8/8 702/10/10 703/11/11
f 704/12/12 703/11/11 702/10/10
f 705/13/13 707/15/13 706/14/13
f 708/16/13 706/14/13 707/15/13
f 709/17/14 711/19/14 710/18/14
f 712/20/14 710/18/14 711/19/14
f 712/20/14 713/21/15 710/18/14
f 714/22/14 710/18/14 713/21/15
f 714/22/14 713/21/15 715/23/14
f 716/24/14 715/23/14 713/21/15
f 717/25/16 719/27/16 718/26/16
f 720/28/16 718/26/16 719/27/16
f 720/28/16 719/27/16 721/29/16
f 722/30/16 721/29/16 719/27/16
f 721/29/16 722/30/16 723/31/16
f 724/32/16 723/31/16 722/30/16
f 725/33/17 727/35/18 726/34/17
f 728/36/19 726/34/17 727/35/18
f 729/37/20 731/39/20 730/38/20
f 732/40/21 730/38/20 731/39/20
f 799/41/14 801/43/14 800/42/22
f 802/44/22 800/42/22 801/43/14
f 6937/45/23 803/47/25 6935/46/24
f 802/44/22 804/48/26 800/42/22
f 805/49/27 800/42/22 804/48/26
f 6934/50/27 6932/52/29 6933/51/28
f 807/53/25 6935/46/24 803/47/25
f 807/53/25 6932/52/29 6935/46/24
f 6931/54/26 6933/51/28 6932/52/29
f 6932/52/29 807/53/25 6931/54/26
f 807/53/25 803/47/25 809/55/25
f 809/55/25 6931/54/26 807/53/25
f 810/56/30 809/55/25 803/47/25
f 810/56/30 6938/57/31 809/55/25
f 808/58/29 812/60/31 806/59/29
f 6936/61/31 6931/54/26 809/55/25
f 6936/61/31 809/55/25 6938/57/31
f 813/62/32 806/59/29 812/60/31
f 812/60/31 811/63/31 813/62/32
f 814/64/33 813/62/32 811/63/31
f 815/65/3 817/67/3 816/66/3
f 816/66/3 817/67/3 818/68/3
f 818/68/3 817/67/3 819/69/3
f 820/70/3 816/66/3 818/68/3
f 821/71/34 823/73/35 822/72/34
f 822/72/34 823/73/35 824/74/36
f 824/74/36 823/73/35 825/75/35
f 826/76/36 822/72/34 824/74/36
f 827/77/3 829/79/3 828/78/1
f 828/78/1 829/79/3 830/80/3
f 830/80/3 829/79/3 831/81/3
f 832/82/33 834/84/33 833/83/33
f 833/83/33 834/84/33 835/85/33
f 835/85/33 834/84/33 836/86/33
f 836/86/33 834/84/33 837/87/33
f 838/88/37 840/90/38 6939/89/37
f 6940/91/39 6939/89/37 840/90/38
f 841/92/40 842/94/11 839/93/26
f 843/95/41 839/93/26 842/94/11
f 6940/91/39 840/90/38 6941/96/14
f 845/97/15 6941/96/14 840/90/38
f 842/94/11 841/92/40 846/98/11
f 846/98/11 843/95/41 842/94/11
f 844/99/22 846/98/11 841/92/40
f 847/100/11 843/95/41 846/98/11
f 846/98/11 844/99/22 847/100/11
f 848/101/42 843/95/41 847/100/11
f 6945/102/14 6944/104/15 6942/103/43
f 849/105/44 847/100/11 844/99/22
f 847/100/11 849/105/44 848/101/42
f 850/106/44 6942/103/43 6944/104/15
f 851/107/45 848/101/42 849/105/44
f 850/106/44 852/108/46 6942/103/43
f 6943/109/47 6942/103/43 852/108/46
f 853/110/3 855/112/1 854/111/3
f 856/113/3 854/111/3 855/112/1
f 857/114/12 859/116/12 858/115/11
f 860/117/12 858/115/11 859/116/12
f 861/118/3 863/120/3 862/119/1
f 862/119/1 863/120/3 864/121/3
f 864/121/3 863/120/3 865/122/3
f 866/123/12 868/125/12 867/124/12
f 867/124/12 868/125/12 869/126/11
f 869/126/11 868/125/12 870/127/12
f 871/128/33 873/130/33 872/129/33
f 874/131/31 872/129/33 873/130/33
f 875/132/46 877/134/46 876/133/46
f 878/135/46 876/133/46 877/134/46
f 879/136/48 881/138/49 880/137/22
f 882/139/14 880/137/22 881/138/49
f 6955/140/22 6954/142/22 883/141/50
f 884/143/50 883/141/50 6954/142/22
f 885/144/37 887/146/37 886/145/37
f 888/147/37 886/145/37 887/146/37
f 889/148/46 891/150/45 890/149/51
f 892/151/51 890/149/51 891/150/45
f 891/150/45 893/152/52 892/151/51
f 6965/153/53 6963/155/15 6964/154/53
f 895/156/54 6964/154/53 6963/155/15
f 896/157/11 892/151/51 893/152/52
f 6966/158/12 6963/155/15 6965/153/53
f 6957/159/12 897/161/41 6956/160/11
f 6963/155/15 6961/162/14 895/156/54
f 894/163/22 6956/160/11 6960/164/14
f 895/156/54 6961/162/14 899/165/14
f 899/165/14 6961/162/14 6962/166/22
f 901/167/11 6956/160/11 897/161/41
f 901/167/11 6960/164/14 6956/160/11
f 897/161/41 6958/168/55 901/167/11
f 898/169/23 903/171/56 900/170/22
f 901/167/11 6959/172/57 6960/164/14
f 6959/172/57 901/167/11 6958/168/55
f 904/173/58 900/170/22 903/171/56
f 903/171/56 905/174/55 904/173/58
f 902/175/56 905/174/55 903/171/56
f 906/176/55 905/174/55 902/175/56
f 907/177/3 909/179/1 908/178/1
f 910/180/3 908/178/1 909/179/1
f 909/179/1 911/181/3 910/180/3
f 911/181/3 912/182/3 910/180/3
f 912/182/3 913/183/1 910/180/3
f 914/184/59 913/183/1 912/182/3
f 915/185/3 917/187/1 916/186/1
f 918/188/3 916/186/1 917/187/1
f 919/189/12 921/191/12 920/190/12
f 922/192/12 920/190/12 921/191/12
f 923/193/33 925/195/33 924/194/33
f 926/196/33 924/194/33 925/195/33
f 927/197/46 929/199/46 928/198/46
f 930/200/46 928/198/46 929/199/46
f 931/201/22 933/203/14 932/202/14
f 934/204/14 932/202/14 933/203/14
f 935/205/60 937/207/60 936/206/60
f 938/208/61 936/206/60 937/207/60
f 939/209/62 941/211/33 940/210/33
f 942/212/62 940/210/33 941/211/33
f 943/213/37 945/215/29 944/214/37
f 946/216/29 944/214/37 945/215/29
f 947/217/15 949/219/14 948/218/14
f 950/220/15 948/218/14 949/219/14
f 951/221/51 953/223/46 952/222/51
f 954/224/46 952/222/51 953/223/46
f 955/225/1 957/227/3 956/226/3
f 958/228/3 956/226/3 957/227/3
f 959/229/12 961/231/12 960/230/12
f 962/232/11 960/230/12 961/231/12
f 963/233/33 965/235/33 964/234/33
f 966/236/31 964/234/33 965/235/33
f 967/237/51 969/239/46 968/238/46
f 970/240/46 968/238/46 969/239/46
f 971/241/14 973/243/14 972/242/14
f 974/244/22 972/242/14 973/243/14
f 975/245/37 977/247/37 976/246/37
f 978/248/29 976/246/37 977/247/37
f 1025/249/62 1027/251/33 1026/250/33
f 1028/252/33 1026/250/33 1027/251/33
f 1029/253/15 1031/255/14 1030/254/14
f 1032/256/14 1030/254/14 1031/255/14
f 1033/257/63 1035/259/11 1034/258/64
f 1036/260/65 1034/258/64 1035/259/11
f 1037/261/66 1039/263/67 1038/262/66
f 1040/264/67 1038/262/66 1039/263/67
f 1039/263/67 1041/265/3 1040/264/67
f 1042/266/1 1040/264/67 1041/265/3
f 1043/267/46 1045/269/51 1044/268/51
f 1046/270/46 1044/268/51 1045/269/51
f 1047/271/68 1049/273/68 1048/272/69
f 1050/274/68 1048/272/69 1049/273/68
f 1051/275/70 7003/277/70 1052/276/71
f 1054/278/71 1052/276/71 7003/277/70
f 1055/279/22 1053/281/73 1056/280/72
f 7004/282/11 1058/284/11 1057/283/12
f 1059/285/12 1057/283/12 1058/284/11
f 1060/286/74 1062/288/71 1061/287/74
f 1063/289/70 1061/287/74 1062/288/71
f 1064/290/75 1066/292/75 1065/291/75
f 1067/293/75 1065/291/75 1066/292/75
f 1067/293/75 1066/292/75 1068/294/76
f 1069/295/75 1068/294/76 1066/292/75
f 1069/295/75 1070/296/75 1068/294/76
f 1071/297/76 1068/294/76 1070/296/75
f 1071/297/76 1070/296/75 1072/298/76
f 1073/299/75 1072/298/76 1070/296/75
f 1074/300/12 1076/302/12 1075/301/11
f 1077/303/77 1075/301/11 1076/302/12
f 1078/304/31 1080/306/33 1079/305/33
f 1079/305/33 1080/306/33 1081/307/33
f 1081/307/33 1080/306/33 1082/308/33
f 1083/309/78 1085/311/78 1084/310/79
f 1086/312/79 1084/310/79 1085/311/78
f 1084/310/79 1086/312/79 1087/313/80
f 1088/314/22 1087/313/80 1086/312/79
f 1089/315/14 1087/313/80 1088/314/22
f 1090/316/14 1087/313/80 1089/315/14
f 1091/317/14 1087/313/80 1090/316/14
f 1092/318/81 1094/320/82 1093/319/81
f 1095/321/83 1093/319/81 1094/320/82
f 1094/320/82 1096/322/31 1095/321/83
f 1097/323/31 1095/321/83 1096/322/31
f 1096/322/31 1098/324/33 1097/323/31
f 1098/324/33 1099/325/33 1097/323/31
f 1097/323/31 1099/325/33 1100/326/33
f 1099/325/33 1101/327/33 1100/326/33
f 1102/328/33 1098/324/33 1096/322/31
f 1103/329/62 1102/328/33 1096/322/31
f 1101/327/33 1104/330/33 1100/326/33
f 1103/329/62 1104/330/33 1102/328/33
f 1105/331/33 1104/330/33 1101/327/33
f 1102/328/33 1104/330/33 1105/331/33
f 1106/332/84 1108/334/84 1107/333/84
f 1109/335/84 1107/333/84 1108/334/84
f 1110/336/85 1112/338/86 1111/337/85
f 1113/339/86 1111/337/85 1112/338/86
f 1112/338/86 1114/340/87 1113/339/86
f 1115/341/88 1113/339/86 1114/340/87
f 1116/342/89 1118/344/90 1117/343/89
f 1119/345/90 1117/343/89 1118/344/90
f 1120/346/91 1122/348/93 1121/347/92
f 1123/349/94 1121/347/92 1122/348/93
f 1124/350/3 1126/352/3 1125/351/1
f 1125/351/1 1126/352/3 1127/353/1
f 1127/353/1 1126/352/3 1128/354/3
f 1129/298/76 1131/294/75 1130/297/76
f 1132/355/75 1131/294/75 1129/298/76
f 1133/356/75 1131/294/75 1132/355/75
f 1132/355/75 1129/298/76 1134/357/95
f 1135/299/76 1134/357/95 1129/298/76
f 1136/358/76 1134/357/95 1135/299/76
f 1137/359/95 1134/357/95 1136/358/76
f 1137/359/95 1138/360/75 1134/357/95
f 1139/361/96 1134/357/95 1138/360/75
f 1140/362/75 1131/294/75 1133/356/75
f 1141/291/97 1131/294/75 1140/362/75
f 1142/293/75 1131/294/75 1141/291/97
f 1140/362/75 1143/363/75 1141/291/97
f 1144/290/76 1141/291/97 1143/363/75
f 1145/364/76 1144/290/76 1143/363/75
f 1146/365/75 1145/364/76 1143/363/75
f 1143/363/75 1147/366/98 1146/365/75
f 1148/367/98 1146/365/75 1147/366/98
f 1149/368/99 1151/370/99 1150/369/99
f 1152/371/99 1150/369/99 1151/370/99
f 1153/372/100 1155/374/101 1154/373/101
f 1156/375/101 1154/373/101 1155/374/101
f 1157/376/75 1159/378/96 1158/377/101
f 1160/379/102 1158/377/101 1159/378/96
f 1159/378/96 1161/380/103 1160/379/102
f 1161/380/103 1159/378/96 1162/381/1
f 1163/382/96 1162/381/1 1159/378/96
f 1163/382/96 1164/383/96 1162/381/1
f 1165/384/1 1162/381/1 1164/383/96
f 1164/383/96 1166/385/68 1165/384/1
f 1164/383/96 1167/386/96 1166/385/68
f 1168/387/104 1166/385/68 1167/386/96
f 1169/388/105 1171/390/105 1170/389/106
f 1172/391/51 1170/389/106 1171/390/105
f 1172/391/51 1171/390/105 1173/392/107
f 1172/391/51 1173/392/107 1174/393/51
f 1175/394/107 1174/393/51 1173/392/107
f 1174/393/51 1175/394/107 1176/395/108
f 1176/395/108 1177/396/109 1174/393/51
f 1178/397/51 1174/393/51 1177/396/109
f 1179/398/68 1181/399/68 1180/354/3
f 1182/353/3 1180/354/3 1181/399/68
f 1183/350/110 1185/351/110 1184/373/101
f 1186/372/101 1184/373/101 1185/351/110
f 1187/400/111 1189/402/113 1188/401/112
f 1190/403/114 1188/401/112 1189/402/113
f 1191/404/51 1193/406/51 1192/405/46
f 1194/407/46 1192/405/46 1193/406/51
f 1195/408/46 1194/407/46 1193/406/51
f 1195/408/46 1196/409/46 1194/407/46
f 1197/410/46 1194/407/46 1196/409/46
f 1196/409/46 1198/411/46 1197/410/46
f 1199/412/51 1197/410/46 1198/411/46
f 1198/411/46 1200/413/46 1199/412/51
f 1201/414/46 1199/412/51 1200/413/46
f 1202/415/51 1201/414/46 1200/413/46
f 1202/415/51 1203/416/46 1201/414/46
f 1204/417/46 1201/414/46 1203/416/46
f 1205/418/14 1207/420/14 1206/419/14
f 1206/419/14 1207/420/14 1208/421/115
f 1209/422/14 1206/419/14 1208/421/115
f 1210/423/116 1209/422/14 1208/421/115
f 1211/424/14 1213/426/14 1212/425/14
f 1212/425/14 1213/426/14 1214/427/14
f 1214/427/14 1213/426/14 1215/428/14
f 1215/428/14 1213/426/14 1216/429/14
f 1217/430/16 1219/432/33 1218/431/33
f 1218/431/33 1219/432/33 1220/433/33
f 1220/433/33 1219/432/33 1221/434/33
f 1222/435/117 1220/433/33 1221/434/33
f 1223/436/16 1225/438/16 1224/437/16
f 1224/437/16 1225/438/16 1226/439/16
f 1226/439/16 1225/438/16 1227/440/16
f 1227/440/16 1225/438/16 1228/441/33
f 1229/442/33 6968/444/118 1230/443/33
f 1230/443/33 6968/444/118 1232/445/33
f 1233/446/33 1230/443/33 1232/445/33
f 1230/443/33 1233/446/33 1234/447/33
f 1235/448/33 1234/447/33 1233/446/33
f 1235/448/33 1236/449/33 1234/447/33
f 1234/447/33 1236/449/33 6967/450/33
f 1236/449/33 1238/451/33 6967/450/33
f 1239/452/33 1238/451/33 1236/449/33
f 1240/453/33 1238/451/33 1239/452/33
f 6967/450/33 1238/451/33 1241/454/33
f 1240/453/33 1239/452/33 1242/455/33
f 1243/456/33 1242/455/33 1239/452/33
f 1243/456/33 1232/445/33 1242/455/33
f 1242/455/33 1232/445/33 1244/457/33
f 1232/445/33 6968/444/118 1244/457/33
f 1241/454/33 1245/458/33 6967/450/33
f 1244/457/33 6968/444/118 1245/458/33
f 6968/444/118 6967/450/33 1245/458/33
f 1237/459/119 1231/461/120 1246/460/52
f 1247/462/12 1246/460/52 1231/461/120
f 1246/460/52 1247/462/12 1248/463/12
f 1248/463/12 1247/462/12 1249/464/11
f 1249/464/11 1247/462/12 1250/465/11
f 1250/465/11 1251/466/22 1249/464/11
f 1252/467/121 1249/464/11 1251/466/22
f 6969/468/14 1253/470/14 6970/469/122
f 6969/468/14 1254/471/14 1253/470/14
f 1255/472/14 6970/469/122 1253/470/14
f 1255/472/14 1256/473/14 6970/469/122
f 1254/471/14 1257/474/14 1253/470/14
f 1256/473/14 1258/475/14 6970/469/122
f 1259/476/14 1257/474/14 1254/471/14
f 1260/477/14 1257/474/14 1259/476/14
f 1261/478/14 1257/474/14 1260/477/14
f 1261/478/14 1260/477/14 1262/479/14
f 1263/480/14 1262/479/14 1260/477/14
f 1262/479/14 1263/480/14 1256/473/14
f 1263/480/14 1264/481/14 1256/473/14
f 1264/481/14 1258/475/14 1256/473/14
f 1265/482/14 1258/475/14 1264/481/14
f 1266/483/14 1259/476/14 1254/471/14
f 1265/482/14 1266/483/14 1258/475/14
f 1267/484/14 1266/483/14 1254/471/14
f 1267/484/14 1258/475/14 1266/483/14
f 1268/411/46 1270/409/46 1269/485/46
f 1271/486/46 1269/485/46 1270/409/46
f 1272/487/1 1274/489/1 1273/488/3
f 1273/488/3 1274/489/1 1275/490/3
f 1275/490/3 1274/489/1 1276/491/3
f 1276/491/3 1274/489/1 1277/492/3
f 1275/490/3 1276/491/3 1278/493/1
f 1279/494/3 1278/493/1 1276/491/3
f 1279/494/3 1280/495/1 1278/493/1
f 1281/496/3 1278/493/1 1280/495/1
f 1281/496/3 1280/495/1 1282/497/3
f 1283/498/1 1282/497/3 1280/495/1
f 1282/497/3 1283/498/1 1284/499/1
f 1285/500/3 1284/499/1 1283/498/1
f 1286/501/37 1288/503/29 1287/502/29
f 1289/504/37 1287/502/29 1288/503/29
f 1290/505/123 1292/507/124 1291/506/123
f 1293/508/125 1291/506/123 1292/507/124
f 1294/509/126 1296/511/127 1295/510/127
f 1297/512/128 1295/510/127 1296/511/127
f 1298/513/3 1300/515/1 1299/514/1
f 1301/516/3 1299/514/1 1300/515/1
f 1302/499/129 1304/500/130 1303/513/130
f 1305/515/129 1303/513/130 1304/500/130
f 1306/517/14 1308/519/14 1307/518/14
f 1307/518/14 1308/519/14 1309/520/14
f 1309/520/14 1308/519/14 1310/521/22
f 1311/522/22 1309/520/14 1310/521/22
f 1308/519/14 1312/523/14 1310/521/22
f 7020/524/14 7018/526/15 1313/525/131
f 1314/527/51 1313/525/131 7018/526/15
f 1314/527/51 1315/528/106 1313/525/131
f 1316/529/106 1313/525/131 1315/528/106
f 1315/528/106 7015/530/31 1316/529/106
f 7021/531/132 1316/529/106 7015/530/31
f 1317/532/31 1319/534/33 1318/533/133
f 7018/526/15 1320/535/134 1314/527/51
f 1314/527/51 1320/535/134 1315/528/106
f 1321/536/22 1310/521/22 1312/523/14
f 7018/526/15 7017/537/22 1320/535/134
f 1322/538/135 1315/528/106 1320/535/134
f 1322/538/135 7015/530/31 1315/528/106
f 1320/535/134 1323/539/134 1322/538/135
f 1323/539/134 1320/535/134 7017/537/22
f 1324/540/136 1322/538/135 1323/539/134
f 1322/538/135 1324/540/136 7015/530/31
f 1325/541/51 1323/539/134 7017/537/22
f 1323/539/134 1325/541/51 1324/540/136
f 1321/536/22 1312/523/14 1326/542/14
f 7017/537/22 7019/543/14 1325/541/51
f 1327/544/14 1326/542/14 1312/523/14
f 1312/523/14 1328/545/14 1327/544/14
f 1329/546/14 1327/544/14 1328/545/14
f 1328/545/14 1330/547/137 1329/546/14
f 1331/548/106 1324/540/136 1325/541/51
f 1332/549/51 1325/541/51 7019/543/14
f 1325/541/51 1332/549/51 1331/548/106
f 1324/540/136 1331/548/106 7016/550/119
f 7016/550/119 7015/530/31 1324/540/136
f 7046/551/14 1334/553/138 7042/552/51
f 7046/551/14 7045/554/22 1334/553/138
f 1335/555/106 1331/548/106 1332/549/51
f 1331/548/106 1335/555/106 7016/550/119
f 7042/552/51 1334/553/138 7041/556/46
f 1333/557/33 1336/558/33 1317/532/31
f 7022/559/31 7016/550/119 1335/555/106
f 1333/557/33 1337/560/33 1336/558/33
f 1338/561/139 7041/556/46 1334/553/138
f 7043/562/31 7041/556/46 1338/561/139
f 1339/563/138 1334/553/138 7045/554/22
f 1334/553/138 1339/563/138 1338/561/139
f 1340/564/33 1317/532/31 1336/558/33
f 1340/564/33 1319/534/33 1317/532/31
f 1341/565/62 1319/534/33 1340/564/33
f 1342/566/31 1319/534/33 1341/565/62
f 1338/561/139 1343/567/139 7043/562/31
f 1343/567/139 1338/561/139 1339/563/138
f 7045/554/22 1344/568/51 1339/563/138
f 1339/563/138 1344/568/51 1343/567/139
f 7045/554/22 7050/569/22 1344/568/51
f 1345/570/33 1336/558/33 1337/560/33
f 7044/571/119 7043/562/31 1343/567/139
f 1346/572/46 1343/567/139 1344/568/51
f 1346/572/46 7044/571/119 1343/567/139
f 1345/570/33 1347/573/33 1336/558/33
f 1348/574/33 1336/558/33 1347/573/33
f 1347/573/33 1349/575/140 1348/574/33
f 1350/576/31 1348/574/33 1349/575/140
f 1350/576/31 1349/575/140 1351/577/31
f 1344/568/51 7047/578/51 1346/572/46
f 7047/578/51 1344/568/51 7050/569/22
f 1346/572/46 7048/579/141 7044/571/119
f 7048/579/141 1346/572/46 7047/578/51
f 7049/580/142 7044/571/119 7048/579/141
f 1354/581/11 1352/583/106 7033/582/80
f 1352/583/106 1354/581/11 1353/584/53
f 1355/585/11 7031/586/119 1353/584/53
f 1355/585/11 1353/584/53 1354/581/11
f 1355/585/11 1356/587/12 7031/586/119
f 7034/588/31 7031/586/119 1356/587/12
f 1355/585/11 1354/581/11 1356/587/12
f 7033/582/80 7032/589/22 1354/581/11
f 1357/590/22 1329/546/14 1330/547/137
f 1358/591/31 1351/577/31 1349/575/140
f 1351/577/31 1358/591/31 1359/592/33
f 1360/593/77 1356/587/12 1354/581/11
f 1360/593/77 1354/581/11 7032/589/22
f 1357/590/22 1330/547/137 1361/594/23
f 1362/595/22 1361/594/23 1330/547/137
f 1363/596/143 1360/593/77 7032/589/22
f 1360/593/77 1363/596/143 1356/587/12
f 7032/589/22 7037/597/22 1363/596/143
f 7034/588/31 1356/587/12 1364/598/144
f 1364/598/144 1356/587/12 1363/596/143
f 1364/598/144 1365/599/144 7034/588/31
f 1364/598/144 1363/596/143 1365/599/144
f 7038/600/31 7034/588/31 1365/599/144
f 1366/601/145 1359/592/33 1358/591/31
f 1359/592/33 1366/601/145 1367/602/33
f 1361/594/23 1362/595/22 1368/603/22
f 1369/604/14 1368/603/22 1362/595/22
f 1368/603/22 1369/604/14 1370/605/14
f 1371/606/14 1370/605/14 1369/604/14
f 1371/606/14 1372/607/14 1370/605/14
f 1373/608/146 1363/596/143 7037/597/22
f 1373/608/146 1365/599/144 1363/596/143
f 7037/597/22 1374/609/11 1373/608/146
f 1373/608/146 1374/609/11 1365/599/144
f 7037/597/22 7035/610/22 1374/609/11
f 7038/600/31 1365/599/144 1375/611/12
f 1375/611/12 1365/599/144 1374/609/11
f 1375/611/12 1376/612/12 7038/600/31
f 1375/611/12 1374/609/11 1376/612/12
f 7036/613/31 7038/600/31 1376/612/12
f 1377/614/11 1374/609/11 7035/610/22
f 1377/614/11 1376/612/12 1374/609/11
f 7035/610/22 1378/615/147 1377/614/11
f 1377/614/11 1378/615/147 1376/612/12
f 7035/610/22 7024/616/80 1378/615/147
f 1379/617/148 7036/613/31 1376/612/12
f 1379/617/148 1376/612/12 1378/615/147
f 1379/617/148 1380/618/149 7036/613/31
f 1379/617/148 1378/615/147 1380/618/149
f 1381/619/147 1378/615/147 7024/616/80
f 1381/619/147 1380/618/149 1378/615/147
f 1382/620/42 1381/619/147 7024/616/80
f 1381/619/147 1382/620/42 1380/618/149
f 7025/621/31 7036/613/31 1380/618/149
f 1383/622/31 1367/602/33 1366/601/145
f 1383/622/31 1384/623/33 1367/602/33
f 1385/624/33 1367/602/33 1384/623/33
f 1385/624/33 1384/623/33 1386/625/33
f 1387/626/31 1386/625/33 1384/623/33
f 7026/627/31 1388/629/150 7027/628/31
f 1386/625/33 1387/626/31 1389/630/33
f 7025/621/31 1380/618/149 1390/631/12
f 1390/631/12 1380/618/149 1382/620/42
f 7024/616/80 7023/632/22 1382/620/42
f 1391/633/14 1370/605/14 1372/607/14
f 7026/627/31 7025/621/31 1392/634/12
f 1390/631/12 1392/634/12 7025/621/31
f 1382/620/42 1393/635/11 1390/631/12
f 1393/635/11 1382/620/42 7023/632/22
f 1392/634/12 1390/631/12 1393/635/11
f 1391/633/14 1372/607/14 1394/636/80
f 1395/637/14 1394/636/80 1372/607/14
f 1396/638/151 1393/635/11 7023/632/22
f 1393/635/11 1396/638/151 1392/634/12
f 7023/632/22 7028/639/22 1396/638/151
f 1392/634/12 1397/640/150 7026/627/31
f 1397/640/150 1392/634/12 1396/638/151
f 1397/640/150 1388/629/150 7026/627/31
f 1397/640/150 1396/638/151 1388/629/150
f 1394/636/80 1395/637/14 1398/641/22
f 1399/642/22 1398/641/22 1395/637/14
f 7040/643/22 1400/645/152 7030/644/22
f 1401/646/153 1396/638/151 7028/639/22
f 1401/646/153 1388/629/150 1396/638/151
f 7028/639/22 1402/647/11 1401/646/153
f 7028/639/22 7030/644/22 1402/647/11
f 1401/646/153 1402/647/11 1388/629/150
f 1403/648/152 7030/644/22 1400/645/152
f 1404/649/11 1402/647/11 7030/644/22
f 7030/644/22 1403/648/152 1404/649/11
f 1403/648/152 1400/645/152 1405/650/154
f 1406/651/155 1405/650/154 1400/645/152
f 1406/651/155 7039/652/62 1405/650/154
f 1404/649/11 1403/648/152 1407/653/156
f 1404/649/11 1407/653/156 1402/647/11
f 1405/650/154 1407/653/156 1403/648/152
f 7029/654/62 1405/650/154 7039/652/62
f 1405/650/154 7029/654/62 1407/653/156
f 1408/655/31 1389/630/33 1387/626/31
f 7029/654/62 7027/628/31 1407/653/156
f 1409/656/12 1402/647/11 1407/653/156
f 1409/656/12 1388/629/150 1402/647/11
f 1407/653/156 7027/628/31 1409/656/12
f 7027/628/31 1388/629/150 1410/657/157
f 1409/656/12 7027/628/31 1410/657/157
f 1410/657/157 1388/629/150 1409/656/12
f 1411/658/33 1413/660/33 7058/659/33
f 7059/661/33 7058/659/33 1413/660/33
f 1412/662/31 7053/664/119 1415/663/158
f 7055/665/33 7059/661/33 1413/660/33
f 1413/660/33 1417/666/33 7055/665/33
f 7051/667/159 1415/663/158 7053/664/119
f 1415/663/158 7051/667/159 1419/668/160
f 1414/669/31 1420/671/162 1418/670/161
f 7052/672/163 1419/668/160 7051/667/159
f 1418/670/161 1420/671/162 1421/673/161
f 1420/671/162 1414/669/31 1422/674/164
f 1416/675/31 1422/674/164 1414/669/31
f 7052/672/163 7054/676/14 1419/668/160
f 1424/677/22 1419/668/160 7054/676/14
f 1425/678/162 1421/673/161 1420/671/162
f 1420/671/162 1422/674/164 1425/678/162
f 1423/679/22 1421/673/161 1425/678/162
f 1426/680/165 1425/678/162 1422/674/164
f 1425/678/162 1426/680/165 1423/679/22
f 1422/674/164 1416/675/31 1427/681/166
f 1422/674/164 1427/681/166 1426/680/165
f 7056/682/31 7055/665/33 1417/666/33
f 1428/683/119 1427/681/166 1416/675/31
f 7061/684/14 1429/686/15 7062/685/14
f 1430/687/14 7062/685/14 1429/686/15
f 7061/684/14 7060/688/22 1429/686/15
f 1431/689/80 1423/679/22 1426/680/165
f 1429/686/15 7060/688/22 1432/690/14
f 1433/691/33 7056/682/31 1417/666/33
f 7070/692/33 1434/694/167 7068/693/31
f 1431/689/80 1426/680/165 1435/695/80
f 7063/696/22 1432/690/14 7060/688/22
f 1436/697/168 1426/680/165 1427/681/166
f 1436/697/168 1435/695/80 1426/680/165
f 1428/683/119 1437/698/169 1427/681/166
f 7056/682/31 1433/691/33 7057/699/33
f 1427/681/166 1438/700/170 1436/697/168
f 1438/700/170 1427/681/166 1437/698/169
f 1439/701/171 7068/693/31 1434/694/167
f 1440/702/33 7057/699/33 1433/691/33
f 7068/693/31 1439/701/171 7067/703/169
f 1438/700/170 1437/698/169 1441/704/172
f 7073/705/173 7067/703/169 7072/706/174
f 1442/707/175 1436/697/168 1438/700/170
f 1438/700/170 1441/704/172 1442/707/175
f 1435/695/80 1436/697/168 1443/708/15
f 1442/707/175 1443/708/15 1436/697/168
f 1444/709/22 1432/690/14 7063/696/22
f 7063/696/22 7064/710/15 1444/709/22
f 1445/711/176 1442/707/175 1441/704/172
f 1442/707/175 1445/711/176 1443/708/15
f 1446/712/176 7072/706/174 7067/703/169
f 7072/706/174 1446/712/176 7071/713/177
f 7066/714/14 1447/716/171 7069/715/22
f 1439/701/171 1434/694/167 1447/716/171
f 1448/717/178 7069/715/22 1447/716/171
f 1448/717/178 1447/716/171 1434/694/167
f 7071/713/177 1449/719/176 7074/718/22
f 1449/719/176 7071/713/177 1446/712/176
f 7067/703/169 1450/720/179 1446/712/176
f 1450/720/179 7067/703/169 1439/701/171
f 1446/712/176 1450/720/179 1449/719/176
f 1451/721/22 1444/709/22 7064/710/15
f 7066/714/14 7065/722/22 1447/716/171
f 7065/722/22 7074/718/22 1449/719/176
f 1450/720/179 1439/701/171 1452/723/179
f 1447/716/171 1452/723/179 1439/701/171
f 1452/723/179 1449/719/176 1450/720/179
f 1452/723/179 1447/716/171 7065/722/22
f 7065/722/22 1449/719/176 1452/723/179
f 1453/724/180 1455/726/181 1454/725/181
f 1454/725/181 1455/726/181 1456/727/181
f 1456/727/181 1455/726/181 1457/728/182
f 1458/729/180 1454/725/181 1456/727/181
f 1459/730/183 1461/732/184 1460/731/183
f 1462/733/183 1460/731/183 1461/732/184
f 1463/734/185 1465/736/186 1464/735/185
f 1464/735/185 1465/736/186 1466/737/185
f 1466/737/185 1465/736/186 1467/738/187
f 1468/739/185 1464/735/185 1466/737/185
f 1469/740/14 1471/742/14 7083/741/22
f 7084/743/14 7083/741/22 1471/742/14
f 1470/744/22 1472/746/22 1473/745/188
f 1471/742/14 7085/747/189 7084/743/14
f 1475/748/190 1473/745/188 1472/746/22
f 1473/745/188 1475/748/190 1476/749/191
f 1475/748/190 1477/750/190 1476/749/191
f 7086/751/22 7084/743/14 7085/747/189
f 1474/752/189 1479/754/51 7078/753/22
f 1480/755/191 1477/750/190 1475/748/190
f 1481/756/190 1477/750/190 1480/755/191
f 1480/755/191 1482/757/31 1481/756/190
f 1483/758/31 1481/756/190 1482/757/31
f 1475/748/190 1472/746/22 1484/759/11
f 1475/748/190 1484/759/11 1480/755/191
f 1472/746/22 1478/760/22 1484/759/11
f 7080/761/33 1485/763/33 7079/762/33
f 1486/764/33 7079/762/33 1485/763/33
f 1485/763/33 7080/761/33 7081/765/31
f 1488/766/12 1480/755/191 1484/759/11
f 1480/755/191 1488/766/12 1482/757/31
f 1489/767/11 1484/759/11 1478/760/22
f 1484/759/11 1489/767/11 1488/766/12
f 7076/768/192 7078/753/22 1479/754/51
f 1478/760/22 1490/769/106 1489/767/11
f 1491/770/12 1488/766/12 1489/767/11
f 1488/766/12 1491/770/12 1482/757/31
f 1489/767/11 1490/769/106 1491/770/12
f 7082/771/62 7081/765/31 7080/761/33
f 1492/772/62 1482/757/31 1491/770/12
f 1487/773/31 7077/775/62 1493/774/193
f 1493/774/193 7075/776/106 1479/754/51
f 7076/768/192 1479/754/51 7075/776/106
f 1494/777/46 1491/770/12 1490/769/106
f 7075/776/106 1493/774/193 7077/775/62
f 1492/772/62 1491/770/12 1494/777/46
f 1495/778/14 1497/780/14 1496/779/14
f 1498/781/22 1496/779/14 1497/780/14
f 1499/782/16 1501/784/16 1500/783/16
f 1502/785/16 1500/783/16 1501/784/16
f 1503/786/194 1505/788/195 1504/787/195
f 1506/789/196 1504/787/195 1505/788/195
f 1507/790/1 1509/792/197 1508/791/1
f 1508/791/1 1509/792/197 1510/793/1
f 1510/793/1 1509/792/197 1511/794/1
f 1511/794/1 1509/792/197 1512/795/198
f 1513/796/199 1515/798/201 1514/797/200
f 1516/799/199 1514/797/200 1515/798/201
f 1517/800/202 1519/802/202 1518/801/203
f 1520/803/202 1518/801/203 1519/802/202
f 1521/804/204 1523/806/204 1522/805/126
f 1524/807/126 1522/805/126 1523/806/204
f 1525/808/37 1527/810/37 1526/809/37
f 1528/811/29 1526/809/37 1527/810/37
f 1529/812/46 1531/814/46 1530/813/46
f 1532/815/51 1530/813/46 1531/814/46
f 1533/816/37 1535/818/37 1534/817/29
f 1536/819/29 1534/817/29 1535/818/37
f 1537/820/106 1539/822/51 1538/821/46
f 1540/823/46 1538/821/46 1539/822/51
f 1541/824/12 1543/826/12 1542/825/12
f 7110/827/11 1542/825/12 1543/826/12
f 1545/828/14 1546/830/205 1544/829/11
f 1546/830/205 1545/828/14 1547/831/206
f 1546/830/205 1547/831/206 1548/832/207
f 1549/833/206 1548/832/207 1547/831/206
f 1547/831/206 1550/834/208 1549/833/206
f 1551/835/208 1549/833/206 1550/834/208
f 1552/836/22 1547/831/206 1545/828/14
f 1552/836/22 1550/834/208 1547/831/206
f 7130/837/14 7129/839/14 1553/838/22
f 1554/840/14 1553/838/22 7129/839/14
f 7128/841/209 7130/837/14 1553/838/22
f 1552/836/22 1555/842/210 1550/834/208
f 7128/841/209 1553/838/22 1556/843/1
f 1557/844/3 1556/843/1 1553/838/22
f 7128/841/209 1556/843/1 7127/845/211
f 1558/846/208 1550/834/208 1555/842/210
f 1558/846/208 1559/847/212 1550/834/208
f 1551/835/208 1550/834/208 1559/847/212
f 1560/848/213 1551/835/208 1559/847/212
f 1560/848/213 1561/849/214 1551/835/208
f 1562/850/215 1551/835/208 1561/849/214
f 7121/851/216 7119/853/217 7120/852/214
f 1563/854/218 1561/849/219 1564/855/22
f 7123/856/22 1565/857/14 7119/853/217
f 1566/858/220 7120/852/214 7119/853/217
f 1566/858/220 7122/859/33 7120/852/214
f 1568/860/1 7119/853/217 1565/857/14
f 1568/860/1 1565/857/14 7125/861/29
f 1568/860/1 1570/862/107 7119/853/217
f 1566/858/220 7119/853/217 1570/862/107
f 1568/860/1 7125/861/29 1570/862/107
f 7122/859/33 1566/858/220 7124/863/173
f 1570/862/107 7124/863/173 1566/858/220
f 1567/864/33 1571/866/31 1572/865/33
f 1573/867/33 1572/865/33 1571/866/31
f 1570/862/107 7126/868/26 7124/863/173
f 7126/868/26 1570/862/107 7125/861/29
f 1569/869/26 1575/871/37 1574/870/26
f 1576/872/37 1574/870/26 1575/871/37
f 1575/871/37 1577/873/29 1576/872/37
f 1578/874/37 1576/872/37 1577/873/29
f 1578/874/37 1577/873/29 1579/875/37
f 1580/876/29 1579/875/37 1577/873/29
f 1581/877/3 1583/879/3 1582/878/3
f 1584/880/221 1582/878/3 1583/879/3
f 1583/879/3 7133/881/222 1584/880/221
f 7134/882/222 1584/880/221 7133/881/222
f 1586/883/223 1585/885/225 1587/884/224
f 1588/886/226 1587/884/224 1585/885/225
f 1588/886/226 1589/887/33 1587/884/224
f 1590/888/33 1587/884/224 1589/887/33
f 1590/888/33 1589/887/33 1591/889/33
f 1592/890/33 1591/889/33 1589/887/33
f 1593/891/227 1595/893/227 1594/892/227
f 1596/894/227 1594/892/227 1595/893/227
f 1597/895/14 1599/897/14 1598/896/14
f 1600/898/228 1598/896/14 1599/897/14
f 1599/897/14 1601/899/229 1600/898/228
f 1602/900/229 1600/898/228 1601/899/229
f 1601/899/229 1603/901/230 1602/900/229
f 1604/902/229 1602/900/229 1603/901/230
f 7106/903/230 1605/905/1 7105/904/231
f 1606/906/232 7105/904/231 1605/905/1
f 1606/906/232 1605/905/1 1607/907/3
f 1608/908/3 1607/907/3 1605/905/1
f 1609/909/233 1611/911/233 1610/910/233
f 1612/912/233 1610/910/233 1611/911/233
f 1613/913/14 1615/915/234 1614/914/14
f 1616/916/14 1614/914/14 1615/915/234
f 7155/917/235 1617/919/1 7153/918/22
f 1618/920/3 7153/918/22 1617/919/1
f 1618/920/3 7152/921/236 7153/918/22
f 1617/919/1 1620/922/220 1618/920/3
f 1617/919/1 7158/923/29 1620/922/220
f 1618/920/3 7154/924/3 7152/921/236
f 7154/924/3 1618/920/3 1620/922/220
f 7157/925/29 1620/922/220 7158/923/29
f 1621/926/29 1624/928/37 1623/927/28
f 1620/922/220 7157/925/29 1625/929/169
f 1620/922/220 1625/929/169 7154/924/3
f 1626/930/37 1623/927/28 1624/928/37
f 7156/931/33 7154/924/3 1625/929/169
f 1622/932/3 1627/934/33 1628/933/237
f 1628/933/237 1619/935/238 1622/932/3
f 1628/933/237 1629/936/239 1619/935/238
f 1626/930/37 1624/928/37 1630/937/37
f 1631/938/37 1630/937/37 1624/928/37
f 1631/938/37 1632/939/37 1630/937/37
f 1633/940/37 1630/937/37 1632/939/37
f 1634/941/208 1619/935/238 1629/936/239
f 1635/942/208 1634/941/208 1629/936/239
f 1635/942/208 1636/943/240 1634/941/208
f 1637/944/208 1634/941/208 1636/943/240
f 1637/944/208 1638/945/241 1634/941/208
f 1639/946/206 1634/941/208 1638/945/241
f 1639/946/206 1638/945/241 1640/947/242
f 1641/948/207 1640/947/242 1638/945/241
f 7162/949/31 7161/951/239 1643/950/3
f 1643/950/3 1644/952/1 7162/949/31
f 7163/953/31 7162/949/31 1644/952/1
f 1646/954/62 1642/956/33 1645/955/31
f 1646/954/62 1645/955/31 1647/957/33
f 1648/958/33 1647/957/33 1645/955/31
f 1649/959/12 1651/961/12 1650/960/12
f 1652/962/12 1650/960/12 1651/961/12
f 1653/963/22 1655/935/243 7132/964/22
f 1656/941/211 7132/964/22 1655/935/243
f 1656/941/211 1657/946/244 7132/964/22
f 7131/965/227 7132/964/22 1657/946/244
f 1654/914/22 1658/966/227 1659/913/23
f 7131/965/227 1657/946/244 1660/967/245
f 1661/968/227 1659/913/23 1658/966/227
f 1662/947/206 1660/967/245 1657/946/244
f 7145/969/24 7146/971/227 1663/970/29
f 7145/969/24 1663/970/29 1664/972/14
f 1665/973/28 1664/972/14 1663/970/29
f 1666/919/3 7159/917/14 7160/923/29
f 1663/970/29 7146/971/227 7147/974/28
f 7148/975/227 7147/974/28 7146/971/227
f 7137/976/205 7135/960/11 7136/892/227
f 7136/892/227 7135/960/11 1668/891/227
f 1667/977/246 1668/891/227 1670/962/11
f 1670/962/11 1668/891/227 7135/960/11
f 1669/978/11 1662/947/206 1671/979/11
f 1667/977/246 1670/962/11 1672/980/28
f 1673/948/244 1671/979/11 1662/947/206
f 1674/961/156 1672/980/28 1670/962/11
f 7139/981/11 1675/983/33 7138/982/11
f 1675/983/33 7139/981/11 7140/984/244
f 1676/985/33 7138/982/11 1675/983/33
f 1676/985/33 7141/986/29 7138/982/11
f 7144/987/33 1677/989/33 7143/988/29
f 1678/990/29 7143/988/29 1677/989/33
f 1677/989/33 1679/991/232 1678/990/29
f 1675/983/33 7140/984/244 7142/992/31
f 1681/945/244 1680/993/119 1673/948/244
f 1680/993/119 1681/945/244 1682/944/208
f 1680/993/119 1682/944/208 1683/994/247
f 1684/943/248 1683/994/247 1682/944/208
f 1678/990/29 1679/991/232 1685/995/29
f 1686/996/217 1685/995/29 1679/991/232
f 1686/996/217 1687/997/226 1685/995/29
f 1687/997/226 1688/998/225 1685/995/29
f 1689/999/29 1685/995/29 1688/998/225
f 1689/999/29 1688/998/225 1690/1000/31
f 1690/1000/31 1691/1001/33 1689/999/29
f 1692/1002/28 1689/999/29 1691/1001/33
f 7151/1003/248 7149/1005/208 1693/1004/1
f 7150/1006/217 1693/1004/1 7149/1005/208
f 1694/942/249 1696/1008/250 1695/1007/1
f 1694/942/249 1697/936/248 1696/1008/250
f 1698/1009/250 1696/1008/250 1697/936/248
f 1697/936/248 1699/1010/247 1698/1009/250
f 1699/1010/247 1697/936/248 1700/934/31
f 1701/933/237 1700/934/31 1697/936/248
f 1702/866/31 1704/1011/29 1703/867/33
f 1705/1012/29 1703/867/33 1704/1011/29
f 1703/867/33 1705/1012/29 1706/1013/233
f 1703/867/33 1706/1013/233 1707/865/33
f 7116/1014/251 7115/1016/29 7114/1015/233
f 1709/1017/233 1707/865/33 1706/1013/233
f 1710/1018/29 7114/1015/233 7115/1016/29
f 1710/1018/29 7113/1019/11 7114/1015/233
f 1708/912/233 1711/824/12 7107/910/233
f 7113/1019/11 1710/1018/29 7112/1020/11
f 7108/825/12 7107/910/233 1711/824/12
f 1715/1021/28 7112/1020/11 1710/1018/29
f 7109/1022/205 7107/910/233 7108/825/12
f 1712/1023/233 1716/832/206 7103/1024/233
f 1716/832/206 1714/1025/11 1717/830/206
f 1718/829/11 1717/830/206 1714/1025/11
f 1719/833/205 7103/1024/233 1716/832/206
f 1719/833/205 1720/835/208 7103/1024/233
f 7104/1026/33 7103/1024/233 1720/835/208
f 7104/1026/33 1720/835/208 1721/1027/62
f 1722/850/219 1721/1027/62 1720/835/208
f 1713/1028/12 1723/1029/14 1718/829/12
f 7111/1030/22 7112/1020/11 1715/1021/28
f 1724/828/22 1718/829/12 1723/1029/14
f 7111/1030/22 1715/1021/28 1725/1031/22
f 1726/1032/26 1725/1031/22 1715/1021/28
f 1725/1031/22 1726/1032/26 1727/1033/1
f 1726/1032/26 1728/1034/29 1727/1033/1
f 1729/1035/1 1727/1033/1 1728/1034/29
f 1728/1034/29 1730/1036/231 1729/1035/1
f 1728/1034/29 1731/1037/29 1730/1036/231
f 1732/1038/230 1730/1036/231 1731/1037/29
f 1731/1037/29 1733/1039/14 1732/1038/230
f 1733/1039/14 1731/1037/29 1734/1040/23
f 1735/1041/26 1734/1040/23 1731/1037/29
f 1736/1042/208 1738/1044/110 7117/1043/208
f 7118/1045/1 7117/1043/208 1738/1044/110
f 1739/1046/220 1740/1047/229 1737/847/211
f 1740/1047/229 1741/1048/230 1737/847/211
f 1742/848/239 1737/847/211 1741/1048/230
f 1742/848/239 1741/1048/230 1743/1049/15
f 1743/1049/15 1744/855/22 1742/848/239
f 1745/849/214 1742/848/239 1744/855/22
f 1746/1050/14 1748/1052/14 1747/1051/14
f 1749/1053/14 1747/1051/14 1748/1052/14
f 1750/1054/16 1752/1056/16 1751/1055/16
f 1753/1057/16 1751/1055/16 1752/1056/16
f 1754/1058/3 1756/1060/3 1755/1059/3
f 1757/1061/3 1755/1059/3 1756/1060/3
f 1758/1062/46 1760/1064/51 1759/1063/51
f 1761/1065/51 1759/1063/51 1760/1064/51
f 1762/1066/64 1764/1068/252 1763/1067/252
f 1765/1069/64 1763/1067/252 1764/1068/252
f 1766/1070/29 1768/1072/29 1767/1071/29
f 1769/1073/29 1767/1071/29 1768/1072/29
f 1770/1074/253 1772/1076/255 1771/1075/254
f 1773/1077/253 1771/1075/254 1772/1076/255
f 1774/1078/14 1776/1080/14 1775/1079/23
f 1777/1081/22 1775/1079/23 1776/1080/14
f 1775/1079/23 1777/1081/22 1778/1082/256
f 1779/1083/257 1778/1082/256 1777/1081/22
f 1779/1083/257 1780/1084/15 1778/1082/256
f 1778/1082/256 1780/1084/15 1781/1085/14
f 1781/1085/14 1780/1084/15 1782/1086/15
f 1783/1087/258 7164/1089/259 1784/1088/258
f 7165/1090/260 1784/1088/258 7164/1089/259
f 1785/1091/261 1787/1093/262 1786/1092/260
f 1788/1094/263 1786/1092/260 1787/1093/262
f 1787/1093/262 1789/1095/258 1788/1094/263
f 1790/1096/258 1788/1094/263 1789/1095/258
f 1791/1097/264 1793/1099/266 1792/1098/265
f 1794/1100/267 1792/1098/265 1793/1099/266
f 1795/1101/268 1797/1103/269 1796/1102/268
f 1798/1104/270 1796/1102/268 1797/1103/269
f 1797/1103/269 1799/1105/271 1798/1104/270
f 1800/1106/272 1798/1104/270 1799/1105/271
f 1799/1105/271 1801/1107/273 1800/1106/272
f 1802/1108/274 1800/1106/272 1801/1107/273
f 1801/1107/273 1803/1109/275 1802/1108/274
f 1804/1110/276 1802/1108/274 1803/1109/275
f 1805/1111/277 1807/1113/279 1806/1112/278
f 1808/1114/280 1806/1112/278 1807/1113/279
f 1809/1115/16 1811/1117/16 1810/1116/281
f 1810/1116/281 1811/1117/16 1812/1076/16
f 1812/1076/16 1811/1117/16 1813/1077/16
f 1814/1075/16 1816/1118/16 1815/1074/281
f 1817/1119/16 1815/1074/281 1816/1118/16
f 1818/1120/115 1820/1122/115 1819/1121/115
f 1819/1121/115 1820/1122/115 1821/1123/115
f 1821/1123/115 1820/1122/115 1822/1124/115
f 1823/1125/33 1825/1127/33 1824/1126/33
f 1824/1126/33 1825/1127/33 1826/1128/33
f 1826/1128/33 1825/1127/33 1827/1129/33
f 1828/1130/37 1830/1132/37 1829/1131/37
f 1831/1133/37 1829/1131/37 1830/1132/37
f 1832/1134/11 1834/1136/11 1833/1135/11
f 1835/1137/11 1833/1135/11 1834/1136/11
f 1836/1138/282 1838/1140/283 1837/1139/282
f 1839/1141/284 1837/1139/282 1838/1140/283
f 1838/1140/283 1840/1142/1 1839/1141/284
f 1841/1143/3 1839/1141/284 1840/1142/1
f 1842/1144/106 1844/1146/46 1843/1145/46
f 1845/1147/46 1843/1145/46 1844/1146/46
f 1846/1148/14 1848/1150/15 1847/1149/15
f 1849/1151/14 1847/1149/15 1848/1150/15
f 1847/1149/15 1849/1151/14 1850/1152/115
f 1851/1153/115 1850/1152/115 1849/1151/14
f 1852/1154/33 1854/1156/33 1853/1155/33
f 1855/1157/62 1853/1155/33 1854/1156/33
f 1854/1156/33 1856/1158/62 1855/1157/62
f 1857/1159/33 1855/1157/62 1856/1158/62
f 1858/1160/285 1860/1162/285 1859/1161/285
f 1861/1163/285 1859/1161/285 1860/1162/285
f 1862/1164/286 1864/1166/287 1863/1165/286
f 1865/1167/288 1863/1165/286 1864/1166/287
f 1864/1166/287 1866/1168/3 1865/1167/288
f 1867/1169/3 1865/1167/288 1866/1168/3
f 1868/1170/289 1870/1172/290 1869/1171/289
f 1871/1173/290 1869/1171/289 1870/1172/290
f 1870/1172/290 1872/1174/11 1871/1173/290
f 1873/1175/12 1871/1173/290 1872/1174/11
f 1874/1176/37 1876/1178/37 1875/1177/37
f 1877/1179/37 1875/1177/37 1876/1178/37
f 1878/1180/14 1880/1182/14 1879/1181/14
f 1879/1181/14 1880/1182/14 1881/1183/14
f 1881/1183/14 1880/1182/14 1882/1184/14
f 1883/1185/14 1881/1183/14 1882/1184/14
f 1884/1186/14 1883/1185/14 1882/1184/14
f 1885/1187/33 1887/1189/33 1886/1188/33
f 1886/1188/33 1887/1189/33 1888/1190/33
f 1889/1191/33 1886/1188/33 1888/1190/33
f 1890/1192/33 1889/1191/33 1888/1190/33
f 1891/1193/33 1889/1191/33 1890/1192/33
f 1892/1194/51 1894/1196/51 1893/1195/51
f 1895/1197/51 1893/1195/51 1894/1196/51
f 1896/1198/3 1898/1200/3 1897/1199/3
f 1899/1201/3 1897/1199/3 1898/1200/3
f 1900/1202/11 1902/1204/11 1901/1203/11
f 1903/1205/77 1901/1203/11 1902/1204/11
f 1904/1206/291 1906/1208/293 1905/1207/292
f 1907/1209/293 1905/1207/292 1906/1208/293
f 1906/1208/293 1908/1210/37 1907/1209/293
f 1909/1211/37 1907/1209/293 1908/1210/37
f 1910/1212/46 1912/1214/46 1911/1213/46
f 1913/1215/46 1911/1213/46 1912/1214/46
f 1914/1216/12 1916/1218/12 1915/1217/12
f 1917/1219/12 1915/1217/12 1916/1218/12
f 1918/1220/33 1920/1222/16 1919/1221/16
f 1919/1221/16 1920/1222/16 1921/1223/16
f 1921/1223/16 1920/1222/16 1922/1224/33
f 1923/1225/14 1925/1227/14 1924/1226/14
f 1924/1226/14 1925/1227/14 1926/1228/14
f 1926/1228/14 1925/1227/14 1927/1229/14
f 1928/1230/294 1930/1232/295 1929/1231/295
f 1931/1233/294 1929/1231/295 1930/1232/295
f 1932/1234/37 1934/1236/29 1933/1235/29
f 1935/1237/37 1933/1235/29 1934/1236/29
f 1936/1238/296 1938/1240/297 1937/1239/296
f 1939/1241/297 1937/1239/296 1938/1240/297
f 1938/1240/297 1940/1242/3 1939/1241/297
f 1941/1243/1 1939/1241/297 1940/1242/3
f 1942/1244/46 1944/1246/51 1943/1245/51
f 1945/1247/46 1943/1245/51 1944/1246/51
f 1946/1248/14 1948/1250/14 1947/1249/15
f 1949/1251/14 1947/1249/15 1948/1250/14
f 1950/1252/33 1952/1254/62 1951/1253/33
f 1953/1255/33 1951/1253/33 1952/1254/62
f 1954/1256/298 1956/1258/298 1955/1257/299
f 1957/1259/298 1955/1257/299 1956/1258/298
f 1958/1260/3 1960/1262/3 1959/1261/3
f 1961/1263/3 1959/1261/3 1960/1262/3
f 1962/1264/12 1964/1266/12 1963/1265/12
f 1965/1267/12 1963/1265/12 1964/1266/12
f 1966/1268/300 1968/1270/301 1967/1269/301
f 1969/1271/302 1967/1269/301 1968/1270/301
f 1970/1272/51 1972/1274/46 1971/1273/46
f 1971/1273/46 1972/1274/46 1973/1275/46
f 1973/1275/46 1972/1274/46 1974/1276/46
f 1975/1277/46 1971/1273/46 1973/1275/46
f 1976/1278/51 1971/1273/46 1975/1277/46
f 1977/1279/51 1975/1277/46 1973/1275/46
f 1978/1280/303 1980/1282/304 1979/1281/303
f 1981/1283/304 1979/1281/303 1980/1282/304
f 1980/1282/304 7170/1284/305 1981/1283/304
f 7171/1285/306 1981/1283/304 7170/1284/305
f 1982/1286/307 1984/1288/308 1983/1287/307
f 1985/1289/309 1983/1287/307 1984/1288/308
f 1984/1288/308 1986/1290/310 1985/1289/309
f 1987/1291/310 1985/1289/309 1986/1290/310
f 7167/1292/311 1988/1294/313 7166/1293/312
f 1989/1295/314 7166/1293/312 1988/1294/313
f 1988/1294/313 7168/1296/315 1989/1295/314
f 7169/1297/315 1989/1295/314 7168/1296/315
f 1990/1298/316 1992/1300/317 1991/1299/316
f 1993/1301/318 1991/1299/316 1992/1300/317
f 1992/1300/317 1994/1302/319 1993/1301/318
f 1995/1303/320 1993/1301/318 1994/1302/319
f 1996/1304/37 1998/1306/37 1997/1305/37
f 1997/1305/37 1998/1306/37 1999/1307/37
f 1999/1307/37 1998/1306/37 2000/1308/37
f 2001/1309/37 1997/1305/37 1999/1307/37
f 2002/1310/37 1997/1305/37 2001/1309/37
f 2003/1311/37 2001/1309/37 1999/1307/37
f 2004/1312/46 2006/1314/46 2005/1313/46
f 2005/1313/46 2006/1314/46 2007/1315/46
f 2007/1315/46 2006/1314/46 2008/1316/51
f 2009/1317/46 2005/1313/46 2007/1315/46
f 2010/1318/51 2005/1313/46 2009/1317/46
f 2011/1319/51 2009/1317/46 2007/1315/46
f 2012/1320/321 2014/1322/304 2013/1321/303
f 2015/1323/322 2013/1321/303 2014/1322/304
f 2014/1322/304 7184/1324/305 2015/1323/322
f 7185/1325/306 2015/1323/322 7184/1324/305
f 2016/1326/323 2018/1328/324 2017/1327/307
f 2019/1329/324 2017/1327/307 2018/1328/324
f 7183/1330/325 2020/1332/327 7182/1331/326
f 2021/1333/327 7182/1331/326 2020/1332/327
f 2020/1332/327 7180/1334/314 2021/1333/327
f 7181/1335/314 2021/1333/327 7180/1334/314
f 2022/1336/313 2024/1338/329 2023/1337/328
f 2025/1339/330 2023/1337/328 2024/1338/329
f 2024/1338/329 2026/1340/318 2025/1339/330
f 2027/1341/317 2025/1339/330 2026/1340/318
f 2026/1340/318 2028/1342/319 2027/1341/317
f 2029/1343/320 2027/1341/317 2028/1342/319
f 2030/1344/37 2032/1346/37 2031/1345/37
f 2031/1345/37 2032/1346/37 2033/1347/37
f 2033/1347/37 2032/1346/37 2034/1348/37
f 2035/1349/29 2031/1345/37 2033/1347/37
f 2036/1350/29 2031/1345/37 2035/1349/29
f 2037/1351/37 2035/1349/29 2033/1347/37
f 2038/1352/99 2040/1354/99 2039/1353/331
f 2041/1355/99 2039/1353/331 2040/1354/99
f 2042/1356/332 2044/1358/334 2043/1357/333
f 2045/1359/333 2043/1357/333 2044/1358/334
f 2046/1360/33 2048/1362/119 2047/1361/33
f 2049/1363/31 2047/1361/33 2048/1362/119
f 2048/1362/119 2050/1364/335 2049/1363/31
f 2051/1365/336 2049/1363/31 2050/1364/335
f 2050/1364/335 2052/1366/62 2051/1365/336
f 2053/1367/33 2052/1366/62 2050/1364/335
f 2054/1368/33 2052/1366/62 2053/1367/33
f 2055/1369/337 2057/1371/337 7194/1370/338
f 7195/1372/339 7194/1370/338 2057/1371/337
f 2056/1373/340 2058/1375/341 2059/1374/341
f 2060/1376/342 2059/1374/341 2058/1375/341
f 2059/1374/341 2060/1376/342 2061/1377/337
f 2062/1378/337 2061/1377/337 2060/1376/342
f 2063/1379/343 2065/1381/345 2064/1380/344
f 2066/1382/346 2064/1380/344 2065/1381/345
f 2067/1383/347 2069/1385/347 2068/1384/348
f 2070/1386/349 2068/1384/348 2069/1385/347
f 2068/1384/348 2070/1386/349 2071/1387/350
f 2072/1388/351 2071/1387/350 2070/1386/349
f 2071/1387/350 2072/1388/351 2073/1389/352
f 2074/1390/353 2073/1389/352 2072/1388/351
f 2073/1389/352 2074/1390/353 2075/1391/354
f 2076/1392/355 2075/1391/354 2074/1390/353
f 2077/1393/356 2079/1395/358 2078/1394/357
f 2080/1396/359 2078/1394/357 2079/1395/358
f 2081/1356/115 2083/1397/14 2082/1358/115
f 2082/1358/115 2083/1397/14 2084/1398/15
f 2084/1398/15 2083/1397/14 2085/1399/22
f 2086/1400/115 2088/1401/115 2087/1359/115
f 2089/1357/115 2087/1359/115 2088/1401/115
f 2090/1402/16 2092/1404/16 2091/1403/16
f 2091/1403/16 2092/1404/16 2093/1405/16
f 2093/1405/16 2092/1404/16 2094/1406/16
f 2095/1407/14 2097/1409/14 2096/1408/14
f 2096/1408/14 2097/1409/14 2098/1410/14
f 2098/1410/14 2097/1409/14 2099/1411/14
f 2100/1412/37 2102/1414/37 2101/1413/37
f 2103/1415/37 2101/1413/37 2102/1414/37
f 2104/1416/11 2106/1418/11 2105/1417/11
f 2107/1419/11 2105/1417/11 2106/1418/11
f 2108/1420/282 2110/1422/282 2109/1421/360
f 2111/1423/360 2109/1421/360 2110/1422/282
f 2109/1421/360 2111/1423/360 2112/1424/1
f 2113/1425/3 2112/1424/1 2111/1423/360
f 2114/1426/46 2116/1428/46 2115/1427/46
f 2117/1429/46 2115/1427/46 2116/1428/46
f 2118/1430/33 2120/1432/62 2119/1431/62
f 2121/1433/33 2119/1431/62 2120/1432/62
f 2120/1432/62 2122/1434/16 2121/1433/33
f 2123/1435/16 2121/1433/33 2122/1434/16
f 2124/1436/14 2126/1438/15 2125/1437/15
f 2127/1439/14 2125/1437/15 2126/1438/15
f 2125/1437/15 2127/1439/14 2128/1440/14
f 2129/1441/14 2128/1440/14 2127/1439/14
f 2130/1442/361 2132/1444/285 2131/1443/285
f 2133/1445/285 2131/1443/285 2132/1444/285
f 2134/1446/362 2136/1448/286 2135/1447/363
f 2137/1449/364 2135/1447/363 2136/1448/286
f 2135/1447/363 2137/1449/364 2138/1450/198
f 2139/1451/198 2138/1450/198 2137/1449/364
f 2140/1452/365 2142/1454/367 2141/1453/366
f 2143/1455/366 2141/1453/366 2142/1454/367
f 2141/1453/366 2143/1455/366 2144/1456/252
f 2145/1457/64 2144/1456/252 2143/1455/366
f 2146/1458/29 2148/1460/26 2147/1459/37
f 2149/1461/29 2147/1459/37 2148/1460/26
f 2150/1462/33 2152/1464/33 2151/1463/33
f 2151/1463/33 2152/1464/33 2153/1465/33
f 2152/1464/33 2154/1466/33 2153/1465/33
f 2153/1465/33 2154/1466/33 2155/1467/33
f 2155/1467/33 2154/1466/33 2156/1468/33
f 2157/1469/14 2159/1471/14 2158/1470/14
f 2159/1471/14 2160/1472/14 2158/1470/14
f 2158/1470/14 2160/1472/14 2161/1473/14
f 2160/1472/14 2162/1474/14 2161/1473/14
f 2161/1473/14 2162/1474/14 2163/1475/14
f 2164/1476/46 2166/1478/51 2165/1477/46
f 2167/1479/46 2165/1477/46 2166/1478/51
f 2168/1480/198 2170/1482/198 2169/1481/198
f 2171/1483/198 2169/1481/198 2170/1482/198
f 2172/1484/11 2174/1486/11 2173/1485/11
f 2175/1487/11 2173/1485/11 2174/1486/11
f 2176/1488/368 2178/1490/370 2177/1489/369
f 2179/1491/293 2177/1489/369 2178/1490/370
f 2177/1489/369 2179/1491/293 2180/1492/29
f 2181/1493/37 2180/1492/29 2179/1491/293
f 2182/1494/46 2184/1496/46 2183/1495/46
f 2185/1497/46 2183/1495/46 2184/1496/46
f 2186/1498/12 2188/1500/12 2187/1499/12
f 2189/1501/12 2187/1499/12 2188/1500/12
f 2190/1502/14 2192/1504/14 2191/1503/115
f 2191/1503/115 2192/1504/14 2193/1505/14
f 2193/1505/14 2192/1504/14 2194/1506/14
f 2195/1507/33 2197/1509/33 2196/1508/33
f 2196/1508/33 2197/1509/33 2198/1510/33
f 2198/1510/33 2197/1509/33 2199/1511/33
f 2200/1512/371 2202/1514/371 2201/1513/371
f 2203/1515/371 2201/1513/371 2202/1514/371
f 2204/1516/29 2206/1518/37 2205/1517/37
f 2207/1519/37 2205/1517/37 2206/1518/37
f 2208/1520/372 2210/1522/372 2209/1521/373
f 2211/1523/373 2209/1521/373 2210/1522/372
f 2209/1521/373 2211/1523/373 2212/1524/198
f 2213/1525/198 2212/1524/198 2211/1523/373
f 2214/1526/46 2216/1528/51 2215/1527/51
f 2217/1529/46 2215/1527/51 2216/1528/51
f 2218/1530/117 2220/1532/16 2219/1531/281
f 2221/1533/16 2219/1531/281 2220/1532/16
f 2222/1534/22 2224/1536/15 2223/1535/14
f 2225/1537/14 2223/1535/14 2224/1536/15
f 2226/1538/374 2228/1540/374 2227/1539/375
f 2229/1541/298 2227/1539/375 2228/1540/374
f 2230/1542/3 2232/1544/3 2231/1543/3
f 2233/1545/3 2231/1543/3 2232/1544/3
f 2234/1546/11 2236/1548/12 2235/1547/12
f 2237/1549/12 2235/1547/12 2236/1548/12
f 2238/1550/376 2240/1552/302 2239/1551/302
f 2241/1553/301 2239/1551/302 2240/1552/302
f 3129/1554/14 3131/1556/14 3130/1555/15
f 3130/1555/15 3131/1556/14 3132/1557/15
f 3133/1558/14 3130/1555/15 3132/1557/15
f 3132/1557/15 3131/1556/14 3134/1559/14
f 3134/1559/14 3131/1556/14 3135/1560/14
f 3135/1560/14 3131/1556/14 3136/1561/15
f 3137/1562/22 3134/1559/14 3135/1560/14
f 3138/1563/15 3132/1557/15 3134/1559/14
f 3139/1564/14 3132/1557/15 3138/1563/15
f 3140/1565/14 3138/1563/15 3134/1559/14
f 3141/1566/14 3143/1568/14 3142/1567/14
f 3144/1569/14 3143/1568/14 3141/1566/14
f 3145/1570/14 3143/1568/14 3144/1569/14
f 3146/1571/15 3145/1570/14 3144/1569/14
f 3147/1572/14 3144/1569/14 3141/1566/14
f 3144/1569/14 3147/1572/14 3146/1571/15
f 3147/1572/14 3141/1566/14 3148/1573/14
f 3148/1573/14 3149/1574/14 3147/1572/14
f 3146/1571/15 3147/1572/14 3150/1575/14
f 3147/1572/14 3149/1574/14 3150/1575/14
f 3151/1576/115 3146/1571/15 3150/1575/14
f 3150/1575/14 3149/1574/14 3152/1577/14
f 3153/1578/14 3155/1580/14 3154/1579/14
f 3154/1579/14 3155/1580/14 3156/1581/14
f 3156/1581/14 3155/1580/14 3157/1582/14
f 3158/1583/14 3154/1579/14 3156/1581/14
f 3159/1584/33 3161/1586/31 3160/1585/33
f 3160/1585/33 3161/1586/31 3162/1587/62
f 3163/1588/31 3160/1585/33 3162/1587/62
f 3163/1588/31 3162/1587/62 3164/1589/11
f 3162/1587/62 3161/1586/31 3165/1590/31
f 3161/1586/31 3166/1591/11 3165/1590/31
f 3167/1592/42 3165/1590/31 3166/1591/11
f 7238/1593/12 3168/1595/11 7237/1594/42
f 3169/1596/377 7237/1594/42 3168/1595/11
f 3169/1596/377 3170/1597/378 7237/1594/42
f 3167/1592/42 3171/1598/379 3165/1590/31
f 7236/1599/380 7237/1594/42 3170/1597/378
f 3171/1598/379 3172/1600/378 3165/1590/31
f 7236/1599/380 3170/1597/378 7234/1601/380
f 3162/1587/62 3165/1590/31 3172/1600/378
f 3173/1602/378 7234/1601/380 3170/1597/378
f 3173/1602/378 3174/1603/377 7234/1601/380
f 3175/1604/12 7239/1605/11 3174/1603/377
f 3176/1606/77 3164/1589/11 3162/1587/62
f 3162/1587/62 3172/1600/378 3176/1606/77
f 7235/1607/11 3174/1603/377 7239/1605/11
f 7235/1607/11 7234/1601/380 3174/1603/377
f 3177/1608/37 3179/1610/37 3178/1609/37
f 3178/1609/37 3179/1610/37 3180/1611/37
f 3180/1611/37 3179/1610/37 3181/1612/37
f 3182/1613/3 3184/1615/3 3183/1614/3
f 3185/1616/3 3183/1614/3 3184/1615/3
f 3186/1617/51 3188/1619/46 3187/1618/46
f 3187/1618/46 3188/1619/46 3189/1620/46
f 3189/1620/46 3188/1619/46 3190/1621/46
f 3191/1622/14 3193/1624/14 3192/1623/14
f 3192/1623/14 3193/1624/14 3194/1625/14
f 3195/1626/14 3192/1623/14 3194/1625/14
f 3196/1627/22 3192/1623/14 3195/1626/14
f 3197/1628/14 3195/1626/14 3194/1625/14
f 3198/1629/14 3195/1626/14 3197/1628/14
f 3271/1630/33 3273/1632/33 3272/1631/33
f 3272/1631/33 3273/1632/33 3274/1633/33
f 3275/1634/281 3272/1631/33 3274/1633/33
f 3274/1633/33 3273/1632/33 3276/1635/33
f 3276/1635/33 3273/1632/33 3277/1636/31
f 3278/1637/33 3274/1633/33 3276/1635/33
f 3279/1638/62 3281/1640/33 3280/1639/33
f 3280/1639/33 3281/1640/33 3282/1641/33
f 3283/1642/16 3280/1639/33 3282/1641/33
f 3282/1641/33 3281/1640/33 3284/1643/33
f 3284/1643/33 3281/1640/33 3285/1644/31
f 3286/1645/33 3282/1641/33 3284/1643/33
f 3287/1646/15 3289/1648/14 3288/1647/14
f 3290/1649/15 3288/1647/14 3289/1648/14
f 3291/1650/117 3293/1652/16 3292/1651/16
f 3294/1653/281 3292/1651/16 3293/1652/16
f 3295/1654/381 3297/1656/382 3296/1655/381
f 3298/1657/382 3296/1655/381 3297/1656/382
f 3299/1658/383 3301/1660/385 3300/1659/384
f 3302/1661/386 3300/1659/384 3301/1660/385
f 3303/1662/387 3305/1664/387 3304/1663/387
f 3306/1665/387 3304/1663/387 3305/1664/387
f 3307/1666/388 3309/1668/390 3308/1667/389
f 3310/1669/391 3308/1667/389 3309/1668/390
f 3375/1670/14 3377/1672/392 3376/1671/115
f 3376/1671/115 3377/1672/392 3378/1673/393
f 3378/1673/393 3377/1672/392 3379/1674/115
f 3380/1675/393 3376/1671/115 3378/1673/393
f 3380/1675/393 3378/1673/393 3381/1676/394
f 3382/1677/393 3381/1676/394 3378/1673/393
f 3382/1677/393 3383/1678/395 3381/1676/394
f 3384/1679/395 3381/1676/394 3383/1678/395
f 3384/1679/395 3383/1678/395 3385/1680/395
f 3386/1681/395 3385/1680/395 3383/1678/395
f 3386/1681/395 3387/1682/115 3385/1680/395
f 3385/1680/395 3387/1682/115 3388/1683/115
f 3388/1683/115 3387/1682/115 3389/1684/14
f 3390/1685/115 3385/1680/395 3388/1683/115
f 3391/1686/37 3393/1688/29 3392/1687/37
f 7274/1689/396 3392/1687/37 3393/1688/29
f 7274/1689/396 7273/1690/28 3392/1687/37
f 3396/1691/37 3392/1687/37 7273/1690/28
f 3396/1691/37 7273/1690/28 3397/1692/37
f 3393/1688/29 7277/1693/397 7274/1689/396
f 3399/1694/29 3397/1692/37 7273/1690/28
f 7278/1695/397 7274/1689/396 7277/1693/397
f 3398/1696/398 3401/1698/399 3400/1697/398
f 7273/1690/28 7275/1699/400 3399/1694/29
f 7276/1700/400 3399/1694/29 7275/1699/400
f 3394/1701/401 3404/1703/169 3395/1702/28
f 3404/1703/169 3394/1701/401 3400/1697/398
f 3405/1704/397 3400/1697/398 3401/1698/399
f 7282/1705/402 3406/1707/51 7281/1706/398
f 7279/1708/403 7281/1706/398 3406/1707/51
f 3406/1707/51 3408/1709/51 7279/1708/403
f 3409/1710/51 7279/1708/403 3408/1709/51
f 3409/1710/51 3410/1711/46 7279/1708/403
f 3405/1704/397 3411/1712/119 3400/1697/398
f 3404/1703/169 3400/1697/398 3411/1712/119
f 3411/1712/119 3405/1704/397 3407/1713/403
f 3402/1714/404 3412/1716/404 3403/1715/404
f 3413/1717/405 3403/1715/404 3412/1716/404
f 3414/1718/169 3402/1714/404 3395/1702/28
f 3414/1718/169 3395/1702/28 3404/1703/169
f 3402/1714/404 3414/1718/169 3412/1716/404
f 3411/1712/119 3415/1719/31 3404/1703/169
f 3414/1718/169 3404/1703/169 3415/1719/31
f 3411/1712/119 3407/1713/403 3415/1719/31
f 3415/1719/31 3412/1716/404 3414/1718/169
f 7280/1720/106 7279/1708/403 3410/1711/46
f 3416/1721/51 3415/1719/31 3407/1713/403
f 3415/1719/31 3416/1721/51 3412/1716/404
f 7284/1722/404 7280/1720/106 7283/1723/405
f 3410/1711/46 3417/1724/46 7280/1720/106
f 3418/1725/51 7283/1723/405 7280/1720/106
f 3418/1725/51 7280/1720/106 3417/1724/46
f 4100/1726/33 4102/1728/33 4101/1727/16
f 4103/1729/33 4102/1728/33 4100/1726/33
f 4104/1730/33 4102/1728/33 4103/1729/33
f 4104/1730/33 4105/1731/33 4102/1728/33
f 4106/1732/33 4102/1728/33 4105/1731/33
f 4107/1733/406 4109/1735/408 4108/1734/407
f 4110/1736/409 4108/1734/407 4109/1735/408
f 4111/1737/410 4113/1739/412 4112/1738/411
f 4114/1740/413 4112/1738/411 4113/1739/412
f 4112/1738/411 4114/1740/413 4115/1741/414
f 4116/1742/415 4115/1741/414 4114/1740/413
f 4116/1742/415 4117/1743/416 4115/1741/414
f 4118/1744/416 4115/1741/414 4117/1743/416
f 4115/1741/414 4118/1744/416 7288/1745/22
f 7303/1746/416 7302/1748/416 4120/1747/417
f 4121/1749/418 4120/1747/417 7302/1748/416
f 7303/1746/416 4120/1747/417 7304/1750/23
f 7289/1751/80 7288/1745/22 4118/1744/416
f 7305/1752/419 7304/1750/23 4120/1747/417
f 4123/1753/420 4124/1755/421 7296/1754/22
f 7297/1756/14 7296/1754/22 4124/1755/421
f 4122/1757/14 4125/1759/14 4119/1758/14
f 4126/1760/14 4119/1758/14 4125/1759/14
f 4119/1758/14 4126/1760/14 4127/1761/14
f 4128/1762/422 4130/1764/422 7308/1763/423
f 7309/1765/423 7308/1763/423 4130/1764/422
f 4129/1766/424 4131/1768/426 4132/1767/425
f 4133/1769/427 4132/1767/425 4131/1768/426
f 4134/1770/428 4136/1772/430 4135/1771/429
f 4137/1773/431 4135/1771/429 4136/1772/430
f 4135/1771/429 4137/1773/431 4138/1774/432
f 4139/1775/433 4138/1774/432 4137/1773/431
f 4138/1774/432 4139/1775/433 4140/1776/434
f 4141/1777/435 4140/1776/434 4139/1775/433
f 4142/1778/436 4144/1780/436 4143/1779/437
f 4145/1781/436 4143/1779/437 4144/1780/436
f 4143/1779/437 4145/1781/436 7294/1782/438
f 7295/1783/438 7294/1782/438 4145/1781/436
f 4146/1784/416 4147/1786/440 4148/1785/439
f 4149/1787/440 4148/1785/439 4147/1786/440
f 4148/1785/439 4149/1787/440 4150/1788/441
f 4151/1789/442 4150/1788/441 4149/1787/440
f 4147/1786/440 7285/1790/22 4149/1787/440
f 4151/1789/442 4149/1787/440 7287/1791/443
f 7286/1792/22 4149/1787/440 7285/1790/22
f 7286/1792/22 7287/1791/443 4149/1787/440
f 4154/1793/22 4152/1795/14 4155/1794/14
f 4156/1796/14 4155/1794/14 4152/1795/14
f 4155/1794/14 4157/1797/15 4154/1793/22
f 4158/1798/22 4154/1793/22 4157/1797/15
f 4154/1793/22 4158/1798/22 4153/1799/444
f 4159/1800/445 4153/1799/444 4158/1798/22
f 4160/1801/33 4162/1803/33 4161/1802/33
f 4161/1802/33 4162/1803/33 4163/1804/33
f 4164/1805/31 4161/1802/33 4163/1804/33
f 4163/1804/33 4162/1803/33 4165/1806/62
f 4165/1806/62 4162/1803/33 4166/1807/62
f 4166/1807/62 4162/1803/33 4167/1808/16
f 4168/1809/33 4165/1806/62 4166/1807/62
f 4169/1810/33 4163/1804/33 4165/1806/62
f 4170/1811/16 4163/1804/33 4169/1810/33
f 4171/1812/33 4169/1810/33 4165/1806/62
f 4172/1813/33 4174/1815/33 4173/1814/33
f 4173/1814/33 4174/1815/33 4175/1816/16
f 4175/1816/16 4174/1815/33 4176/1817/16
f 4175/1816/16 4176/1817/16 4177/1818/281
f 4178/1819/16 4173/1814/33 4175/1816/16
f 4175/1816/16 4177/1818/281 4178/1819/16
f 4179/1820/33 4173/1814/33 4178/1819/16
f 4178/1819/16 4180/1821/33 4179/1820/33
f 4177/1818/281 4181/1822/33 4178/1819/16
f 4181/1822/33 4180/1821/33 4178/1819/16
f 4182/1823/16 4181/1822/33 4177/1818/281
f 4183/1824/16 4180/1821/33 4181/1822/33
f 4184/1825/33 4186/1827/33 4185/1826/33
f 4185/1826/33 4186/1827/33 4187/1828/16
f 4187/1828/16 4186/1827/33 4188/1829/281
f 4189/1830/33 4185/1826/33 4187/1828/16
f 4190/1831/14 4192/1833/22 4191/1832/22
f 4193/1834/22 4192/1833/22 4190/1831/14
f 4194/1835/22 4193/1834/22 4190/1831/14
f 4194/1835/22 4195/1836/12 4193/1834/22
f 4196/1837/22 4192/1833/22 4193/1834/22
f 4192/1833/22 4196/1837/22 4197/1838/11
f 4198/1839/11 4197/1838/11 4196/1837/22
f 7354/1840/11 7353/1842/377 4199/1841/12
f 4200/1843/11 4199/1841/12 7353/1842/377
f 4200/1843/11 7353/1842/377 4201/1844/380
f 4196/1837/22 4202/1845/446 4198/1839/11
f 7352/1846/378 4201/1844/380 7353/1842/377
f 4202/1845/446 4196/1837/22 4203/1847/447
f 7352/1846/378 7350/1848/379 4201/1844/380
f 4193/1834/22 4203/1847/447 4196/1837/22
f 4204/1849/380 4201/1844/380 7350/1848/379
f 4204/1849/380 7350/1848/379 4205/1850/11
f 4206/1851/12 4205/1850/11 7355/1852/12
f 4207/1853/12 4193/1834/22 4195/1836/12
f 4207/1853/12 4203/1847/447 4193/1834/22
f 7351/1854/377 7355/1852/12 4205/1850/11
f 7351/1854/377 4205/1850/11 7350/1848/379
f 4208/1855/29 4210/1857/37 4209/1856/37
f 4209/1856/37 4210/1857/37 4211/1858/37
f 4211/1858/37 4210/1857/37 4212/1859/29
f 4213/1860/3 4215/1862/1 4214/1861/1
f 4216/1863/3 4214/1861/1 4215/1862/1
f 4217/1864/46 4219/1866/51 4218/1865/46
f 4218/1865/46 4219/1866/51 4220/1867/46
f 4220/1867/46 4219/1866/51 4221/1868/51
f 4222/1869/33 4224/1871/33 4223/1870/33
f 4224/1871/33 4225/1872/33 4223/1870/33
f 4223/1870/33 4225/1872/33 4226/1873/33
f 4227/1874/33 4223/1870/33 4226/1873/33
f 4225/1872/33 4228/1875/62 4226/1873/33
f 4226/1873/33 4228/1875/62 4229/1876/33
f 4230/1877/448 4232/1879/426 4231/1878/426
f 4233/1880/423 4231/1878/426 4232/1879/426
f 7299/1881/426 7298/1883/423 4234/1882/449
f 4235/1884/450 4234/1882/449 7298/1883/423
f 4236/1885/451 4238/1887/453 4237/1886/452
f 4239/1888/452 4237/1886/452 4238/1887/453
f 4237/1886/452 4239/1888/452 4240/1889/454
f 4241/1890/454 4240/1889/454 4239/1888/452
f 4240/1889/454 4241/1890/454 4242/1891/455
f 4243/1892/456 4242/1891/455 4241/1890/454
f 4244/1893/457 4246/1895/457 4245/1894/458
f 4247/1896/458 4245/1894/458 4246/1895/457
f 4245/1894/458 4247/1896/458 4248/1897/459
f 4249/1898/459 4248/1897/459 4247/1896/458
f 4248/1897/459 4249/1898/459 4250/1899/460
f 4251/1900/461 4250/1899/460 4249/1898/459
f 4250/1899/460 4251/1900/461 4252/1901/462
f 4253/1902/463 4252/1901/462 4251/1900/461
f 4254/1903/33 4256/1905/33 4255/1904/33
f 4257/1906/33 4255/1904/33 4256/1905/33
f 4258/1907/392 4260/1909/392 4259/1908/115
f 4261/1910/115 4259/1908/115 4260/1909/392
f 4262/1911/464 4264/1913/465 4263/1912/464
f 4265/1914/465 4263/1912/464 4264/1913/465
f 4266/1915/466 4268/1917/468 4267/1916/467
f 4269/1918/468 4267/1916/467 4268/1917/468
f 4270/1919/469 4272/1921/470 4271/1920/469
f 4273/1922/470 4271/1920/469 4272/1921/470
f 4274/1923/471 4276/1925/473 4275/1924/472
f 4277/1926/474 4275/1924/472 4276/1925/473
f 4278/1927/33 4280/1929/33 4279/1928/33
f 4281/1930/33 4279/1928/33 4280/1929/33
f 4282/1931/115 4284/1933/115 4283/1932/115
f 4285/1934/392 4283/1932/115 4284/1933/115
f 4286/1935/475 4288/1937/476 4287/1936/465
f 4289/1938/465 4287/1936/465 4288/1937/476
f 4290/1939/477 4292/1941/468 4291/1940/468
f 4293/1942/468 4291/1940/468 4292/1941/468
f 4294/1943/478 4296/1945/478 4295/1944/470
f 4297/1946/470 4295/1944/470 4296/1945/478
f 4298/1947/473 4300/1949/471 4299/1948/473
f 4301/1950/471 4299/1948/473 4300/1949/471
f 4302/1951/15 4304/1953/14 4303/1952/14
f 4303/1952/14 4304/1953/14 4305/1954/14
f 4306/1955/14 4303/1952/14 4305/1954/14
f 4305/1954/14 4304/1953/14 4307/1956/14
f 4307/1956/14 4304/1953/14 4308/1957/14
f 4309/1958/392 4305/1954/14 4307/1956/14
f 4310/1959/14 4312/1961/14 4311/1960/14
f 4311/1960/14 4312/1961/14 4313/1962/14
f 4314/1963/14 4311/1960/14 4313/1962/14
f 4313/1962/14 4312/1961/14 4315/1964/14
f 4315/1964/14 4312/1961/14 4316/1965/15
f 4317/1966/115 4313/1962/14 4315/1964/14
f 4318/1967/62 4320/1969/33 4319/1968/33
f 4321/1970/62 4319/1968/33 4320/1969/33
f 4322/1971/15 4324/1973/14 4323/1972/14
f 4325/1974/22 4323/1972/14 4324/1973/14
f 4326/1975/479 4328/1977/481 4327/1976/480
f 4329/1978/481 4327/1976/480 4328/1977/481
f 4330/1979/482 4332/1981/484 4331/1980/483
f 4333/1982/485 4331/1980/483 4332/1981/484
f 4334/1983/486 4336/1985/488 4335/1984/487
f 4337/1986/488 4335/1984/487 4336/1985/488
f 4338/1987/489 4340/1989/491 4339/1988/490
f 4341/1990/490 4339/1988/490 4340/1989/491
f 4342/1991/492 7300/1992/14 4343/1882/493
f 7301/1881/494 4343/1882/493 7300/1992/14
f 4344/1993/14 4346/1995/122 4345/1994/423
f 4347/1996/423 4345/1994/423 4346/1995/122
f 4346/1995/122 4348/1997/495 4347/1996/423
f 7291/1772/496 4349/1770/497 7290/1878/423
f 4350/1877/423 7290/1878/423 4349/1770/497
f 4348/1997/495 4346/1995/122 4351/1998/431
f 4352/1999/80 4351/1998/431 4346/1995/122
f 4352/1999/80 4353/2000/433 4351/1998/431
f 4353/2000/433 4352/1999/80 4354/2001/435
f 4355/2002/80 4354/2001/435 4352/1999/80
f 4356/2003/436 4354/2001/435 4355/2002/80
f 7293/2004/436 4357/2005/499 7292/1777/498
f 4358/1776/434 7292/1777/498 4357/2005/499
f 4356/2003/436 4355/2002/80 4359/2006/499
f 4360/2007/80 4359/2006/499 4355/2002/80
f 4359/2006/499 4360/2007/80 4361/2008/500
f 4362/1769/501 4364/1768/494 4363/1755/502
f 4365/1756/22 4363/1755/502 4364/1768/494
f 7311/2009/14 7310/1765/424 4366/2010/22
f 4367/1764/423 4366/2010/22 7310/1765/424
f 4368/1736/503 4366/2010/22 4367/1764/423
f 4367/1764/423 4369/1762/423 4368/1736/503
f 4370/1734/504 4368/1736/503 4369/1762/423
f 4366/2010/22 4368/1736/503 7307/2011/14
f 4372/1735/505 7307/2011/14 4368/1736/503
f 7306/2012/410 7307/2011/14 4372/1735/505
f 4372/1735/505 4374/1733/406 7306/2012/410
f 4375/2013/506 7306/2012/410 4374/1733/406
f 4371/2014/80 4373/1737/507 4376/1745/22
f 4377/1738/411 4376/1745/22 4373/1737/507
f 4377/1738/411 4378/1741/416 4376/1745/22
f 4379/2015/33 4381/2017/33 4380/2016/33
f 4380/2016/33 4381/2017/33 4382/2018/33
f 4383/2019/117 4380/2016/33 4382/2018/33
f 4382/2018/33 4381/2017/33 4384/2020/33
f 4384/2020/33 4385/2021/33 4382/2018/33
f 4384/2020/33 4386/2022/33 4385/2021/33
f 4387/2023/33 4386/2022/33 4384/2020/33
f 4387/2023/33 4388/2024/33 4386/2022/33
f 4385/2021/33 4386/2022/33 4389/2025/33
f 4385/2021/33 4389/2025/33 4390/2026/33
f 4386/2022/33 4388/2024/33 4391/2027/62
f 4391/2027/62 4388/2024/33 4392/2028/33
f 4392/2028/33 4393/2029/33 4391/2027/62
f 4394/2030/62 4390/2026/33 4389/2025/33
f 4395/2031/62 4390/2026/33 4394/2030/62
f 4394/2030/62 4396/2032/62 4395/2031/62
f 4391/2027/62 4393/2029/33 4397/2033/33
f 4398/2034/33 4397/2033/33 4393/2029/33
f 4397/2033/33 4398/2034/33 4399/2035/33
f 4400/2036/62 4396/2032/62 4394/2030/62
f 4397/2033/33 4399/2035/33 4401/2037/33
f 4402/2038/33 4401/2037/33 4399/2035/33
f 4401/2037/33 4402/2038/33 4403/2039/33
f 4403/2039/33 4400/2036/62 4401/2037/33
f 4404/2040/33 4396/2032/62 4400/2036/62
f 4405/2041/33 4400/2036/62 4403/2039/33
f 4404/2040/33 4400/2036/62 4405/2041/33
f 4406/2042/16 4408/2044/281 4407/2043/508
f 4407/2043/508 4408/2044/281 4409/2045/16
f 4409/2045/16 4408/2044/281 4410/2046/16
f 4411/2047/508 4407/2043/508 4409/2045/16
f 4411/2047/508 4412/2048/508 4407/2043/508
f 4413/2049/508 4407/2043/508 4412/2048/508
f 4413/2049/508 4412/2048/508 4414/2050/509
f 4415/2051/509 4414/2050/509 4412/2048/508
f 4415/2051/509 4416/2052/509 4414/2050/509
f 4417/2053/509 4414/2050/509 4416/2052/509
f 4416/2052/509 4418/2054/16 4417/2053/509
f 4419/2055/16 4418/2054/16 4416/2052/509
f 4420/2056/16 4418/2054/16 4419/2055/16
f 4421/2057/16 4419/2055/16 4416/2052/509
f 4422/2058/37 4424/2060/37 4423/2059/28
f 7390/2061/29 4423/2059/28 4424/2060/37
f 7390/2061/29 4424/2060/37 7389/2062/29
f 4427/2063/37 7389/2062/29 4424/2060/37
f 4427/2063/37 4428/2064/37 7389/2062/29
f 4423/2059/28 7390/2061/29 7393/2065/510
f 4430/2066/29 7389/2062/29 4428/2064/37
f 7394/2067/511 7393/2065/510 7390/2061/29
f 4429/2068/512 4431/2070/512 4432/2069/512
f 7389/2062/29 4430/2066/29 7391/2071/513
f 7392/2072/514 7391/2071/513 4430/2066/29
f 4425/2073/26 4426/2075/29 4435/2074/80
f 4431/2070/512 4425/2073/26 4435/2074/80
f 4436/2076/511 4432/2069/512 4431/2070/512
f 7398/2077/512 7397/2079/512 4437/2078/53
f 7395/2080/51 4437/2078/53 7397/2079/512
f 4437/2078/53 7395/2080/51 4439/2081/51
f 4440/2082/51 4439/2081/51 7395/2080/51
f 4440/2082/51 7395/2080/51 4441/2083/46
f 4436/2076/511 4431/2070/512 4442/2084/23
f 4435/2074/80 4442/2084/23 4431/2070/512
f 4438/2085/106 4436/2076/511 4442/2084/23
f 4433/2086/515 4434/2088/514 4443/2087/515
f 4444/2089/516 4443/2087/515 4434/2088/514
f 4426/2075/29 4433/2086/515 4445/2090/80
f 4445/2090/80 4435/2074/80 4426/2075/29
f 4433/2086/515 4443/2087/515 4445/2090/80
f 4442/2084/23 4435/2074/80 4446/2091/22
f 4445/2090/80 4446/2091/22 4435/2074/80
f 4442/2084/23 4446/2091/22 4438/2085/106
f 4446/2091/22 4445/2090/80 4443/2087/515
f 7396/2092/53 4441/2083/46 7395/2080/51
f 4447/2093/53 4438/2085/106 4446/2091/22
f 4443/2087/515 4447/2093/53 4446/2091/22
f 7400/2094/517 7399/2095/518 7396/2092/53
f 4441/2083/46 7396/2092/53 4448/2096/46
f 4449/2097/106 7396/2092/53 7399/2095/518
f 4449/2097/106 4448/2096/46 7396/2092/53
f 5038/2098/33 5040/2100/62 5039/2099/62
f 5041/2101/33 5039/2099/62 5040/2100/62
f 5042/2102/14 5044/2104/15 5043/2103/15
f 5045/2105/14 5043/2103/15 5044/2104/15
f 5046/2106/15 5048/2108/15 5047/2107/14
f 5049/2109/14 5047/2107/14 5048/2108/15
f 5050/2110/16 5052/2112/281 5051/2111/281
f 5053/2113/16 5051/2111/281 5052/2112/281
f 5054/2114/519 5056/2116/519 5055/2115/520
f 5057/2117/519 5055/2115/520 5056/2116/519
f 5058/2118/521 5060/2120/523 5059/2119/522
f 5061/2121/522 5059/2119/522 5060/2120/523
f 5062/2122/524 5064/2124/525 5063/2123/525
f 5065/2125/526 5063/2123/525 5064/2124/525
f 5066/2126/527 5068/2128/529 5067/2127/528
f 5069/2129/528 5067/2127/528 5068/2128/529
f 5070/2130/530 5072/2132/531 5071/2131/530
f 5073/2133/532 5071/2131/530 5072/2132/531
f 5074/2134/533 5076/2136/533 5075/2135/534
f 5077/2137/534 5075/2135/534 5076/2136/533
f 5078/2138/535 5080/2140/536 5079/2139/536
f 5081/2141/535 5079/2139/536 5080/2140/536
f 5082/2142/537 5084/2144/537 5083/2143/537
f 5085/2145/537 5083/2143/537 5084/2144/537
f 5086/2146/117 5088/2148/16 5087/2147/16
f 5087/2147/16 5088/2148/16 5089/2149/16
f 5089/2149/16 5088/2148/16 5090/2150/16
f 5091/2151/16 5089/2149/16 5090/2150/16
f 5092/2152/15 5094/2154/14 5093/2153/14
f 5093/2153/14 5094/2154/14 5095/2155/15
f 5096/2156/115 5093/2153/14 5095/2155/15
f 5097/2157/14 5096/2156/115 5095/2155/15
f 5098/2158/538 5100/2160/538 5099/2159/538
f 5101/2161/538 5099/2159/538 5100/2160/538
f 5102/2162/539 5104/2164/541 5103/2163/540
f 5105/2165/542 5103/2163/540 5104/2164/541
f 5106/2166/543 5108/2168/543 5107/2167/544
f 5109/2169/543 5107/2167/544 5108/2168/543
f 5110/2170/545 5112/2172/547 5111/2171/546
f 5113/2173/548 5111/2171/546 5112/2172/547
f 5114/2174/549 5116/2176/549 5115/2175/549
f 5117/2177/549 5115/2175/549 5116/2176/549
f 5118/2178/550 5120/2180/551 5119/2179/550
f 5121/2181/550 5119/2179/550 5120/2180/551
f 5122/2182/14 5124/2184/14 5123/2183/14
f 5124/2184/14 5125/2185/14 5123/2183/14
f 5123/2183/14 5125/2185/14 5126/2186/14
f 5126/2186/14 5125/2185/14 5127/2187/14
f 5128/2188/33 5130/2190/62 5129/2189/33
f 5129/2189/33 5130/2190/62 5131/2191/33
f 5130/2190/62 5132/2192/33 5131/2191/33
f 5131/2191/33 5132/2192/33 5133/2193/31
f 5134/2194/552 5136/2196/552 5135/2195/552
f 5137/2197/552 5135/2195/552 5136/2196/552
f 5138/2198/553 5140/2200/554 5139/2199/554
f 5141/2201/553 5139/2199/554 5140/2200/554
f 5142/2202/555 5144/2204/555 5143/2203/555
f 5145/2205/556 5143/2203/555 5144/2204/555
f 5146/2206/557 5148/2208/559 5147/2207/558
f 5149/2209/560 5147/2207/558 5148/2208/559
f 5150/2210/561 5152/2212/562 5151/2211/562
f 5153/2213/562 5151/2211/562 5152/2212/562
f 5154/2214/563 5156/2216/564 5155/2215/564
f 5157/2217/564 5155/2215/564 5156/2216/564
f 5158/2218/22 5160/2220/46 7009/2219/14
f 5161/2221/565 5160/2220/46 5158/2218/22
f 5161/2221/565 7007/2222/566 5160/2220/46
f 5163/2223/51 5160/2220/46 7007/2222/566
f 7010/2224/51 7009/2219/14 5160/2220/46
f 5163/2223/51 7007/2222/566 7006/2225/84
f 5162/311/566 5166/309/565 5165/334/84
f 7006/2225/84 7005/2226/567 5163/2223/51
f 5168/2227/403 5163/2223/51 7005/2226/567
f 7005/2226/567 7008/2228/105 5168/2227/403
f 5167/332/84 5170/333/84 5169/2229/568
f 5171/2230/101 5169/2229/568 5170/333/84
f 6977/2231/101 6976/2233/569 5172/2232/76
f 6976/2233/569 6974/2234/84 5172/2232/76
f 5173/335/84 5165/334/84 5166/309/565
f 5174/2235/76 5172/2232/76 6974/2234/84
f 5174/2235/76 6974/2234/84 6973/2236/565
f 6973/2236/565 5175/2237/566 5174/2235/76
f 5176/2238/570 5174/2235/76 5175/2237/566
f 5175/2237/566 5177/2239/14 5176/2238/570
f 5176/2238/570 5177/2239/14 5178/2240/571
f 6975/2241/22 5178/2240/571 5177/2239/14
f 5178/2240/571 6975/2241/22 6984/2242/12
f 5178/2240/571 6984/2242/12 5181/2243/76
f 5180/2244/11 5179/2246/22 6972/2245/11
f 6985/2247/11 5181/2243/76 6984/2242/12
f 5184/2248/22 6972/2245/11 5179/2246/22
f 6986/2249/31 5181/2243/76 6985/2247/11
f 5181/2243/76 6986/2249/31 5186/2250/95
f 5183/303/11 5187/302/11 5185/2251/33
f 5188/2252/31 5186/2250/95 6986/2249/31
f 5186/2250/95 5188/2252/31 5189/2253/76
f 5190/2254/11 5189/2253/76 5188/2252/31
f 5189/2253/76 5190/2254/11 5191/2255/76
f 5192/2256/42 5191/2255/76 5190/2254/11
f 5191/2255/76 5192/2256/42 5193/2257/76
f 5194/2258/42 5193/2257/76 5192/2256/42
f 5193/2257/76 5194/2258/42 5195/2259/571
f 5196/2260/22 5195/2259/571 5194/2258/42
f 5195/2259/571 5196/2260/22 5197/2261/572
f 5198/2262/31 5185/2251/33 5187/302/11
f 6983/2263/15 5197/2261/572 5196/2260/22
f 5198/2262/31 5187/302/11 5200/286/70
f 5198/2262/31 5200/286/70 5201/2264/33
f 5200/286/70 5187/302/11 5202/288/573
f 5182/300/42 5202/288/573 5187/302/11
f 5184/2248/22 6971/2265/70 6972/2245/11
f 5184/2248/22 5159/2266/22 6971/2265/70
f 5203/2267/574 6971/2265/70 5159/2266/22
f 5159/2266/22 5164/2268/106 5203/2267/574
f 6990/2269/574 6989/2271/51 6988/2270/70
f 5204/287/74 5201/2264/33 5200/286/70
f 5205/2272/51 6988/2270/70 6989/2271/51
f 6987/2273/31 6988/2270/70 5205/2272/51
f 6987/2273/31 5205/2272/51 5206/2274/31
f 5207/2275/51 5206/2274/31 5205/2272/51
f 5206/2274/31 5207/2275/51 5208/2276/52
f 5209/2277/53 5208/2276/52 5207/2275/51
f 5208/2276/52 5209/2277/53 5210/2278/11
f 5211/2279/46 5210/2278/11 5209/2277/53
f 5210/2278/11 5211/2279/46 5212/2280/22
f 5213/2281/106 5212/2280/22 5211/2279/46
f 5212/2280/22 5213/2281/106 6991/2282/22
f 5215/2283/51 6991/2282/22 5213/2281/106
f 6991/2282/22 5215/2283/51 6992/2284/574
f 5214/2285/14 5216/2286/575 5217/279/22
f 5218/281/73 5217/279/22 5216/2286/575
f 6992/2284/574 5215/2283/51 5219/2287/574
f 5220/2288/51 5219/2287/574 5215/2283/51
f 5221/2289/247 5219/2287/574 5220/2288/51
f 5220/2288/51 5222/2290/53 5221/2289/247
f 5223/2291/33 5221/2289/247 5222/2290/53
f 5224/2292/83 5223/2291/33 5222/2290/53
f 6998/2293/31 5225/2294/31 6997/276/71
f 5222/2290/53 5226/2295/51 5224/2292/83
f 5227/275/70 6997/276/71 5225/2294/31
f 6993/2296/83 5224/2292/83 5226/2295/51
f 5227/275/70 5229/284/12 7001/277/70
f 5229/284/12 5227/275/70 5225/2294/31
f 7002/282/11 7001/277/70 5229/284/12
f 5217/279/14 5230/280/52 5199/2297/22
f 5225/2294/31 6999/2298/31 5229/284/12
f 5232/2299/12 5199/2297/22 5230/280/52
f 6983/2263/15 6982/2300/11 5197/2261/572
f 5197/2261/572 6982/2300/11 5233/2301/576
f 7000/285/11 5229/284/12 6999/2298/31
f 5234/2302/42 5233/2301/576 6982/2300/11
f 5231/2303/31 5233/2301/576 5234/2302/42
f 5231/2303/31 5235/2304/31 5233/2301/576
f 5236/2305/76 5233/2301/576 5235/2304/31
f 5237/2306/83 5236/2305/76 5235/2304/31
f 5237/2306/83 6978/2307/83 5236/2305/76
f 5239/2308/76 5236/2305/76 6978/2307/83
f 5239/2308/76 6978/2307/83 6979/2309/99
f 5240/2310/99 5238/318/577 5241/2311/99
f 6979/2309/99 6980/2312/99 5239/2308/76
f 5243/2313/76 5239/2308/76 6980/2312/99
f 6980/2312/99 6981/2314/68 5243/2313/76
f 5228/319/82 5241/2311/99 5238/318/577
f 5226/2295/51 6994/2315/99 6993/2296/83
f 5226/2295/51 5245/2316/51 6994/2315/99
f 5242/370/99 5246/368/99 5244/274/104
f 6995/2317/99 6994/2315/99 5245/2316/51
f 5247/272/104 5244/274/104 5246/368/99
f 6996/2318/578 6995/2317/99 5245/2316/51
f 5248/2319/579 5250/2321/581 5249/2320/580
f 5248/2319/579 5249/2320/580 5251/2322/582
f 5252/2323/583 5249/2320/580 5250/2321/581
f 5253/2324/582 5251/2322/582 5249/2320/580
f 7013/2325/584 7011/2327/586 7012/2326/585
f 7014/2328/587 7012/2326/585 7011/2327/586
f 5255/2329/587 5256/2331/588 5254/2330/587
f 5257/2332/589 5254/2330/587 5256/2331/588
f 5251/2322/582 5253/2324/582 5258/2333/590
f 5256/2331/588 5258/2333/590 5257/2332/589
f 5259/2334/591 5258/2333/590 5253/2324/582
f 5259/2334/591 5257/2332/589 5258/2333/590
f 5260/2335/586 5262/2337/587 5261/2336/592
f 5260/2335/586 5261/2336/592 5263/2338/593
f 5264/2339/594 5261/2336/592 5262/2337/587
f 5265/2340/579 5263/2338/593 5261/2336/592
f 5262/2337/587 5266/2341/595 5264/2339/594
f 5267/2342/589 5264/2339/594 5266/2341/595
f 5266/2341/595 5268/2343/596 5267/2342/589
f 5269/2344/596 5267/2342/589 5268/2343/596
f 5263/2338/593 5265/2340/579 5270/2345/597
f 5268/2343/596 5270/2345/597 5269/2344/596
f 5271/2346/598 5270/2345/597 5265/2340/579
f 5271/2346/598 5269/2344/596 5270/2345/597
f 5272/2347/599 5274/2349/601 5273/2348/600
f 5272/2347/599 5273/2348/600 5275/2350/602
f 5276/2351/603 5273/2348/600 5274/2349/601
f 5277/2352/604 5275/2350/602 5273/2348/600
f 5274/2349/601 5278/2353/605 5276/2351/603
f 5279/2354/606 5276/2351/603 5278/2353/605
f 5277/2352/604 5280/2355/607 5275/2350/602
f 5281/2356/607 5275/2350/602 5280/2355/607
f 5278/2353/605 5282/2357/608 5279/2354/606
f 5281/2356/607 5280/2355/607 5282/2357/608
f 5283/2358/609 5279/2354/606 5282/2357/608
f 5283/2358/609 5282/2357/608 5280/2355/607
f 5284/2359/610 5286/2361/612 5285/2360/611
f 5284/2359/610 5285/2360/611 5287/2362/604
f 5288/2363/601 5285/2360/611 5286/2361/612
f 5289/2364/602 5287/2362/604 5285/2360/611
f 5288/2363/601 5286/2361/612 5290/2365/605
f 5291/2366/606 5290/2365/605 5286/2361/612
f 5289/2364/602 5292/2367/613 5287/2362/604
f 5293/2368/613 5287/2362/604 5292/2367/613
f 5291/2366/606 5294/2369/614 5290/2365/605
f 5293/2368/613 5292/2367/613 5294/2369/614
f 5295/2370/615 5290/2365/605 5294/2369/614
f 5295/2370/615 5294/2369/614 5292/2367/613
f 5366/2371/616 7214/2373/618 5367/2372/617
f 5366/2371/616 5369/2374/619 7214/2373/618
f 7218/2375/620 7214/2373/618 5369/2374/619
f 7223/2376/621 5371/2378/623 7222/2377/622
f 5372/2379/624 7222/2377/622 5371/2378/623
f 5371/2378/623 7226/2380/625 5372/2379/624
f 5374/2381/626 5367/2372/617 7214/2373/618
f 5374/2381/626 5375/2382/627 5367/2372/617
f 5376/2383/628 5367/2372/617 5375/2382/627
f 5376/2383/628 5375/2382/627 5377/2384/629
f 5374/2381/626 7214/2373/618 7215/2385/31
f 7215/2385/31 5375/2382/627 5374/2381/626
f 5370/2386/620 5379/2388/31 5368/2387/630
f 7225/2389/33 7222/2377/622 7224/2390/247
f 5372/2379/624 7224/2390/247 7222/2377/622
f 5378/2391/33 5380/2393/33 5381/2392/31
f 5382/2394/31 5368/2387/630 5379/2388/31
f 5379/2388/31 5380/2393/33 5382/2394/31
f 7216/2395/247 7215/2385/31 7214/2373/618
f 5382/2394/31 5380/2393/33 5378/2391/33
f 7215/2385/31 7217/2396/31 5375/2382/627
f 5381/2392/31 5383/2397/33 5378/2391/33
f 5384/2398/631 5377/2384/629 5375/2382/627
f 5384/2398/631 5375/2382/627 7217/2396/31
f 7231/2399/632 7229/2401/633 7230/2400/629
f 7233/2402/31 7229/2401/633 7231/2399/632
f 5383/2397/33 5381/2392/31 5385/2403/634
f 7232/2404/635 7230/2400/629 7229/2401/633
f 5386/2405/635 7221/2407/637 5387/2406/636
f 7224/2390/247 5372/2379/624 7228/2408/173
f 5381/2392/31 5380/2393/33 5388/2409/33
f 7227/2410/638 7228/2408/173 5372/2379/624
f 7220/2411/173 5389/2413/638 7219/2412/31
f 7227/2410/638 5372/2379/624 7226/2380/625
f 5389/2413/638 5373/2415/640 5390/2414/639
f 5390/2414/639 7219/2412/31 5389/2413/638
f 5391/2416/639 5390/2414/639 5373/2415/640
f 5391/2416/639 5387/2406/636 5390/2414/639
f 5392/2417/641 5387/2406/636 7221/2407/637
f 5392/2417/641 7221/2407/637 7219/2412/31
f 5390/2414/639 5392/2417/641 7219/2412/31
f 5392/2417/641 5390/2414/639 5387/2406/636
f 5393/2418/642 5395/2420/644 7330/2419/643
f 5393/2418/642 7330/2419/643 5396/2421/645
f 7334/2422/646 5396/2421/645 7330/2419/643
f 7339/2423/647 7338/2425/649 5398/2424/648
f 5399/2426/650 5398/2424/648 7338/2425/649
f 5398/2424/648 5399/2426/650 7342/2427/651
f 5401/2428/644 7330/2419/643 5395/2420/644
f 5401/2428/644 5395/2420/644 5402/2429/652
f 5403/2430/653 5402/2429/652 5395/2420/644
f 5403/2430/653 5404/2431/654 5402/2429/652
f 5401/2428/644 7331/2432/22 7330/2419/643
f 5401/2428/644 5402/2429/652 7331/2432/22
f 5397/2433/646 5394/2435/655 5406/2434/22
f 5407/2436/14 5406/2434/22 5394/2435/655
f 7332/2437/22 7330/2419/643 7331/2432/22
f 7341/2438/23 7340/2439/14 7338/2425/649
f 5407/2436/14 5408/2440/14 5406/2434/22
f 5399/2426/650 7338/2425/649 7340/2439/14
f 5405/2441/14 5408/2440/14 5407/2436/14
f 5409/2442/14 5408/2440/14 5405/2441/14
f 7331/2432/22 5402/2429/652 7333/2443/22
f 5405/2441/14 5410/2444/22 5409/2442/14
f 5411/2445/656 5402/2429/652 5404/2431/654
f 5411/2445/656 7333/2443/22 5402/2429/652
f 7347/2446/657 7345/2448/654 7346/2447/658
f 7347/2446/657 7346/2447/658 7349/2449/80
f 5410/2444/22 5412/2450/659 5409/2442/14
f 7348/2451/660 7346/2447/658 7345/2448/654
f 5413/2452/661 5414/2454/663 7337/2453/662
f 7340/2439/14 7344/2455/14 5399/2426/650
f 5415/2456/14 5408/2440/14 5409/2442/14
f 7343/2457/664 5399/2426/650 7344/2455/14
f 7336/2458/14 7335/2460/22 5416/2459/665
f 7343/2457/664 7342/2427/651 5399/2426/650
f 5416/2459/665 5417/2462/667 5400/2461/666
f 5417/2462/667 5416/2459/665 7335/2460/22
f 5418/2463/667 5400/2461/666 5417/2462/667
f 5418/2463/667 5417/2462/667 5414/2454/663
f 5419/2464/668 7337/2453/662 5414/2454/663
f 5419/2464/668 7335/2460/22 7337/2453/662
f 7335/2460/22 5419/2464/668 5417/2462/667
f 5419/2464/668 5414/2454/663 5417/2462/667
f 5652/2465/669 5654/2467/670 7250/2466/670
f 5652/2465/669 7254/2468/28 5654/2467/670
f 7255/2469/28 5654/2467/670 7254/2468/28
f 5655/2470/29 5657/2472/29 5656/2471/29
f 5658/2473/29 5656/2471/29 5657/2472/29
f 5657/2472/29 5659/2474/671 5658/2473/29
f 5660/2475/672 5658/2473/29 5659/2474/671
f 7245/2476/673 5661/2478/671 7244/2477/672
f 5658/2473/29 7240/2479/22 5656/2471/29
f 5660/2475/672 7240/2479/22 5658/2473/29
f 7255/2469/28 7252/2480/14 5654/2467/670
f 7241/2481/23 5656/2471/29 7240/2479/22
f 7251/2482/674 7250/2466/670 5654/2467/670
f 5654/2467/670 7252/2480/14 7251/2482/674
f 5665/2483/673 7244/2477/672 5661/2478/671
f 5661/2478/671 7248/2484/51 5665/2483/673
f 5663/2485/14 5662/2487/14 5667/2486/22
f 7253/2488/22 7251/2482/674 7252/2480/14
f 5664/2489/675 5668/2491/106 5653/2490/676
f 7242/2492/80 5668/2491/106 5664/2489/675
f 5669/2493/51 5653/2490/676 5668/2491/106
f 7247/2494/80 7244/2477/672 7246/2495/677
f 5665/2483/673 7246/2495/677 7244/2477/672
f 5670/2496/14 5667/2486/22 5662/2487/14
f 5666/2497/106 5669/2493/51 5671/2498/678
f 5668/2491/106 5671/2498/678 5669/2493/51
f 7249/2499/51 5665/2483/673 7248/2484/51
f 5668/2491/106 7242/2492/80 5671/2498/678
f 5665/2483/673 7249/2499/51 7246/2495/677
f 7243/2500/22 5671/2498/678 7242/2492/80
f 5672/2501/669 5674/2503/679 7267/2502/670
f 5672/2501/669 7271/2504/28 5674/2503/679
f 7272/2505/26 5674/2503/679 7271/2504/28
f 5675/2506/26 5677/2508/29 5676/2507/29
f 5678/2509/29 5676/2507/29 5677/2508/29
f 5677/2508/29 5679/2510/672 5678/2509/29
f 5680/2511/673 5678/2509/29 5679/2510/672
f 7262/2512/673 5681/2514/671 7261/2513/673
f 5678/2509/29 7256/2515/22 5676/2507/29
f 5680/2511/673 7256/2515/22 5678/2509/29
f 7272/2505/26 7269/2516/14 5674/2503/679
f 7257/2517/23 5676/2507/29 7256/2515/22
f 7268/2518/674 7267/2502/670 5674/2503/679
f 5674/2503/679 7269/2516/14 7268/2518/674
f 5685/2519/672 7261/2513/673 5681/2514/671
f 5681/2514/671 7265/2520/51 5685/2519/672
f 5683/2521/22 5682/2523/14 5687/2522/22
f 7270/2524/23 7268/2518/674 7269/2516/14
f 7260/2525/670 7259/2527/51 5673/2526/680
f 5687/2522/22 5688/2529/51 5684/2528/675
f 5689/2530/51 5673/2526/680 7259/2527/51
f 7264/2531/22 7261/2513/673 7263/2532/22
f 5685/2519/672 7263/2532/22 7261/2513/673
f 5690/2533/137 5687/2522/22 5682/2523/14
f 5686/2534/51 5689/2530/51 7258/2535/53
f 7259/2527/51 7258/2535/53 5689/2530/51
f 7266/2536/46 5685/2519/672 7265/2520/51
f 5688/2529/51 5687/2522/22 5691/2537/46
f 5685/2519/672 7266/2536/46 7263/2532/22
f 5690/2533/137 5691/2537/46 5687/2522/22
f 5746/2538/681 7360/2540/683 5747/2539/682
f 5746/2538/681 5747/2539/682 7364/2541/28
f 7365/2542/29 7364/2541/28 5747/2539/682
f 5749/2543/28 5750/2545/26 5751/2544/28
f 5752/2546/29 5751/2544/28 5750/2545/26
f 5751/2544/28 5752/2546/29 5753/2547/684
f 5754/2548/685 5753/2547/684 5752/2546/29
f 7367/2549/684 7366/2551/686 5755/2550/685
f 5752/2546/29 5750/2545/26 7358/2552/247
f 5752/2546/29 7358/2552/247 5754/2548/685
f 5747/2539/682 7362/2553/119 7365/2542/29
f 7359/2554/119 7358/2552/247 5750/2545/26
f 7361/2555/687 5747/2539/682 7360/2540/683
f 5747/2539/682 7361/2555/687 7362/2553/119
f 5759/2556/685 5755/2550/685 7366/2551/686
f 5755/2550/685 5759/2556/685 7370/2557/403
f 5757/2558/33 5761/2560/33 5756/2559/33
f 7363/2561/31 7362/2553/119 7361/2555/687
f 5758/2562/682 5748/2564/688 5762/2563/51
f 5758/2562/682 5762/2563/51 7356/2565/31
f 5763/2566/51 5762/2563/51 5748/2564/688
f 7369/2567/33 7368/2568/31 7366/2551/686
f 5759/2556/685 7366/2551/686 7368/2568/31
f 5764/2569/33 5756/2559/33 5761/2560/33
f 5760/2570/51 5765/2571/106 5763/2566/51
f 5762/2563/51 5763/2566/51 5765/2571/106
f 7371/2572/106 7370/2557/403 5759/2556/685
f 5762/2563/51 5765/2571/106 7356/2565/31
f 7368/2568/31 7371/2572/106 5759/2556/685
f 7357/2573/62 7356/2565/31 5765/2571/106
f 5766/2574/689 7377/2576/683 5767/2575/690
f 5766/2574/689 5767/2575/690 7381/2577/29
f 7382/2578/29 7381/2577/29 5767/2575/690
f 5769/2579/29 5770/2581/29 5771/2580/29
f 5772/2582/29 5771/2580/29 5770/2581/29
f 5771/2580/29 5772/2582/29 5773/2583/691
f 5774/2584/686 5773/2583/691 5772/2582/29
f 7384/2585/684 7383/2587/686 5775/2586/685
f 5772/2582/29 5770/2581/29 7372/2588/31
f 5772/2582/29 7372/2588/31 5774/2584/686
f 5767/2575/690 7379/2589/33 7382/2578/29
f 7373/2590/33 7372/2588/31 5770/2581/29
f 7378/2591/690 5767/2575/690 7377/2576/683
f 5767/2575/690 7378/2591/690 7379/2589/33
f 5779/2592/685 5775/2586/685 7383/2587/686
f 5775/2586/685 5779/2592/685 7387/2593/51
f 5777/2594/31 5781/2596/31 5776/2595/31
f 7380/2597/31 7379/2589/33 7378/2591/690
f 7376/2598/692 5768/2600/693 7375/2599/106
f 5778/2601/681 5782/2602/51 5781/2596/31
f 5783/2603/51 7375/2599/106 5768/2600/693
f 7386/2604/31 7385/2605/31 7383/2587/686
f 5779/2592/685 7383/2587/686 7385/2605/31
f 5784/2606/31 5776/2595/31 5781/2596/31
f 5780/2607/106 7374/2608/51 5783/2603/51
f 7375/2599/106 5783/2603/51 7374/2608/51
f 7388/2609/51 7387/2593/51 5779/2592/685
f 5782/2602/51 5785/2610/678 5781/2596/31
f 7385/2605/31 7388/2609/51 5779/2592/685
f 5784/2606/31 5781/2596/31 5785/2610/678
f 5856/2611/31 5858/2613/694 5857/2612/173
f 5859/2614/695 5857/2612/173 5858/2613/694
f 6947/2615/247 5860/2617/696 6946/2616/142
f 6949/2618/697 5861/2620/14 6948/2619/697
f 5862/2621/576 6946/2616/142 5860/2617/696
f 5863/2622/15 6948/2619/697 5861/2620/14
f 6953/2623/98 6951/2625/14 6950/2624/98
f 6952/2626/22 6950/2624/98 6951/2625/14
f 5900/2627/116 5902/2629/699 5901/2628/698
f 5903/2630/700 5901/2628/698 5902/2629/699
f 7452/2631/701 5904/2633/11 7451/2632/700
f 5905/2634/702 7451/2632/700 5904/2633/11
f 7464/2635/703 7457/2637/705 7459/2636/704
f 5904/2633/11 7449/2638/706 5905/2634/702
f 7450/2639/707 5905/2634/702 7449/2638/706
f 5906/2640/708 5908/2642/16 5907/2641/709
f 7458/2643/710 7457/2637/705 7463/2644/711
f 5909/2645/710 5907/2641/709 5908/2642/16
f 7459/2636/704 7457/2637/705 7458/2643/710
f 5908/2642/16 5910/2646/712 5909/2645/710
f 5901/2628/698 5911/2647/713 5900/2627/116
f 5912/2648/714 5900/2627/116 5911/2647/713
f 7461/2649/715 7459/2636/704 7460/2650/716
f 7454/2651/717 5913/2653/719 7453/2652/718
f 7460/2650/716 7459/2636/704 7458/2643/710
f 5914/2654/197 7453/2652/718 5913/2653/719
f 5915/2655/720 5909/2645/710 5910/2646/712
f 7462/2656/721 7460/2650/716 7458/2643/710
f 7456/2657/722 5914/2654/197 7455/2658/723
f 5913/2653/719 7455/2658/723 5914/2654/197
f 5916/2659/724 5918/2660/726 5917/2627/725
f 5919/2629/727 5917/2627/725 5918/2660/726
f 5917/2627/725 5920/2648/728 5916/2659/724
f 7468/2661/726 5921/2663/730 7467/2662/729
f 5922/2664/731 5916/2659/724 5920/2648/728
f 5923/2665/732 7467/2662/729 5921/2663/730
f 7472/2666/728 5924/2668/734 7471/2667/733
f 5921/2663/730 7465/2669/735 5923/2665/732
f 5926/2670/736 7471/2667/733 5924/2668/734
f 7466/2671/737 5923/2665/732 7465/2669/735
f 5924/2668/734 7469/2672/738 5926/2670/736
f 5925/2673/735 5929/2674/740 5927/2640/739
f 7470/2675/741 5926/2670/736 7469/2672/738
f 5931/2642/742 5927/2640/739 5929/2674/740
f 5928/2646/743 5931/2642/742 5930/2676/744
f 5929/2674/740 5930/2676/744 5931/2642/742
f 7090/2677/14 5934/2679/12 7089/2678/14
f 5935/2680/64 7089/2678/14 5934/2679/12
f 5933/2681/22 7087/2683/197 5932/2682/121
f 7093/2684/11 7091/2686/745 7092/2685/252
f 7088/2687/3 5932/2682/121 7087/2683/197
f 7094/2688/33 7092/2685/252 7091/2686/745
f 5936/2689/198 5939/2691/31 5938/2690/1
f 5937/2692/31 5938/2690/1 5939/2691/31
f 5968/2693/14 7095/2695/12 5969/2694/14
f 7096/2696/64 5969/2694/14 7095/2695/12
f 7102/2697/22 7100/2699/3 7099/2698/22
f 5970/2700/11 5973/2702/33 5971/2701/252
f 7101/2703/3 7099/2698/22 7100/2699/3
f 5975/2704/117 5971/2701/252 5973/2702/33
f 5972/2705/1 7097/2707/16 5974/2706/1
f 7098/2708/31 5974/2706/1 7097/2707/16
f 5976/2709/37 5978/2711/37 5977/2710/37
f 5979/2712/37 5977/2710/37 5978/2711/37
f 5977/2710/37 5980/2713/37 5976/2709/37
f 5978/2711/37 5981/2714/37 5979/2712/37
f 5982/2715/37 5976/2709/37 5980/2713/37
f 5983/2716/37 5979/2712/37 5981/2714/37
f 5980/2713/37 5984/2717/37 5982/2715/37
f 5981/2714/37 5985/2718/37 5983/2716/37
f 5986/2719/37 5982/2715/37 5984/2717/37
f 5987/2720/37 5983/2716/37 5985/2718/37
f 5984/2717/37 5988/2721/37 5986/2719/37
f 5985/2718/37 5989/2722/37 5987/2720/37
f 5990/2723/37 5986/2719/37 5988/2721/37
f 5991/2724/37 5987/2720/37 5989/2722/37
f 5988/2721/37 5991/2724/37 5990/2723/37
f 5989/2722/37 5990/2723/37 5991/2724/37
f 5992/2725/37 5994/2727/37 5993/2726/37
f 5995/2728/37 5993/2726/37 5994/2727/37
f 5993/2726/37 5996/2729/37 5992/2725/37
f 5994/2727/37 5997/2730/401 5995/2728/37
f 5998/2731/37 5992/2725/37 5996/2729/37
f 5999/2732/37 5995/2728/37 5997/2730/401
f 5996/2729/37 6000/2733/37 5998/2731/37
f 5997/2730/401 6001/2734/29 5999/2732/37
f 6002/2735/37 5998/2731/37 6000/2733/37
f 6003/2736/37 5999/2732/37 6001/2734/29
f 6000/2733/37 6004/2737/37 6002/2735/37
f 6001/2734/29 6005/2738/37 6003/2736/37
f 6006/2739/29 6002/2735/37 6004/2737/37
f 6007/2740/37 6003/2736/37 6005/2738/37
f 6004/2737/37 6007/2740/37 6006/2739/29
f 6005/2738/37 6006/2739/29 6007/2740/37
f 6068/2741/31 6070/2743/33 6069/2742/31
f 6070/2743/33 6071/2744/33 6069/2742/31
f 6069/2742/31 6071/2744/33 6072/2745/33
f 6073/2746/33 6072/2745/33 6071/2744/33
f 6074/2747/33 6072/2745/33 6073/2746/33
f 6075/2748/33 6070/2743/33 6068/2741/31
f 6073/2746/33 6075/2748/33 6074/2747/33
f 6076/2749/31 6075/2748/33 6068/2741/31
f 6076/2749/31 6074/2747/33 6075/2748/33
f 6068/2741/31 6069/2742/31 6077/2750/746
f 7413/2751/31 7422/2753/31 6078/2752/12
f 6079/2754/747 6077/2750/746 6069/2742/31
f 6078/2752/12 7408/2755/746 7413/2751/31
f 7410/2756/748 7408/2755/746 7409/2757/746
f 7408/2755/746 6078/2752/12 7407/2758/746
f 7407/2758/746 7409/2757/746 7408/2755/746
f 6080/2759/749 6081/2761/750 6082/2760/23
f 7409/2757/746 7411/2762/11 7410/2756/748
f 6082/2760/23 6083/2763/11 6080/2759/749
f 6077/2750/746 6084/2764/11 6068/2741/31
f 7412/2765/12 7410/2756/748 7411/2762/11
f 7412/2765/12 6085/2767/11 7420/2766/119
f 7411/2762/11 6086/2768/11 7412/2765/12
f 6085/2767/11 7412/2765/12 6086/2768/11
f 6086/2768/11 7411/2762/11 7417/2769/14
f 7418/2770/23 7417/2769/14 7411/2762/11
f 6087/2771/22 6082/2760/23 6088/2772/22
f 7417/2769/14 7415/2773/53 6086/2768/11
f 6086/2768/11 7415/2773/53 6085/2767/11
f 6087/2771/22 6088/2772/22 6089/2774/106
f 7421/2775/31 7420/2766/119 6085/2767/11
f 6090/2776/133 6076/2749/31 6068/2741/31
f 6085/2767/11 7416/2777/53 7421/2775/31
f 7416/2777/53 6085/2767/11 7415/2773/53
f 6091/2778/678 6092/2779/51 6090/2776/133
f 7434/2780/51 7432/2782/106 7431/2781/106
f 6076/2749/31 6090/2776/133 6092/2779/51
f 6093/2783/106 6089/2774/106 6088/2772/22
f 7433/2784/51 7431/2781/106 7432/2782/106
f 7406/2785/403 7401/2787/1 7405/2786/51
f 6088/2772/22 6094/2788/3 6093/2783/106
f 6088/2772/22 6095/2789/14 6094/2788/3
f 6095/2789/14 6088/2772/22 6096/2790/14
f 6097/2791/14 6096/2790/14 6088/2772/22
f 6088/2772/22 6082/2760/23 6097/2791/14
f 6097/2791/14 6082/2760/23 6098/2792/14
f 6096/2790/14 6099/2793/14 6095/2789/14
f 6098/2792/14 6082/2760/23 6100/2794/22
f 6099/2793/14 6098/2792/14 6100/2794/22
f 6100/2794/22 6082/2760/23 6081/2761/750
f 6092/2779/51 6101/2795/103 6076/2749/31
f 7403/2796/751 7405/2786/51 7401/2787/1
f 6101/2795/103 6102/2797/1 6076/2749/31
f 7403/2796/751 7401/2787/1 7402/2798/3
f 6074/2747/33 6076/2749/31 6102/2797/1
f 6099/2793/14 6103/2799/14 6095/2789/14
f 6103/2799/14 6099/2793/14 6100/2794/22
f 7414/2800/22 7407/2758/746 6104/2801/11
f 6104/2801/11 7407/2758/746 6078/2752/12
f 6104/2801/11 6105/2802/11 7414/2800/22
f 6104/2801/11 6078/2752/12 6105/2802/11
f 7419/2803/14 7414/2800/22 6105/2802/11
f 7404/2804/1 7402/2798/3 7401/2787/1
f 6106/2805/1 6094/2788/3 6095/2789/14
f 7448/2806/1 7444/2808/47 7447/2807/752
f 6095/2789/14 6107/2809/53 6106/2805/1
f 6102/2797/1 6108/2810/51 6074/2747/33
f 7441/2811/53 7447/2807/752 7444/2808/47
f 6109/2812/12 6105/2802/11 6078/2752/12
f 6109/2812/12 6078/2752/12 7422/2753/31
f 7428/2813/42 6110/2815/29 7427/2814/12
f 6110/2815/29 7428/2813/42 7430/2816/31
f 7427/2814/12 6111/2818/29 7425/2817/14
f 6111/2818/29 7427/2814/12 6110/2815/29
f 6111/2818/29 7423/2819/753 7425/2817/14
f 6111/2818/29 6110/2815/29 7423/2819/753
f 6103/2799/14 6113/2820/14 6095/2789/14
f 7426/2821/23 7425/2817/14 7423/2819/753
f 6095/2789/14 6114/2822/22 6107/2809/53
f 6095/2789/14 6113/2820/14 6114/2822/22
f 7444/2808/47 7442/2823/45 7441/2811/53
f 6115/2824/46 6107/2809/53 6114/2822/22
f 6108/2810/51 6116/2825/51 6074/2747/33
f 7443/2826/51 7441/2811/53 7442/2823/45
f 6114/2822/22 6117/2827/3 6115/2824/46
f 6114/2822/22 6113/2820/14 6117/2827/3
f 7442/2823/45 7445/2828/3 7443/2826/51
f 6118/2829/31 6072/2745/33 6074/2747/33
f 6118/2829/31 6074/2747/33 6116/2825/51
f 7430/2816/31 7429/2830/31 6110/2815/29
f 6119/2831/33 6072/2745/33 6118/2829/31
f 6120/2832/3 6117/2827/3 6113/2820/14
f 6112/2833/28 6120/2832/3 6113/2820/14
f 7446/2834/110 7443/2826/51 7445/2828/3
f 6118/2829/31 6116/2825/51 6121/2835/110
f 7437/2836/3 7435/2838/752 7436/2837/1
f 6121/2835/110 6122/2839/232 6118/2829/31
f 7438/2840/1 7436/2837/1 7435/2838/752
f 6119/2831/33 6118/2829/31 6122/2839/232
f 7435/2838/752 7439/2841/29 7438/2840/1
f 7424/2842/29 7423/2819/753 6110/2815/29
f 7424/2842/29 6110/2815/29 7429/2830/31
f 6123/2843/29 6119/2831/33 6122/2839/232
f 7440/2844/29 7438/2840/1 7439/2841/29
f 7178/2845/754 7176/2847/755 7177/2846/754
f 7179/2848/756 7177/2846/754 7176/2847/755
f 6325/2849/757 6328/2851/759 6324/2850/758
f 6326/2852/760 6329/2854/762 6327/2853/761
f 6330/2855/763 6324/2850/758 6328/2851/759
f 6331/2856/762 6327/2853/761 6329/2854/762
f 6328/2851/759 6332/2857/764 6330/2855/763
f 6329/2854/762 6333/2858/765 6331/2856/762
f 6334/2859/764 6330/2855/763 6332/2857/764
f 6335/2860/766 6331/2856/762 6333/2858/765
f 7175/2861/767 6336/2863/768 7174/2862/767
f 7173/2864/769 6337/2866/771 7172/2865/770
f 6338/2867/768 7174/2862/767 6336/2863/768
f 6339/2868/772 7172/2865/770 6337/2866/771
f 6336/2863/768 6339/2868/772 6338/2867/768
f 6337/2866/771 6338/2867/768 6339/2868/772
f 6340/2869/773 7188/2871/756 6341/2870/774
f 7189/2872/756 6341/2870/774 7188/2871/756
f 6341/2870/774 6344/2873/775 6340/2869/773
f 6342/2874/776 6345/2876/777 6343/2875/776
f 6346/2877/778 6340/2869/773 6344/2873/775
f 6347/2878/779 6343/2875/776 6345/2876/777
f 7191/2879/780 6348/2881/781 7190/2880/780
f 6345/2876/777 6349/2882/765 6347/2878/779
f 6350/2883/782 7190/2880/780 6348/2881/781
f 6351/2884/765 6347/2878/779 6349/2882/765
f 6348/2881/781 7192/2885/783 6350/2883/782
f 7187/2886/769 6353/2888/784 7186/2887/769
f 7193/2889/785 6350/2883/782 7192/2885/783
f 6355/2890/786 7186/2887/769 6353/2888/784
f 6352/2891/785 6355/2890/786 6354/2892/785
f 6353/2888/784 6354/2892/785 6355/2890/786
f 6356/2893/787 6358/2895/788 6357/2894/787
f 6359/2896/789 6357/2894/787 6358/2895/788
f 6357/2894/787 6360/2897/790 6356/2893/787
f 6358/2895/788 6361/2898/791 6359/2896/789
f 6362/2899/792 6359/2896/789 6361/2898/791
f 6363/2900/790 6356/2893/787 6360/2897/790
f 7201/2901/790 6364/2903/790 7200/2902/790
f 6358/2895/788 6356/2893/787 7196/2904/142
f 7196/2904/142 6361/2898/791 6358/2895/788
f 7206/2905/792 6366/2907/792 7205/2906/793
f 6367/2908/792 7205/2906/793 6366/2907/792
f 6368/2909/790 7200/2902/790 6364/2903/790
f 6364/2903/790 6369/2910/794 6368/2909/790
f 7197/2911/31 6356/2893/787 6363/2900/790
f 7197/2911/31 7196/2904/142 6356/2893/787
f 7200/2902/790 6368/2909/790 7202/2912/33
f 6370/2913/33 6371/2915/31 6365/2914/31
f 7207/2916/31 7204/2917/31 7206/2905/792
f 6366/2907/792 7206/2905/792 7204/2917/31
f 6365/2914/31 6371/2915/31 6372/2918/33
f 6366/2907/792 6373/2919/795 6367/2908/792
f 7204/2917/31 6373/2919/795 6366/2907/792
f 7204/2917/31 7203/2920/31 6373/2919/795
f 6374/2921/795 6367/2908/792 6373/2919/795
f 6373/2919/795 6375/2922/795 6374/2921/795
f 6375/2922/795 6373/2919/795 7203/2920/31
f 6376/2923/796 6374/2921/795 6375/2922/795
f 7209/2924/797 6377/2926/799 7208/2925/798
f 7213/2927/31 6377/2926/799 7209/2924/797
f 6378/2928/800 7208/2925/798 6377/2926/799
f 7198/2929/119 7202/2912/33 6368/2909/790
f 6379/2930/33 6371/2915/31 6370/2913/33
f 6377/2926/799 6380/2931/799 6378/2928/800
f 6381/2932/799 6378/2928/800 6380/2931/799
f 7213/2927/31 7212/2933/33 6377/2926/799
f 6380/2931/799 6377/2926/799 7212/2933/33
f 6382/2934/33 6371/2915/31 6379/2930/33
f 6380/2931/799 7210/2935/801 6381/2932/799
f 7212/2933/33 7210/2935/801 6380/2931/799
f 7199/2936/119 7198/2929/119 6383/2937/801
f 7211/2938/801 6381/2932/799 7210/2935/801
f 7198/2929/119 6368/2909/790 6385/2939/802
f 6385/2939/802 6383/2937/801 7198/2929/119
f 6383/2937/801 6385/2939/802 6384/2940/803
f 6385/2939/802 6368/2909/790 6369/2910/794
f 6369/2910/794 6384/2940/803 6385/2939/802
f 6386/2941/31 6388/2943/31 6387/2942/804
f 6389/2944/805 6387/2942/804 6388/2943/31
f 6387/2942/804 6390/2945/806 6386/2941/31
f 6388/2943/31 6391/2946/169 6389/2944/805
f 6388/2943/31 6386/2941/31 6391/2946/169
f 6392/2947/807 6389/2944/805 6391/2946/169
f 6393/2948/119 6386/2941/31 6390/2945/806
f 6390/2945/806 6394/2949/808 6393/2948/119
f 6393/2948/119 6395/2950/33 6386/2941/31
f 6395/2950/33 6393/2948/119 6394/2949/808
f 6386/2941/31 6395/2950/33 6391/2946/169
f 6394/2949/808 6396/2951/809 6395/2950/33
f 6391/2946/169 6397/2952/173 6392/2947/807
f 6396/2951/809 6392/2947/807 6397/2952/173
f 6397/2952/173 6395/2950/33 6396/2951/809
f 6391/2946/169 6395/2950/33 6397/2952/173
f 6414/2953/810 6416/2955/811 6415/2954/811
f 6417/2956/812 6415/2954/811 6416/2955/811
f 6415/2954/811 6417/2956/812 6418/2957/813
f 6416/2955/811 6414/2953/810 6419/2958/814
f 6420/2959/815 6419/2958/814 6414/2953/810
f 6416/2955/811 7312/2960/22 6417/2956/812
f 6416/2955/811 6419/2958/814 7312/2960/22
f 6422/2961/813 6418/2957/813 6417/2956/812
f 7317/2962/816 7316/2964/813 6423/2963/813
f 7322/2965/817 7321/2967/818 6424/2966/818
f 6425/2968/818 6424/2966/818 7321/2967/818
f 6422/2961/813 6417/2956/812 7313/2969/80
f 7313/2969/80 6417/2956/812 7312/2960/22
f 6421/2970/14 6427/2972/22 6426/2971/14
f 6428/2973/813 6423/2963/813 7316/2964/813
f 7316/2964/813 7318/2974/22 6428/2973/813
f 6423/2963/813 6428/2973/813 6429/2975/819
f 7323/2976/22 7322/2965/817 7320/2977/22
f 6424/2966/818 7320/2977/22 7322/2965/817
f 6430/2978/15 6427/2972/22 6421/2970/14
f 6424/2966/818 6425/2968/818 6431/2979/820
f 6424/2966/818 6431/2979/820 7320/2977/22
f 7320/2977/22 6431/2979/820 7319/2980/80
f 6432/2981/821 6431/2979/820 6425/2968/818
f 6431/2979/820 6432/2981/821 6433/2982/820
f 6433/2982/820 7319/2980/80 6431/2979/820
f 6434/2983/822 6433/2982/820 6432/2981/821
f 7325/2984/820 7324/2986/824 6435/2985/823
f 7325/2984/820 6435/2985/823 7329/2987/14
f 6436/2988/825 6435/2985/823 7324/2986/824
f 6437/2989/819 6429/2975/819 6428/2973/813
f 6429/2975/819 6437/2989/819 6438/2990/819
f 6435/2985/823 6436/2988/825 6439/2991/826
f 6440/2992/826 6439/2991/826 6436/2988/825
f 7327/2993/827 7326/2994/827 6440/2992/826
f 6441/2995/819 6438/2990/819 6437/2989/819
f 6439/2991/826 6440/2992/826 7326/2994/827
f 6437/2989/819 6428/2973/813 7314/2996/24
f 6437/2989/819 7314/2996/24 6441/2995/819
f 7314/2996/24 6428/2973/813 7318/2974/22
f 6426/2971/14 6427/2972/22 6442/2997/14
f 6439/2991/826 7328/2998/80 6435/2985/823
f 6439/2991/826 7326/2994/827 7328/2998/80
f 7329/2987/14 6435/2985/823 7328/2998/80
f 6442/2997/14 6427/2972/22 6443/2999/14
f 7315/3000/22 6441/2995/819 7314/2996/24
f 6444/3001/828 6446/3003/830 6445/3002/829
f 6447/3004/22 6445/3002/829 6446/3003/830
f 6445/3002/829 6447/3004/22 6448/3005/831
f 6446/3003/830 6444/3001/828 6449/3006/80
f 6446/3003/830 6449/3006/80 6447/3004/22
f 6450/3007/832 6449/3006/80 6444/3001/828
f 6451/3008/23 6448/3005/831 6447/3004/22
f 6448/3005/831 6451/3008/23 6452/3009/833
f 6447/3004/22 6453/3010/14 6451/3008/23
f 6453/3010/14 6452/3009/833 6451/3008/23
f 6449/3006/80 6453/3010/14 6447/3004/22
f 6452/3009/833 6453/3010/14 6454/3011/834
f 6454/3011/834 6455/3012/80 6450/3007/832
f 6449/3006/80 6450/3007/832 6455/3012/80
f 6455/3012/80 6454/3011/834 6453/3010/14
f 6455/3012/80 6453/3010/14 6449/3006/80
f 6508/3013/106 6510/3015/51 6509/3014/106
f 6508/3013/106 6511/3016/835 6510/3015/51
f 6509/3014/106 6512/3017/31 6508/3013/106
f 6511/3016/835 6508/3013/106 6512/3017/31
f 6509/3014/106 6510/3015/51 6513/3018/51
f 6514/3019/11 6510/3015/51 6511/3016/835
f 6513/3018/51 6510/3015/51 6515/3020/106
f 6510/3015/51 6514/3019/11 6515/3020/106
f 6515/3020/106 6516/3021/699 6513/3018/51
f 6516/3021/699 6515/3020/106 6514/3019/11
f 7475/3022/65 7473/3024/836 7474/3023/11
f 7498/3025/837 7496/3027/31 7495/3026/836
f 7476/3028/836 7474/3023/11 7473/3024/836
f 7478/3029/838 7475/3022/65 7477/3030/701
f 7474/3023/11 7477/3030/701 7475/3022/65
f 6512/3017/31 6509/3014/106 6520/3031/712
f 7497/3032/133 7495/3026/836 7496/3027/31
f 7484/3033/31 7481/3035/839 7483/3034/133
f 6518/3036/840 6522/3038/29 6517/3037/11
f 6522/3038/29 6518/3036/840 6523/3039/26
f 6521/3040/841 6523/3039/26 6518/3036/840
f 6524/3041/29 6517/3037/11 6522/3038/29
f 6517/3037/11 6524/3041/29 6519/3042/701
f 6522/3038/29 6523/3039/26 6524/3041/29
f 7494/3043/699 7492/3045/22 7491/3044/699
f 6526/3046/22 6513/3018/51 6516/3021/699
f 7493/3047/22 7491/3044/699 7492/3045/22
f 6527/3048/29 6519/3042/701 6524/3041/29
f 6519/3042/701 6527/3048/29 6525/3049/15
f 6524/3041/29 6528/3050/29 6527/3048/29
f 6528/3050/29 6525/3049/15 6527/3048/29
f 6523/3039/26 6529/3051/28 6524/3041/29
f 6529/3051/28 6528/3050/29 6524/3041/29
f 6523/3039/26 6521/3040/841 6530/3052/28
f 6530/3052/28 6529/3051/28 6523/3039/26
f 6531/3053/722 6530/3052/28 6521/3040/841
f 6530/3052/28 6531/3053/722 6529/3051/28
f 7480/3054/839 7483/3034/133 7481/3035/839
f 6525/3049/15 6528/3050/29 6532/3055/714
f 7490/3056/22 7487/3058/842 7489/3057/22
f 6533/3059/28 6528/3050/29 6529/3051/28
f 6533/3059/28 6532/3055/714 6528/3050/29
f 6529/3051/28 6534/3060/1 6533/3059/28
f 6534/3060/1 6529/3051/28 6531/3053/722
f 6532/3055/714 6533/3059/28 6534/3060/1
f 7481/3035/839 7479/3061/197 7480/3054/839
f 7482/3062/1 7480/3054/839 7479/3061/197
f 7487/3058/842 7485/3064/1 7486/3063/718
f 7486/3063/718 7489/3057/22 7487/3058/842
f 7488/3065/197 7486/3063/718 7485/3064/1
f 6520/3031/712 6537/3067/53 6535/3066/843
f 6537/3067/53 6520/3031/712 6509/3014/106
f 6538/3068/53 6535/3066/843 6537/3067/53
f 6537/3067/53 6509/3014/106 6538/3068/53
f 6535/3066/843 6538/3068/53 6536/3069/718
f 6538/3068/53 6509/3014/106 6513/3018/51
f 6513/3018/51 6526/3046/22 6539/3070/53
f 6536/3069/718 6539/3070/53 6526/3046/22
f 6539/3070/53 6538/3068/53 6513/3018/51
f 6539/3070/53 6536/3069/718 6538/3068/53
f 6540/3071/51 6542/3073/51 6541/3072/106
f 6540/3071/51 6543/3074/844 6542/3073/51
f 6541/3072/106 6544/3075/31 6540/3071/51
f 6543/3074/844 6540/3071/51 6544/3075/31
f 6541/3072/106 6542/3073/51 6545/3076/51
f 6546/3077/11 6542/3073/51 6543/3074/844
f 6545/3076/51 6542/3073/51 6547/3078/51
f 6542/3073/51 6546/3077/11 6547/3078/51
f 6547/3078/51 6548/3079/699 6545/3076/51
f 6548/3079/699 6547/3078/51 6546/3077/11
f 7506/3080/65 7509/3082/845 7507/3081/65
f 7518/3083/846 7516/3085/31 7515/3084/836
f 7510/3086/836 7507/3081/65 7509/3082/845
f 7508/3087/838 7506/3080/65 7505/3088/701
f 7507/3081/65 7505/3088/701 7506/3080/65
f 6544/3075/31 6541/3072/106 6552/3089/712
f 7517/3090/133 7515/3084/836 7516/3085/31
f 7504/3091/31 7501/3093/839 7503/3092/133
f 6550/3094/840 6554/3096/26 6549/3095/11
f 6554/3096/26 6550/3094/840 6555/3097/26
f 6553/3098/841 6555/3097/26 6550/3094/840
f 6556/3099/29 6549/3095/11 6554/3096/26
f 6549/3095/11 6556/3099/29 6551/3100/847
f 6554/3096/26 6555/3097/26 6556/3099/29
f 7514/3101/699 7512/3103/22 7511/3102/699
f 6558/3104/22 6545/3076/51 6548/3079/699
f 7513/3105/22 7511/3102/699 7512/3103/22
f 6559/3106/29 6551/3100/847 6556/3099/29
f 6551/3100/847 6559/3106/29 6557/3107/15
f 6556/3099/29 6560/3108/29 6559/3106/29
f 6560/3108/29 6557/3107/15 6559/3106/29
f 6555/3097/26 6561/3109/28 6556/3099/29
f 6561/3109/28 6560/3108/29 6556/3099/29
f 6555/3097/26 6553/3098/841 6562/3110/37
f 6562/3110/37 6561/3109/28 6555/3097/26
f 6563/3111/722 6562/3110/37 6553/3098/841
f 6562/3110/37 6563/3111/722 6561/3109/28
f 7500/3112/839 7503/3092/133 7501/3093/839
f 6557/3107/15 6560/3108/29 6564/3113/714
f 7524/3114/22 7522/3116/842 7523/3115/80
f 6565/3117/29 6560/3108/29 6561/3109/28
f 6565/3117/29 6564/3113/714 6560/3108/29
f 6561/3109/28 6566/3118/1 6565/3117/29
f 6566/3118/1 6561/3109/28 6563/3111/722
f 6564/3113/714 6565/3117/29 6566/3118/1
f 7501/3093/839 7499/3119/3 7500/3112/839
f 7502/3120/1 7500/3112/839 7499/3119/3
f 7522/3116/842 7520/3122/1 7519/3121/718
f 7519/3121/718 7523/3115/80 7522/3116/842
f 7521/3123/1 7519/3121/718 7520/3122/1
f 6552/3089/712 6569/3125/53 6567/3124/1
f 6569/3125/53 6552/3089/712 6541/3072/106
f 6570/3126/51 6567/3124/1 6569/3125/53
f 6569/3125/53 6541/3072/106 6570/3126/51
f 6567/3124/1 6570/3126/51 6568/3127/718
f 6570/3126/51 6541/3072/106 6545/3076/51
f 6545/3076/51 6558/3104/22 6571/3128/106
f 6568/3127/718 6571/3128/106 6558/3104/22
f 6571/3128/106 6570/3126/51 6545/3076/51
f 6571/3128/106 6568/3127/718 6570/3126/51
f 6572/3129/848 6574/3131/849 6573/3130/848
f 6572/3129/848 6575/3132/1 6574/3131/849
f 6572/3129/848 6573/3130/848 7551/3133/22
f 6575/3132/1 6572/3129/848 7551/3133/22
f 6577/3134/848 6573/3130/848 6574/3131/849
f 6577/3134/848 7547/3135/42 6573/3130/848
f 6577/3134/848 6574/3131/849 7549/3136/31
f 7549/3136/31 7547/3135/42 6577/3134/848
f 7548/3137/11 6573/3130/848 7547/3135/42
f 7552/3138/22 7551/3133/22 6573/3130/848
f 7552/3138/22 6573/3130/848 7548/3137/11
f 6578/3139/12 6579/3141/31 6582/3140/11
f 6578/3139/12 6582/3140/11 6580/3142/77
f 7550/3143/169 7549/3136/31 6574/3131/849
f 6584/3144/3 6574/3131/849 6575/3132/1
f 7550/3143/169 6574/3131/849 6584/3144/3
f 6584/3144/3 6575/3132/1 6585/3145/1
f 6584/3144/3 6585/3145/1 7550/3143/169
f 6575/3132/1 7551/3133/22 6586/3146/1
f 6586/3146/1 6585/3145/1 6575/3132/1
f 6576/3147/22 7537/3149/14 7536/3148/14
f 7554/3150/22 6586/3146/1 7551/3133/22
f 6581/3151/14 6580/3142/77 6588/3152/80
f 7534/3153/14 7536/3148/14 7537/3149/14
f 7533/3154/31 6583/3156/33 7532/3155/33
f 6589/3157/33 6582/3140/11 6579/3141/31
f 6586/3146/1 7554/3150/22 7555/3158/51
f 6586/3146/1 7555/3158/51 6585/3145/1
f 6591/3159/11 6580/3142/77 6582/3140/11
f 6591/3159/11 6588/3152/80 6580/3142/77
f 7553/3160/169 7550/3143/169 6585/3145/1
f 7530/3161/33 7532/3155/33 6583/3156/33
f 6582/3140/11 6593/3162/37 6591/3159/11
f 6589/3157/33 6593/3162/37 6582/3140/11
f 6594/3163/28 6591/3159/11 6593/3162/37
f 6588/3152/80 6591/3159/11 6594/3163/28
f 7536/3148/14 7534/3153/14 7535/3164/14
f 6587/3165/22 6595/3167/22 6590/3166/850
f 7556/3168/51 6585/3145/1 7555/3158/51
f 7556/3168/51 7553/3160/169 6585/3145/1
f 7526/3169/27 7527/3171/31 6597/3170/26
f 7526/3169/27 6597/3170/26 7525/3172/29
f 7528/3173/22 7525/3172/29 6598/3174/14
f 7538/3175/14 7535/3164/14 7534/3153/14
f 6599/3176/51 6590/3166/850 6595/3167/22
f 6590/3166/850 6599/3176/51 6596/3177/106
f 7532/3155/33 7530/3161/33 7529/3178/33
f 6600/3179/33 6597/3170/26 7527/3171/31
f 6601/3180/851 7525/3172/29 6597/3170/26
f 6601/3180/851 6598/3174/14 7525/3172/29
f 7544/3181/852 7543/3183/22 7539/3182/1
f 6595/3167/22 6602/3184/3 6599/3176/51
f 6603/3185/51 6596/3177/106 6599/3176/51
f 6599/3176/51 6602/3184/3 6603/3185/51
f 6592/3186/33 6596/3177/106 6604/3187/31
f 7531/3188/62 7529/3178/33 7530/3161/33
f 6603/3185/51 6604/3187/31 6596/3177/106
f 7542/3189/33 6605/3191/3 7546/3190/29
f 7546/3190/29 6605/3191/3 7545/3192/29
f 7542/3189/33 7541/3193/31 6605/3191/3
f 7543/3183/22 7545/3192/29 6606/3194/1
f 6606/3194/1 7539/3182/1 7543/3183/22
f 6606/3194/1 7545/3192/29 6605/3191/3
f 6606/3194/1 6605/3191/3 7539/3182/1
f 6603/3185/51 6607/3195/1 6604/3187/31
f 7540/3196/1 6605/3191/3 7541/3193/31
f 7540/3196/1 7539/3182/1 6605/3191/3
f 6607/3195/1 6603/3185/51 6602/3184/3
f 6608/3197/849 6610/3199/848 6609/3198/848
f 6608/3197/849 7583/3200/31 6610/3199/848
f 6608/3197/849 6609/3198/848 6612/3201/3
f 7583/3200/31 6608/3197/849 6612/3201/3
f 6613/3202/849 6609/3198/848 6610/3199/848
f 6613/3202/849 7581/3203/122 6609/3198/848
f 6613/3202/849 6610/3199/848 7579/3204/11
f 6613/3202/849 7579/3204/11 7581/3203/122
f 7580/3205/853 7579/3204/11 6610/3199/848
f 7584/3206/31 6610/3199/848 7583/3200/31
f 7580/3205/853 6610/3199/848 7584/3206/31
f 6615/3207/77 6618/3209/11 6614/3208/14
f 6615/3207/77 6616/3210/11 6618/3209/11
f 7582/3211/22 6609/3198/848 7581/3203/122
f 6620/3212/232 6612/3201/3 6609/3198/848
f 6620/3212/232 6609/3198/848 7582/3211/22
f 6620/3212/232 6621/3213/1 6612/3201/3
f 6620/3212/232 7582/3211/22 6621/3213/1
f 6612/3201/3 6622/3214/1 7583/3200/31
f 6622/3214/1 6612/3201/3 6621/3213/1
f 6611/3215/33 7563/3217/31 7564/3216/33
f 7586/3218/31 7583/3200/31 6622/3214/1
f 6617/3219/169 6624/3220/173 6616/3210/11
f 7562/3221/173 7564/3216/33 7563/3217/31
f 7570/3222/22 7569/3224/14 6619/3223/22
f 6625/3225/22 6614/3208/14 6618/3209/11
f 7587/3226/53 7586/3218/31 6622/3214/1
f 6622/3214/1 6621/3213/1 7587/3226/53
f 6627/3227/11 6618/3209/11 6616/3210/11
f 6627/3227/11 6616/3210/11 6624/3220/173
f 7585/3228/22 6621/3213/1 7582/3211/22
f 7566/3229/14 6619/3223/22 7569/3224/14
f 6618/3209/11 6627/3227/11 6629/3230/29
f 6618/3209/11 6629/3230/29 6625/3225/22
f 6630/3231/37 6629/3230/29 6627/3227/11
f 6630/3231/37 6627/3227/11 6624/3220/173
f 7563/3217/31 7561/3232/33 7562/3221/173
f 6623/3233/31 6626/3235/51 6631/3234/31
f 7588/3236/51 7587/3226/53 6621/3213/1
f 6621/3213/1 7585/3228/22 7588/3236/51
f 7558/3237/29 6633/3239/851 7559/3238/14
f 7558/3237/29 7557/3240/27 6633/3239/851
f 7560/3241/173 6634/3242/169 7557/3240/27
f 7565/3243/31 7562/3221/173 7561/3232/33
f 6635/3244/46 6631/3234/31 6626/3235/51
f 6626/3235/51 6632/3245/850 6635/3244/46
f 7569/3224/14 7567/3246/14 7566/3229/14
f 6636/3247/22 7559/3238/14 6633/3239/851
f 6637/3248/26 6633/3239/851 7557/3240/27
f 6637/3248/26 7557/3240/27 6634/3242/169
f 7576/3249/31 7571/3251/1 7575/3250/31
f 6635/3244/46 6638/3252/220 6631/3234/31
f 6639/3253/51 6635/3244/46 6632/3245/850
f 6635/3244/46 6639/3253/51 6638/3252/220
f 6628/3254/22 6640/3255/22 6632/3245/850
f 7568/3256/22 7566/3229/14 7567/3246/14
f 6639/3253/51 6632/3245/850 6640/3255/22
f 7578/3257/29 6641/3259/1 7574/3258/22
f 7578/3257/29 7577/3260/29 6641/3259/1
f 7574/3258/22 6641/3259/1 7573/3261/22
f 6642/3262/1 7577/3260/29 7575/3250/31
f 6642/3262/1 7575/3250/31 7571/3251/1
f 6642/3262/1 6641/3259/1 7577/3260/29
f 6642/3262/1 7571/3251/1 6641/3259/1
f 6640/3255/22 6643/3263/220 6639/3253/51
f 6643/3263/220 6638/3252/220 6639/3253/51
f 7572/3264/1 6641/3259/1 7571/3251/1
f 7572/3264/1 7573/3261/22 6641/3259/1
f 6644/3265/33 6646/3267/33 6645/3266/33
f 6647/3268/31 6645/3266/33 6646/3267/33
f 7600/3269/31 6648/3271/854 7602/3270/31
f 7589/3272/173 6649/3274/853 7592/3273/33
f 7599/3275/855 7602/3270/31 6648/3271/854
f 6649/3274/853 7589/3272/173 6650/3276/856
f 7597/3277/119 6651/3278/857 7600/3269/31
f 6652/3279/858 6648/3271/854 7600/3269/31
f 6652/3279/858 7600/3269/31 6651/3278/857
f 7592/3273/33 6653/3281/859 7594/3280/33
f 6654/3282/12 7592/3273/33 6649/3274/853
f 6653/3281/859 7592/3273/33 6654/3282/12
f 7595/3283/860 6651/3278/857 7597/3277/119
f 6655/3284/861 7594/3280/33 6653/3281/859
f 7599/3275/855 6648/3271/854 7598/3285/856
f 6648/3271/854 6652/3279/858 6657/3286/854
f 6657/3286/854 7598/3285/856 6648/3271/854
f 6649/3274/853 6650/3276/856 6658/3287/11
f 6656/3288/856 6658/3287/11 6650/3276/856
f 6654/3282/12 6649/3274/853 6659/3289/11
f 6658/3287/11 6659/3289/11 6649/3274/853
f 6652/3279/858 6651/3278/857 6660/3290/857
f 6660/3290/857 6657/3286/854 6652/3279/858
f 6653/3281/859 6654/3282/12 6661/3291/862
f 6659/3289/11 6661/3291/862 6654/3282/12
f 6655/3284/861 6653/3281/859 6662/3292/862
f 6661/3291/862 6662/3292/862 6653/3281/859
f 6651/3278/857 7595/3283/860 6663/3293/863
f 6663/3293/863 6660/3290/857 6651/3278/857
f 7596/3294/864 6663/3293/863 7595/3283/860
f 7607/3295/677 7605/3297/11 7606/3296/865
f 6658/3287/11 7590/3298/22 6659/3289/11
f 6657/3286/854 7601/3299/22 7598/3285/856
f 7601/3299/22 6657/3286/854 6660/3290/857
f 7603/3300/22 7598/3285/856 7601/3299/22
f 7591/3301/80 6661/3291/862 6659/3289/11
f 7591/3301/80 6659/3289/11 7590/3298/22
f 6661/3291/862 7591/3301/80 6662/3292/862
f 6664/3302/22 6665/3304/14 6666/3303/22
f 7610/3305/22 7608/3307/866 7609/3306/862
f 6663/3293/863 7604/3308/24 6660/3290/857
f 7601/3299/22 6660/3290/857 7604/3308/24
f 6667/3309/14 6666/3303/22 6665/3304/14
f 7593/3310/22 6662/3292/862 7591/3301/80
f 7612/3311/14 7611/3313/14 6669/3312/14
f 6669/3312/14 7611/3313/14 6671/3314/122
f 6668/3315/22 6672/3317/867 6670/3316/22
f 7631/3318/14 7628/3320/1 7630/3319/14
f 7635/3321/868 7630/3319/14 6674/3322/1
f 6674/3322/1 7630/3319/14 7628/3320/1
f 7616/3323/14 7614/3325/246 7615/3324/14
f 6676/3326/28 6673/3327/232 7615/3324/14
f 6676/3326/28 7615/3324/14 7614/3325/246
f 6674/3322/1 7628/3320/1 6677/3328/1
f 7635/3321/868 6674/3322/1 7634/3329/869
f 6677/3328/1 7634/3329/869 6674/3322/1
f 6673/3327/232 6676/3326/28 6679/3330/1
f 7629/3331/3 6677/3328/1 7628/3320/1
f 7614/3325/246 6680/3332/37 6676/3326/28
f 6681/3333/26 6679/3330/1 6676/3326/28
f 6681/3333/26 6676/3326/28 6680/3332/37
f 7629/3331/3 7632/3334/31 6677/3328/1
f 6682/3335/31 6679/3330/1 6681/3333/26
f 7633/3336/31 7634/3329/869 6677/3328/1
f 7633/3336/31 6677/3328/1 7632/3334/31
f 7638/3337/33 7636/3339/33 7637/3338/31
f 6682/3335/31 6681/3333/26 6685/3340/247
f 6680/3332/37 6685/3340/247 6681/3333/26
f 7639/3341/33 7636/3339/33 7638/3337/33
f 6678/3342/870 6683/3344/33 6686/3343/871
f 6678/3342/870 6686/3343/871 6672/3317/867
f 6684/3345/31 6686/3343/871 6683/3344/33
f 7614/3325/246 7613/3346/872 6680/3332/37
f 6687/3347/873 6675/3348/29 6671/3314/122
f 6688/3349/873 6685/3340/247 6680/3332/37
f 6688/3349/873 6680/3332/37 7613/3346/872
f 6689/3350/874 6672/3317/867 6686/3343/871
f 6689/3350/874 6670/3316/22 6672/3317/867
f 6685/3340/247 6688/3349/873 6690/3351/31
f 7640/3352/31 7636/3339/33 7639/3341/33
f 6688/3349/873 7613/3346/872 6691/3353/875
f 6691/3353/875 6690/3351/31 6688/3349/873
f 6687/3347/873 6671/3314/122 6692/3354/876
f 7617/3355/872 6691/3353/875 7613/3346/872
f 6686/3343/871 6693/3356/12 6689/3350/874
f 6684/3345/31 6693/3356/12 6686/3343/871
f 6694/3357/22 6692/3354/876 6671/3314/122
f 6671/3314/122 7611/3313/14 6694/3357/22
f 7617/3355/872 7618/3358/29 6691/3353/875
f 6692/3354/876 6694/3357/22 6695/3359/29
f 6691/3353/875 6696/3360/26 6690/3351/31
f 6696/3360/26 6691/3353/875 7618/3358/29
f 6697/3361/12 6670/3316/22 6689/3350/874
f 6697/3361/12 6689/3350/874 6693/3356/12
f 7641/3362/33 7636/3339/33 7640/3352/31
f 6690/3351/31 6696/3360/26 6698/3363/33
f 7621/3364/12 7624/3366/31 6699/3365/12
f 7625/3367/31 6699/3365/12 7624/3366/31
f 7621/3364/12 6699/3365/12 7620/3368/42
f 6700/3369/27 6698/3363/33 6696/3360/26
f 6696/3360/26 7618/3358/29 6700/3369/27
f 7625/3367/31 7626/3370/28 6699/3365/12
f 6694/3357/22 7611/3313/14 6701/3371/877
f 7623/3372/24 7620/3368/42 7622/3373/80
f 6695/3359/29 6694/3357/22 6702/3374/28
f 7619/3375/29 6700/3369/27 7618/3358/29
f 6701/3371/877 6702/3374/28 6694/3357/22
f 6703/3376/12 7620/3368/42 6699/3365/12
f 6699/3365/12 7626/3370/28 6703/3376/12
f 7627/3377/37 6703/3376/12 7626/3370/28
f 7627/3377/37 7622/3373/80 6703/3376/12
f 6703/3376/12 7622/3373/80 7620/3368/42
usemtl 盖板.002
f 979/3378/14 981/3380/14 980/3379/14
f 980/3379/14 981/3380/14 982/3381/14
f 982/3381/14 981/3380/14 983/3382/14
f 984/3383/14 980/3379/14 982/3381/14
f 985/3384/14 984/3383/14 982/3381/14
f 986/3385/14 980/3379/14 984/3383/14
f 987/3386/14 980/3379/14 986/3385/14
f 988/3387/14 986/3385/14 984/3383/14
f 3069/3388/14 3071/3390/14 3070/3389/14
f 3070/3389/14 3071/3390/14 3072/3391/14
f 3072/3391/14 3071/3390/14 3073/3392/14
f 3073/3392/14 3071/3390/14 3074/3393/14
f 3075/3394/14 3074/3393/14 3071/3390/14
f 3076/3395/878 3078/3397/880 3077/3396/879
f 3079/3398/881 3077/3396/879 3078/3397/880
f 3080/3399/882 3082/3401/884 3081/3400/883
f 3083/3402/885 3081/3400/883 3082/3401/884
f 3082/3401/884 3084/3403/886 3083/3402/885
f 3085/3404/887 3083/3402/885 3084/3403/886
f 3085/3404/887 3084/3403/886 3086/3405/888
f 3087/3406/886 3086/3405/888 3084/3403/886
f 3084/3403/886 7645/3407/31 3087/3406/886
f 7660/3408/886 3089/3410/890 7659/3409/889
f 3090/3411/891 7659/3409/889 3089/3410/890
f 7660/3408/886 7661/3412/119 3089/3410/890
f 7646/3413/31 3087/3406/886 7645/3407/31
f 7662/3414/892 3089/3410/890 7661/3412/119
f 3092/3415/893 7653/3417/33 3093/3416/894
f 7654/3418/31 3093/3416/894 7653/3417/33
f 3091/3419/33 3088/3421/33 3094/3420/33
f 3095/3422/33 3094/3420/33 3088/3421/33
f 3096/3423/33 3095/3422/33 3088/3421/33
f 3097/3424/895 7665/3426/897 3098/3425/896
f 7666/3427/896 3098/3425/896 7665/3426/897
f 3099/3428/898 3101/3430/899 3100/3429/897
f 3102/3431/900 3100/3429/897 3101/3430/899
f 3103/3432/901 3105/3434/903 3104/3433/902
f 3106/3435/904 3104/3433/902 3105/3434/903
f 3105/3434/903 3107/3436/905 3106/3435/904
f 3108/3437/906 3106/3435/904 3107/3436/905
f 3107/3436/905 3109/3438/907 3108/3437/906
f 3110/3439/908 3108/3437/906 3109/3438/907
f 3111/3440/909 3113/3442/911 3112/3441/910
f 3114/3443/912 3112/3441/910 3113/3442/911
f 3113/3442/911 7651/3444/888 3114/3443/912
f 7652/3445/887 3114/3443/912 7651/3444/888
f 3115/3446/888 3117/3448/913 3116/3447/886
f 3118/3449/886 3116/3447/886 3117/3448/913
f 3117/3448/913 3119/3450/914 3118/3449/886
f 3120/3451/915 3118/3449/886 3119/3450/914
f 3116/3447/886 3118/3449/886 7642/3452/916
f 3120/3451/915 7644/3453/917 3118/3449/886
f 7643/3454/169 7642/3452/916 3118/3449/886
f 7643/3454/169 3118/3449/886 7644/3453/917
f 3123/3455/169 3124/3457/33 3121/3456/918
f 3125/3458/33 3121/3456/918 3124/3457/33
f 3124/3457/33 3123/3455/169 3126/3459/62
f 3127/3460/31 3126/3459/62 3123/3455/169
f 3123/3455/169 3122/3461/919 3127/3460/31
f 3128/3462/920 3127/3460/31 3122/3461/919
f 3199/3463/896 3201/3465/922 3200/3464/921
f 3202/3466/896 3200/3464/921 3201/3465/922
f 7656/3467/921 3203/3469/923 7655/3468/921
f 3204/3470/924 7655/3468/921 3203/3469/923
f 3205/3471/925 3207/3473/926 3206/3472/925
f 3208/3474/926 3206/3472/925 3207/3473/926
f 3207/3473/926 3209/3475/927 3208/3474/926
f 3210/3476/927 3208/3474/926 3209/3475/927
f 3209/3475/927 3211/3477/928 3210/3476/927
f 3212/3478/929 3210/3476/927 3211/3477/928
f 3213/3479/930 3215/3481/931 3214/3480/930
f 3216/3482/931 3214/3480/930 3215/3481/931
f 3215/3481/931 3217/3483/932 3216/3482/931
f 3218/3484/932 3216/3482/931 3217/3483/932
f 3217/3483/932 3219/3485/933 3218/3484/932
f 3220/3486/934 3218/3484/932 3219/3485/933
f 3219/3485/933 3221/3487/935 3220/3486/934
f 3222/3488/936 3220/3486/934 3221/3487/935
f 3223/3489/14 3225/3491/14 3224/3490/14
f 3226/3492/14 3224/3490/14 3225/3491/14
f 3227/3493/117 3229/3495/281 3228/3494/16
f 3230/3496/281 3228/3494/16 3229/3495/281
f 3231/3497/937 3233/3499/937 3232/3498/938
f 3234/3500/938 3232/3498/938 3233/3499/937
f 3235/3501/939 3237/3503/939 3236/3502/940
f 3238/3504/941 3236/3502/940 3237/3503/939
f 3239/3505/942 3241/3507/942 3240/3506/943
f 3242/3508/942 3240/3506/943 3241/3507/942
f 3243/3509/944 3245/3511/945 3244/3510/945
f 3246/3512/946 3244/3510/945 3245/3511/945
f 3247/3513/14 3249/3515/14 3248/3514/14
f 3250/3516/14 3248/3514/14 3249/3515/14
f 3251/3517/62 3253/3519/33 3252/3518/33
f 3254/3520/33 3252/3518/33 3253/3519/33
f 3255/3521/947 3257/3523/937 3256/3522/948
f 3258/3524/949 3256/3522/948 3257/3523/937
f 3259/3525/939 3261/3527/939 3260/3526/950
f 3262/3528/941 3260/3526/950 3261/3527/939
f 3263/3529/943 3265/3531/951 3264/3530/942
f 3266/3532/951 3264/3530/942 3265/3531/951
f 3267/3533/944 3269/3535/945 3268/3534/945
f 3270/3536/952 3268/3534/945 3269/3535/945
f 3311/3537/953 3313/3469/954 7657/3538/31
f 7658/3467/897 7657/3538/31 3313/3469/954
f 3312/3539/31 3314/3541/921 3315/3540/31
f 3316/3542/921 3315/3540/31 3314/3541/921
f 3316/3542/921 3317/3543/955 3315/3540/31
f 7648/3433/956 7647/3465/958 3318/3432/957
f 3319/3463/921 3318/3432/957 7647/3465/958
f 3317/3543/955 3320/3544/904 3315/3540/31
f 3321/3545/31 3315/3540/31 3320/3544/904
f 3320/3544/904 3322/3546/906 3321/3545/31
f 3322/3546/906 3323/3547/959 3321/3545/31
f 3324/3548/31 3321/3545/31 3323/3547/959
f 3324/3548/31 3323/3547/959 3325/3549/960
f 7650/3550/910 7649/3439/959 3326/3551/960
f 3327/3438/961 3326/3551/960 7649/3439/959
f 3325/3549/960 3328/3552/911 3324/3548/31
f 3329/3553/31 3324/3548/31 3328/3552/911
f 3330/3554/889 3329/3553/31 3328/3552/911
f 3331/3431/900 3333/3416/963 3332/3429/962
f 3334/3418/119 3332/3429/962 3333/3416/963
f 7668/3555/31 3335/3556/31 7667/3427/921
f 3336/3425/921 7667/3427/921 3335/3556/31
f 3336/3425/921 3335/3556/31 3337/3395/878
f 3336/3425/921 3337/3395/878 3338/3424/921
f 3339/3396/964 3338/3424/921 3337/3395/878
f 3335/3556/31 7664/3557/31 3337/3395/878
f 3341/3397/965 3337/3395/878 7664/3557/31
f 3341/3397/965 7664/3557/31 7663/3558/966
f 3341/3397/965 7663/3558/966 3343/3398/967
f 3344/3559/968 3343/3398/967 7663/3558/966
f 3340/3560/31 3345/3407/31 3342/3399/966
f 3346/3401/969 3342/3399/966 3345/3407/31
f 3345/3407/31 3347/3403/888 3346/3401/969
f 3348/3561/22 3350/3563/14 3349/3562/14
f 3350/3563/14 3351/3564/14 3349/3562/14
f 3349/3562/14 3351/3564/14 3352/3565/14
f 3353/3566/14 3351/3564/14 3350/3563/14
f 3350/3563/14 3354/3567/14 3353/3566/14
f 3354/3567/14 3355/3568/14 3353/3566/14
f 3353/3566/14 3355/3568/14 3356/3569/14
f 3355/3568/14 3357/3570/14 3356/3569/14
f 3358/3571/14 3355/3568/14 3354/3567/14
f 3354/3567/14 3359/3572/14 3358/3571/14
f 3360/3573/14 3357/3570/14 3355/3568/14
f 3361/3574/14 3357/3570/14 3360/3573/14
f 3360/3573/14 3362/3575/14 3361/3574/14
f 3363/3576/15 3358/3571/14 3359/3572/14
f 3363/3576/15 3359/3572/14 3364/3577/15
f 3364/3577/15 3365/3578/14 3363/3576/15
f 3360/3573/14 3366/3579/14 3362/3575/14
f 3367/3580/14 3362/3575/14 3366/3579/14
f 3368/3581/14 3367/3580/14 3366/3579/14
f 3363/3576/15 3365/3578/14 3369/3582/15
f 3366/3579/14 3370/3583/14 3368/3581/14
f 3371/3584/14 3368/3581/14 3370/3583/14
f 3372/3585/14 3371/3584/14 3370/3583/14
f 3370/3583/14 3369/3582/15 3372/3585/14
f 3369/3582/15 3365/3578/14 3373/3586/14
f 3372/3585/14 3369/3582/15 3374/3587/14
f 3374/3587/14 3369/3582/15 3373/3586/14
f 6216/3588/970 6218/3590/972 6217/3589/971
f 6219/3591/973 6217/3589/971 6218/3590/972
f 6217/3589/971 6220/3592/974 6216/3588/970
f 6218/3590/972 6221/3593/975 6219/3591/973
f 6222/3594/976 6219/3591/973 6221/3593/975
f 6223/3595/977 6216/3588/970 6220/3592/974
f 6220/3592/974 6224/3596/978 6223/3595/977
f 6221/3593/975 6225/3597/979 6222/3594/976
f 6226/3598/979 6222/3594/976 6225/3597/979
f 6227/3599/978 6223/3595/977 6224/3596/978
f 6227/3599/978 6228/3600/33 6223/3595/977
f 6224/3596/978 6229/3601/980 6227/3599/978
f 6223/3595/977 6230/3602/247 6216/3588/970
f 6230/3602/247 6223/3595/977 6228/3600/33
f 6231/3603/31 6216/3588/970 6230/3602/247
f 6216/3588/970 6231/3603/31 6218/3590/972
f 6230/3602/247 6228/3600/33 6231/3603/31
f 6218/3590/972 6232/3604/31 6221/3593/975
f 6232/3604/31 6218/3590/972 6231/3603/31
f 6233/3605/31 6221/3593/975 6232/3604/31
f 6232/3604/31 6231/3603/31 6233/3605/31
f 6221/3593/975 6233/3605/31 6225/3597/979
f 6231/3603/31 6228/3600/33 6233/3605/31
f 6225/3597/979 6234/3606/981 6226/3598/979
f 6235/3607/981 6226/3598/979 6234/3606/981
f 6236/3608/982 6227/3599/978 6229/3601/980
f 6229/3601/980 6237/3609/983 6236/3608/982
f 6238/3610/31 6225/3597/979 6233/3605/31
f 6225/3597/979 6238/3610/31 6234/3606/981
f 6238/3610/31 6233/3605/31 6239/3611/169
f 6239/3611/169 6234/3606/981 6238/3610/31
f 6233/3605/31 6228/3600/33 6239/3611/169
f 6234/3606/981 6240/3612/984 6235/3607/981
f 6234/3606/981 6239/3611/169 6240/3612/984
f 6241/3613/985 6235/3607/981 6240/3612/984
f 6237/3609/983 6241/3613/985 6242/3614/986
f 6240/3612/984 6242/3614/986 6241/3613/985
f 6242/3614/986 6236/3608/982 6237/3609/983
f 6236/3608/982 6243/3615/33 6227/3599/978
f 6228/3600/33 6227/3599/978 6243/3615/33
f 6243/3615/33 6236/3608/982 6244/3616/173
f 6243/3615/33 6244/3616/173 6228/3600/33
f 6228/3600/33 6244/3616/173 6239/3611/169
f 6242/3614/986 6244/3616/173 6236/3608/982
f 6245/3617/31 6240/3612/984 6239/3611/169
f 6239/3611/169 6244/3616/173 6245/3617/31
f 6240/3612/984 6245/3617/31 6242/3614/986
f 6244/3616/173 6242/3614/986 6245/3617/31
usemtl 下盖板1.002
usemtl 上盖板1.002
usemtl 下盖板2.002
usemtl 上盖板2.002
usemtl 核心.002
usemtl 炮口.002
usemtl 液压杆1.002
usemtl 液压杆2.002
usemtl 辅助握柄.002
f 733/7208/62 735/7210/33 734/7209/62
f 734/7209/62 735/7210/33 736/7211/33
f 736/7211/33 735/7210/33 737/7212/33
f 738/7213/62 734/7209/62 736/7211/33
f 5826/7214/2549 5828/7216/106 5827/7215/2550
f 5829/7217/51 5827/7215/2550 5828/7216/106
f 5827/7215/2550 5830/7218/2551 5826/7214/2549
f 8236/7219/51 5831/7221/2552 8235/7220/51
f 5832/7222/2551 5826/7214/2549 5830/7218/2551
f 5833/7223/2553 8235/7220/51 5831/7221/2552
f 8234/7224/2551 5834/7226/37 8233/7225/2551
f 5831/7221/2552 8237/7227/2554 5833/7223/2553
f 5836/7228/37 8233/7225/2551 5834/7226/37
f 8238/7229/2555 5833/7223/2553 8237/7227/2554
f 5834/7226/37 5837/7230/2555 5836/7228/37
f 5835/7231/2555 5836/7228/37 5837/7230/2555
f 5838/7232/2556 5840/7234/2557 8223/7233/51
f 8224/7235/51 8223/7233/51 5840/7234/2557
f 5839/7236/51 5841/7238/51 5842/7237/2553
f 5840/7234/2557 5838/7232/2556 8226/7239/2551
f 8227/7240/2551 8226/7239/2551 5838/7232/2556
f 5845/7241/2553 5842/7237/2553 5841/7238/51
f 8232/7242/2553 8231/7244/2553 5846/7243/2555
f 5843/7245/2558 5844/7247/2559 5847/7246/28
f 5848/7248/29 5847/7246/28 5844/7247/2559
f 5846/7243/2555 5849/7250/2560 8228/7249/29
f 5849/7250/2560 5846/7243/2555 8231/7244/2553
f 8229/7251/29 8228/7249/29 5849/7250/2560
f 5840/7234/2557 5850/7252/122 8224/7235/51
f 8246/7253/2561 8240/7255/22 8245/7254/2562
f 8243/7256/22 8245/7254/2562 8240/7255/22
f 8225/7257/14 8224/7235/51 5850/7252/122
f 5841/7238/51 5852/7258/22 5845/7241/2553
f 8240/7255/22 8239/7259/14 8243/7256/22
f 8248/7260/2553 8244/7262/14 8247/7261/2563
f 5853/7263/80 5845/7241/2553 5852/7258/22
f 8241/7264/22 8247/7261/2563 8244/7262/14
f 8244/7262/14 8239/7259/14 8241/7264/22
f 5849/7250/2560 5854/7265/22 8229/7251/29
f 8241/7264/22 8239/7259/14 8240/7255/22
f 5851/7266/22 5843/7245/2558 5855/7267/23
f 5847/7246/28 5855/7267/23 5843/7245/2558
f 8242/7268/14 8241/7264/22 8240/7255/22
f 8230/7269/23 8229/7251/29 5854/7265/22
f 6204/7270/2564 6206/7272/2565 6205/7271/2564
f 6207/7273/2566 6205/7271/2564 6206/7272/2565
f 6205/7271/2564 6208/7274/2567 6204/7270/2564
f 6206/7272/2565 6209/7275/2568 6207/7273/2566
f 6210/7276/2567 6204/7270/2564 6208/7274/2567
f 6211/7277/2568 6207/7273/2566 6209/7275/2568
f 6208/7274/2567 6212/7278/2569 6210/7276/2567
f 6209/7275/2568 6213/7279/2570 6211/7277/2568
f 6214/7280/2571 6210/7276/2567 6212/7278/2569
f 6215/7281/2570 6211/7277/2568 6213/7279/2570
f 6212/7278/2569 6215/7281/2570 6214/7280/2571
f 6213/7279/2570 6214/7280/2571 6215/7281/2570
usemtl 发光.002
